k,split,draw,n_drugs,spearman,screen_auc,call_agreement
20,0,0,58,0.622237261097639,0.8161764705882354,0.8103448275862069
20,0,1,58,0.44764043751829025,0.6966911764705883,0.6551724137931034
20,0,2,58,0.3924759297425329,0.704656862745098,0.7068965517241379
20,0,3,58,0.4842034032605505,0.6642156862745099,0.6896551724137931
20,0,4,58,0.5745047375672561,0.7254901960784313,0.7586206896551724
20,0,5,58,0.586510805823198,0.7567401960784313,0.7586206896551724
20,0,6,58,0.5085517413504967,0.7052696078431373,0.7586206896551724
20,0,7,58,0.5779719151059689,0.7689950980392155,0.7413793103448276
20,0,8,58,0.5683391280329524,0.8088235294117647,0.7586206896551724
20,0,9,58,0.5785345148547539,0.7941176470588236,0.7758620689655172
20,0,10,58,0.6040881616291989,0.7830882352941176,0.7931034482758621
20,0,11,58,0.5048911039671972,0.6954656862745098,0.8103448275862069
20,0,12,58,0.60800418387325,0.8063725490196079,0.7758620689655172
20,0,13,58,0.5975204603063536,0.772671568627451,0.7586206896551724
20,0,14,58,0.5446575511664423,0.7524509803921569,0.7068965517241379
20,0,15,58,0.676018211221783,0.8400735294117647,0.7758620689655172
20,0,16,58,0.5768118619684953,0.8419117647058824,0.8103448275862069
20,0,17,58,0.5674910793874888,0.8057598039215687,0.8103448275862069
20,0,18,58,0.5754979626214409,0.7659313725490196,0.7586206896551724
20,0,19,58,0.4732608395287312,0.6654411764705882,0.7586206896551724
20,0,20,58,0.4066998894504547,0.7107843137254902,0.6896551724137931
20,0,21,58,0.4952934664580419,0.7542892156862745,0.7586206896551724
20,0,22,58,0.5928079244837541,0.7714460784313726,0.8275862068965517
20,0,23,58,0.6193859975860302,0.7849264705882353,0.7586206896551724
20,0,24,58,0.4823268843533782,0.7150735294117647,0.7758620689655172
20,0,25,58,0.5158501889672301,0.696078431372549,0.7068965517241379
20,0,26,58,0.6440777028308466,0.8167892156862745,0.7931034482758621
20,0,27,58,0.5742147855947545,0.7432598039215687,0.7413793103448276
20,0,28,58,0.5796856255190871,0.7953431372549019,0.7586206896551724
20,0,29,58,0.5804635711346869,0.7493872549019608,0.7241379310344828
20,0,30,58,0.5586846517725588,0.7818627450980392,0.7068965517241379
20,0,31,58,0.6180822603755388,0.8198529411764706,0.7758620689655172
20,0,32,58,0.6040144588449856,0.8075980392156863,0.6724137931034483
20,0,33,58,0.5545848841859178,0.7316176470588236,0.7241379310344828
20,0,34,58,0.5109976322465696,0.7034313725490196,0.7413793103448276
20,0,35,58,0.5953270901890867,0.8504901960784315,0.8103448275862069
20,0,36,58,0.5749046391301375,0.8033088235294118,0.7413793103448276
20,0,37,58,0.5229628718201114,0.7205882352941176,0.7068965517241379
20,0,38,58,0.6163926358450905,0.8198529411764706,0.7586206896551724
20,0,39,58,0.5151883354193819,0.7371323529411765,0.7586206896551724
20,0,40,58,0.5287621511053525,0.743872549019608,0.7068965517241379
20,0,41,58,0.605441653792947,0.7904411764705882,0.7413793103448276
20,0,42,58,0.5454433598054719,0.7365196078431373,0.7931034482758621
20,0,43,58,0.4204746451425563,0.7034313725490196,0.7931034482758621
20,0,44,58,0.5590094599506533,0.8045343137254901,0.7241379310344828
20,0,45,58,0.5454209872814206,0.7095588235294118,0.8275862068965517
20,0,46,58,0.6272513343406148,0.8026960784313726,0.8103448275862069
20,0,47,58,0.5939984927721678,0.7426470588235294,0.7758620689655172
20,0,48,58,0.6131200498721369,0.8039215686274509,0.6724137931034483
20,0,49,58,0.5132275134703416,0.6881127450980392,0.7586206896551724
20,0,50,58,0.5337763014707125,0.7322303921568627,0.8448275862068966
20,0,51,58,0.5079286956320059,0.7346813725490196,0.7068965517241379
20,0,52,58,0.6842728608376806,0.8419117647058824,0.7586206896551724
20,0,53,58,0.5597169889831685,0.7696078431372548,0.8448275862068966
20,0,54,58,0.595545712106558,0.8014705882352942,0.7586206896551724
20,0,55,58,0.5575464879075889,0.8235294117647058,0.6896551724137931
20,0,56,58,0.600089207509034,0.8082107843137255,0.7068965517241379
20,0,57,58,0.5075214578775453,0.7518382352941178,0.7241379310344828
20,0,58,58,0.4776831031406688,0.7671568627450981,0.7241379310344828
20,0,59,58,0.4839964932820967,0.6862745098039216,0.6379310344827587
20,0,60,58,0.611880152867332,0.7787990196078431,0.7241379310344828
20,0,61,58,0.6560438040058012,0.857843137254902,0.7068965517241379
20,0,62,58,0.6301315087843486,0.7787990196078431,0.7931034482758621
20,0,63,58,0.5034915566178799,0.7310049019607843,0.6896551724137931
20,0,64,58,0.5820900124838716,0.8223039215686274,0.7413793103448276
20,0,65,58,0.6351667284905068,0.8045343137254901,0.7413793103448276
20,0,66,58,0.6133780396621971,0.7892156862745099,0.7413793103448276
20,0,67,58,0.577928171037471,0.7806372549019607,0.7413793103448276
20,0,68,58,0.5552872419969868,0.7518382352941176,0.7068965517241379
20,0,69,58,0.6228197015510232,0.7916666666666667,0.7413793103448276
20,0,70,58,0.5966439547285844,0.8137254901960784,0.7413793103448276
20,0,71,58,0.5264016001912603,0.6911764705882353,0.7241379310344828
20,0,72,58,0.4679083932448184,0.701593137254902,0.7068965517241379
20,0,73,58,0.6556539931735113,0.8388480392156863,0.7068965517241379
20,0,74,58,0.6728394113104932,0.8075980392156862,0.8103448275862069
20,0,75,58,0.7198535748453287,0.889093137254902,0.7413793103448276
20,0,76,58,0.6536852470177871,0.8223039215686274,0.7241379310344828
20,0,77,58,0.6004675774958683,0.7432598039215687,0.7931034482758621
20,0,78,58,0.42692792765080445,0.6629901960784313,0.6724137931034483
20,0,79,58,0.6500453728255541,0.8125,0.8275862068965517
20,0,80,58,0.5168107293364915,0.6973039215686275,0.7068965517241379
20,0,81,58,0.4486418318393818,0.7824754901960784,0.7068965517241379
20,0,82,58,0.509767128045145,0.7653186274509803,0.7931034482758621
20,0,83,58,0.5274086381232922,0.7751225490196079,0.8103448275862069
20,0,84,58,0.6517272140022763,0.8590686274509804,0.6896551724137931
20,0,85,58,0.618780282132258,0.7977941176470588,0.7068965517241379
20,0,86,58,0.6388679542293181,0.7683823529411764,0.7931034482758621
20,0,87,58,0.6545258793401965,0.8835784313725491,0.7931034482758621
20,0,88,58,0.6094567182788021,0.7916666666666666,0.7586206896551724
20,0,89,58,0.6901579587693608,0.8633578431372549,0.7931034482758621
20,0,90,58,0.5612626412901648,0.8247549019607843,0.7931034482758621
20,0,91,58,0.43383834545917144,0.6636029411764706,0.7241379310344828
20,0,92,58,0.5335220020010605,0.789828431372549,0.7413793103448276
20,0,93,58,0.4753291499726516,0.6488970588235294,0.7758620689655172
20,0,94,58,0.5921619296514071,0.7977941176470589,0.7413793103448276
20,0,95,58,0.578872893100269,0.795343137254902,0.7931034482758621
20,0,96,58,0.612362920539386,0.7843137254901961,0.7068965517241379
20,0,97,58,0.4656013043293387,0.6685049019607844,0.6896551724137931
20,0,98,58,0.6796480869463994,0.8780637254901961,0.8275862068965517
20,0,99,58,0.538566836429576,0.735906862745098,0.7931034482758621
20,0,100,58,0.5665287540851898,0.7561274509803921,0.7758620689655172
20,0,101,58,0.4792592707089784,0.741421568627451,0.6896551724137931
20,0,102,58,0.5491963398909869,0.7444852941176471,0.7931034482758621
20,0,103,58,0.5292850993029669,0.7665441176470588,0.8275862068965517
20,0,104,58,0.6645747793176333,0.8412990196078431,0.7586206896551724
20,0,105,58,0.4910483575597617,0.698529411764706,0.7068965517241379
20,0,106,58,0.5386756907988054,0.7408088235294117,0.6551724137931034
20,0,107,58,0.6290240720378032,0.8321078431372549,0.7758620689655172
20,0,108,58,0.5139042699613718,0.7218137254901962,0.7586206896551724
20,0,109,58,0.5691302013288045,0.8137254901960784,0.8103448275862069
20,0,110,58,0.41575021193226275,0.7058823529411764,0.7413793103448276
20,0,111,58,0.5254933325751912,0.7579656862745098,0.7758620689655172
20,0,112,58,0.42534145461246786,0.6740196078431372,0.7241379310344828
20,0,113,58,0.6628624170711357,0.7892156862745098,0.7413793103448276
20,0,114,58,0.6306237028939243,0.8517156862745098,0.7758620689655172
20,0,115,58,0.4263127134024424,0.6580882352941176,0.6724137931034483
20,0,116,58,0.567706410998271,0.7591911764705883,0.7068965517241379
20,0,117,58,0.6019226338792887,0.7604166666666667,0.7413793103448276
20,0,118,58,0.44170665703192497,0.6825980392156863,0.7413793103448276
20,0,119,58,0.569473068996278,0.7242647058823529,0.7758620689655172
20,0,120,58,0.5689763906695621,0.8455882352941176,0.6551724137931034
20,0,121,58,0.6365510031312503,0.835171568627451,0.7413793103448276
20,0,122,58,0.6975606755052448,0.8321078431372549,0.7758620689655172
20,0,123,58,0.6577150243052851,0.8112745098039216,0.7758620689655172
20,0,124,58,0.4637627663077721,0.6930147058823529,0.7413793103448276
20,0,125,58,0.4818962078828796,0.7052696078431372,0.7241379310344828
20,0,126,58,0.5969084063879857,0.8075980392156863,0.6724137931034483
20,0,127,58,0.6991094637614219,0.8339460784313726,0.8275862068965517
20,0,128,58,0.3903466952968949,0.6274509803921569,0.7241379310344828
20,0,129,58,0.6163075095518894,0.7886029411764706,0.6896551724137931
20,0,130,58,0.5535030383497747,0.7628676470588236,0.7931034482758621
20,0,131,58,0.6403642367391499,0.7751225490196079,0.8103448275862069
20,0,132,58,0.5496885340005626,0.7334558823529411,0.7758620689655172
20,0,133,58,0.6758028796110006,0.8100490196078431,0.7586206896551724
20,0,134,58,0.5200098434279739,0.7389705882352942,0.7241379310344828
20,0,135,58,0.622093023550151,0.7696078431372549,0.7758620689655172
20,0,136,58,0.42817811319905036,0.6446078431372549,0.7241379310344828
20,0,137,58,0.5659048263557785,0.7598039215686275,0.8103448275862069
20,0,138,58,0.5148271197218675,0.7242647058823529,0.6896551724137931
20,0,139,58,0.4047373687305055,0.7181372549019608,0.7413793103448276
20,0,140,58,0.5069443376947346,0.7879901960784313,0.7931034482758621
20,0,141,58,0.6334343326341003,0.8247549019607843,0.6896551724137931
20,0,142,58,0.5616992479554523,0.7622549019607843,0.7758620689655172
20,0,143,58,0.5811710784021007,0.7824754901960784,0.8448275862068966
20,0,144,58,0.6393810757301038,0.8400735294117647,0.8103448275862069
20,0,145,58,0.4837196426122391,0.7696078431372549,0.7586206896551724
20,0,146,58,0.55294081483034,0.7659313725490197,0.7241379310344828
20,0,147,58,0.4032424296299374,0.6568627450980392,0.5689655172413793
20,0,148,58,0.49070997931424654,0.7132352941176472,0.7758620689655172
20,0,149,58,0.6017903288192457,0.7254901960784313,0.7068965517241379
20,0,150,58,0.5520264560210474,0.7469362745098039,0.6379310344827587
20,0,151,58,0.5059677620211088,0.7794117647058824,0.8448275862068966
20,0,152,58,0.666143718784479,0.8143382352941176,0.7586206896551724
20,0,153,58,0.6229851116519635,0.803921568627451,0.6896551724137931
20,0,154,58,0.5594708919283806,0.7248774509803922,0.7758620689655172
20,0,155,58,0.5946137164829622,0.7261029411764706,0.7241379310344828
20,0,156,58,0.4194044544866122,0.6856617647058824,0.7413793103448276
20,0,157,58,0.49044066806038217,0.7291666666666666,0.7068965517241379
20,0,158,58,0.5469954012674617,0.758578431372549,0.6896551724137931
20,0,159,58,0.6741109883834251,0.8572303921568627,0.7758620689655172
20,0,160,58,0.49094796570523125,0.7310049019607843,0.7241379310344828
20,0,161,58,0.3991386607340814,0.6942401960784313,0.7241379310344828
20,0,162,58,0.44512120114575904,0.7285539215686274,0.6724137931034483
20,0,163,58,0.5467101418068843,0.8272058823529411,0.7586206896551724
20,0,164,58,0.5032222342444275,0.6930147058823529,0.7241379310344828
20,0,165,58,0.6455532666723414,0.7953431372549019,0.7413793103448276
20,0,166,58,0.5074828891044425,0.7389705882352942,0.7413793103448276
20,0,167,58,0.4531122630002088,0.6629901960784313,0.7068965517241379
20,0,168,58,0.48449612426024224,0.6274509803921569,0.6551724137931034
20,0,169,58,0.5646743978590545,0.7941176470588235,0.7586206896551724
20,0,170,58,0.4637177397028516,0.6973039215686274,0.7068965517241379
20,0,171,58,0.5356978067612046,0.7267156862745098,0.7241379310344828
20,0,172,58,0.6137045303772581,0.7561274509803921,0.7241379310344828
20,0,173,58,0.6181980374665478,0.7647058823529412,0.7931034482758621
20,0,174,58,0.5357593281860408,0.7769607843137255,0.7586206896551724
20,0,175,58,0.6091022348721746,0.775735294117647,0.7758620689655172
20,0,176,58,0.5188181553130701,0.6868872549019608,0.7586206896551724
20,0,177,58,0.5175877078914809,0.7763480392156863,0.7586206896551724
20,0,178,58,0.6913386573904168,0.8284313725490196,0.8275862068965517
20,0,179,58,0.5224332851828057,0.7720588235294117,0.6551724137931034
20,0,180,58,0.6870212582603479,0.821078431372549,0.7931034482758621
20,0,181,58,0.5328226900515336,0.7279411764705882,0.7068965517241379
20,0,182,58,0.48111974211029157,0.7665441176470589,0.6724137931034483
20,0,183,58,0.612689380026258,0.829656862745098,0.8275862068965517
20,0,184,58,0.5560255331613504,0.7377450980392157,0.8103448275862069
20,0,185,58,0.5366288817405731,0.7622549019607843,0.7413793103448276
20,0,186,58,0.6055954597206455,0.795343137254902,0.7413793103448276
20,0,187,58,0.5033375372973639,0.7254901960784315,0.8275862068965517
20,0,188,58,0.6076872203373471,0.7861519607843137,0.7068965517241379
20,0,189,58,0.6823348465312261,0.8259803921568627,0.7586206896551724
20,0,190,58,0.5767331715763065,0.8198529411764706,0.7068965517241379
20,0,191,58,0.4302940816604614,0.6299019607843137,0.6724137931034483
20,0,192,58,0.4902102527611219,0.8161764705882353,0.6551724137931034
20,0,193,58,0.6534083920896384,0.826593137254902,0.8275862068965517
20,0,194,58,0.6561461797124423,0.7487745098039216,0.8275862068965517
20,0,195,58,0.5628633843366133,0.7818627450980392,0.7241379310344828
20,0,196,58,0.5815927896890092,0.7561274509803921,0.7068965517241379
20,0,197,58,0.5874644319105011,0.7800245098039216,0.8103448275862069
20,0,198,58,0.516157810285715,0.7346813725490196,0.6896551724137931
20,0,199,58,0.41633469243738397,0.6813725490196079,0.7586206896551724
50,0,0,58,0.6239810514011505,0.7622549019607843,0.8103448275862069
50,0,1,58,0.662124334799594,0.7928921568627451,0.7758620689655172
50,0,2,58,0.7269063951521118,0.8480392156862746,0.7758620689655172
50,0,3,58,0.7029130394659941,0.8455882352941176,0.8103448275862069
50,0,4,58,0.7552677720015997,0.8872549019607843,0.8448275862068966
50,0,5,58,0.6681534344335416,0.8026960784313726,0.7241379310344828
50,0,6,58,0.6679688701590331,0.8198529411764706,0.8275862068965517
50,0,7,58,0.6740594912178167,0.8529411764705883,0.8793103448275862
50,0,8,58,0.7892891199360178,0.8946078431372549,0.8275862068965517
50,0,9,58,0.7235227167861209,0.8639705882352942,0.8620689655172413
50,0,10,58,0.6844566120151343,0.8272058823529411,0.8103448275862069
50,0,11,58,0.6432471508212739,0.7769607843137255,0.7241379310344828
50,0,12,58,0.7206927312436557,0.8370098039215685,0.8448275862068966
50,0,13,58,0.7491156295179797,0.8529411764705882,0.8103448275862069
50,0,14,58,0.7346580946814729,0.8333333333333334,0.8793103448275862
50,0,15,58,0.5862068965517242,0.758578431372549,0.8275862068965517
50,0,16,58,0.6955304684856503,0.8137254901960784,0.8448275862068966
50,0,17,58,0.645759635793165,0.7549019607843137,0.7758620689655172
50,0,18,58,0.7190931741979145,0.8247549019607843,0.8448275862068966
50,0,19,58,0.7361346088775417,0.8590686274509804,0.8448275862068966
50,0,20,58,0.752622350733643,0.875,0.8103448275862069
50,0,21,58,0.6952228613614693,0.8125,0.8448275862068966
50,0,22,58,0.6695069057799379,0.7794117647058824,0.8275862068965517
50,0,23,58,0.6724599341720754,0.8075980392156863,0.7931034482758621
50,0,24,58,0.7049432464855887,0.8443627450980392,0.8448275862068966
50,0,25,58,0.6583100064597496,0.8125,0.8620689655172413
50,0,26,58,0.6088467808914456,0.7855392156862746,0.8103448275862069
50,0,27,58,0.744563044080101,0.8713235294117647,0.8448275862068966
50,0,28,58,0.7461626011258421,0.866421568627451,0.8620689655172413
50,0,29,58,0.7420406656618167,0.8627450980392156,0.8275862068965517
50,0,30,58,0.7077841180836255,0.8357843137254902,0.896551724137931
50,0,31,58,0.6937463471654004,0.8137254901960784,0.8103448275862069
50,0,32,58,0.7438247869820666,0.8553921568627452,0.7758620689655172
50,0,33,58,0.6324094866037099,0.7745098039215687,0.7931034482758621
50,0,34,58,0.6834107477929189,0.8480392156862745,0.7586206896551724
50,0,35,58,0.7179242671260267,0.829656862745098,0.7931034482758621
50,0,36,58,0.7262911809037498,0.8272058823529411,0.7931034482758621
50,0,37,58,0.6979913254790981,0.8357843137254902,0.8448275862068966
50,0,38,58,0.6767664339106094,0.8100490196078431,0.7931034482758621
50,0,39,58,0.6242271371004953,0.7990196078431373,0.7758620689655172
50,0,40,58,0.6685840844073949,0.8223039215686274,0.8103448275862069
50,0,41,58,0.6167215232704789,0.7598039215686274,0.8620689655172413
50,0,42,58,0.7432210038253934,0.8829656862745099,0.8793103448275862
50,0,43,58,0.7160171029561045,0.8333333333333333,0.7931034482758621
50,0,44,58,0.7188470884985696,0.814950980392157,0.8275862068965517
50,0,45,58,0.6666153988126365,0.8075980392156863,0.8448275862068966
50,0,46,58,0.6957872557231312,0.8247549019607844,0.7758620689655172
50,0,47,58,0.6954074256359778,0.8112745098039216,0.8448275862068966
50,0,48,58,0.6280414654403397,0.7892156862745098,0.7931034482758621
50,0,49,58,0.7052508536097697,0.803921568627451,0.8448275862068966
50,0,50,58,0.6707373342766619,0.821078431372549,0.7758620689655172
50,0,51,58,0.675720569688394,0.8161764705882353,0.896551724137931
50,0,52,58,0.6912854901719524,0.8284313725490196,0.8275862068965517
50,0,53,58,0.6986680611522964,0.8419117647058824,0.7413793103448276
50,0,54,58,0.6808883693746348,0.8112745098039216,0.8275862068965517
50,0,55,58,0.5982035743947831,0.7561274509803921,0.7931034482758621
50,0,56,58,0.667661263034852,0.7977941176470588,0.7758620689655172
50,0,57,58,0.6784275123811868,0.8186274509803921,0.7758620689655172
50,0,58,58,0.6872865975575995,0.803921568627451,0.9137931034482759
50,0,59,58,0.7044926712308744,0.8020833333333333,0.8793103448275862
50,0,60,58,0.6927620043680213,0.8321078431372548,0.7586206896551724
50,0,61,58,0.7208772955181643,0.8431372549019608,0.8103448275862069
50,0,62,58,0.6617552062505767,0.8149509803921569,0.8275862068965517
50,0,63,58,0.7088190962502692,0.8578431372549019,0.896551724137931
50,0,64,58,0.7090036605247779,0.803921568627451,0.8103448275862069
50,0,65,58,0.7158940601064322,0.8480392156862745,0.8620689655172413
50,0,66,58,0.6493893998585009,0.7879901960784313,0.8275862068965517
50,0,67,58,0.7700944353871236,0.883578431372549,0.896551724137931
50,0,68,58,0.7119566889169153,0.8688725490196078,0.8620689655172413
50,0,69,58,0.6436063859238982,0.8051470588235293,0.7758620689655172
50,0,70,58,0.6452059429696392,0.7904411764705883,0.8103448275862069
50,0,71,58,0.6079239595189025,0.7561274509803921,0.7586206896551724
50,0,72,58,0.6041096311790581,0.7965686274509803,0.7586206896551724
50,0,73,58,0.681872712172014,0.8688725490196079,0.8103448275862069
50,0,74,58,0.6879633332307977,0.8247549019607843,0.8103448275862069
50,0,75,58,0.6078102650795061,0.7604166666666667,0.7931034482758621
50,0,76,58,0.7104801747208466,0.8517156862745099,0.8275862068965517
50,0,77,58,0.6204743301854871,0.7610294117647058,0.8103448275862069
50,0,78,58,0.7409332800147652,0.8590686274509803,0.896551724137931
50,0,79,58,0.7282598664985082,0.8186274509803921,0.7758620689655172
50,0,80,58,0.7130025531391309,0.8308823529411765,0.8448275862068966
50,0,81,58,0.7106032175705189,0.8321078431372548,0.8448275862068966
50,0,82,58,0.6375772862899506,0.7720588235294118,0.8275862068965517
50,0,83,58,0.7154634101325787,0.8602941176470589,0.8103448275862069
50,0,84,58,0.7590205789166078,0.8578431372549019,0.896551724137931
50,0,85,58,0.8361069242363653,0.9044117647058824,0.8448275862068966
50,0,86,58,0.6922083115444955,0.7965686274509804,0.8275862068965517
50,0,87,58,0.6475437571134147,0.8137254901960784,0.8103448275862069
50,0,88,58,0.7321357162631887,0.8161764705882353,0.8448275862068966
50,0,89,58,0.5962964102248609,0.7977941176470588,0.7931034482758621
50,0,90,58,0.6709834199760067,0.8419117647058824,0.8103448275862069
50,0,91,58,0.6736903626687994,0.8161764705882353,0.8448275862068966
50,0,92,58,0.7381648158971363,0.8602941176470589,0.7758620689655172
50,0,93,58,0.7090036605247779,0.8149509803921569,0.896551724137931
50,0,94,58,0.7147251530345443,0.8529411764705882,0.9310344827586207
50,0,95,58,0.6439755144729152,0.7794117647058824,0.8448275862068966
50,0,96,58,0.6532037281983452,0.7916666666666667,0.6896551724137931
50,0,97,58,0.7493617152173244,0.8480392156862745,0.7758620689655172
50,0,98,58,0.7045741179365714,0.7879901960784315,0.8275862068965517
50,0,99,58,0.7489310652434711,0.9068627450980393,0.896551724137931
50,0,100,58,0.6005813864776697,0.789828431372549,0.7413793103448276
50,0,101,58,0.7527262101571696,0.9050245098039216,0.8793103448275862
50,0,102,58,0.680027069426928,0.8284313725490196,0.7758620689655172
50,0,103,58,0.7437439439795687,0.8155637254901962,0.8793103448275862
50,0,104,58,0.671660155649205,0.7634803921568627,0.8448275862068966
50,0,105,58,0.6135224091789967,0.7904411764705882,0.7931034482758621
50,0,106,58,0.6998984896490204,0.7855392156862745,0.7931034482758621
50,0,107,58,0.6989756682764774,0.8296568627450981,0.8275862068965517
50,0,108,58,0.7426558799101787,0.875,0.8793103448275862
50,0,109,58,0.6917776615706421,0.8075980392156863,0.8620689655172413
50,0,110,58,0.6285336368390292,0.7450980392156863,0.7413793103448276
50,0,111,58,0.672890584145929,0.7879901960784313,0.8275862068965517
50,0,112,58,0.6781199052570058,0.8590686274509804,0.7068965517241379
50,0,113,58,0.7433941370082132,0.8566176470588235,0.8448275862068966
50,0,114,58,0.6859331262112032,0.795343137254902,0.7931034482758621
50,0,115,58,0.6656412938941967,0.8149509803921569,0.8275862068965517
50,0,116,58,0.7728013780799164,0.8627450980392157,0.8103448275862069
50,0,117,58,0.7256144452305516,0.8627450980392157,0.7931034482758621
50,0,118,58,0.8240487249684704,0.9166666666666666,0.8275862068965517
50,0,119,58,0.6076163523947216,0.7757352941176471,0.7931034482758621
50,0,120,58,0.6867329047340737,0.8419117647058824,0.8103448275862069
50,0,121,58,0.5870066750745948,0.8039215686274509,0.7586206896551724
50,0,122,58,0.7135562459626567,0.8541666666666666,0.896551724137931
50,0,123,58,0.7035897751391923,0.8051470588235294,0.7931034482758621
50,0,124,58,0.6911730778921717,0.8511029411764706,0.7758620689655172
50,0,125,58,0.769829429317259,0.9240196078431373,0.8103448275862069
50,0,126,58,0.70783475345289,0.8419117647058822,0.8275862068965517
50,0,127,58,0.7459165154264973,0.8566176470588236,0.8793103448275862
50,0,128,58,0.7541603863545481,0.8455882352941176,0.8620689655172413
50,0,129,58,0.7133101602633118,0.829656862745098,0.8448275862068966
50,0,130,58,0.6057707096496355,0.7806372549019608,0.7758620689655172
50,0,131,58,0.6655695345904211,0.8161764705882353,0.8448275862068966
50,0,132,58,0.7552677720015997,0.866421568627451,0.7758620689655172
50,0,133,58,0.6678458273093606,0.8161764705882353,0.7068965517241379
50,0,134,58,0.7802882324007667,0.8553921568627452,0.8793103448275862
50,0,135,58,0.7420406656618167,0.8357843137254902,0.8103448275862069
50,0,136,58,0.7099880033221571,0.8174019607843138,0.8103448275862069
50,0,137,58,0.7425943584853426,0.8517156862745099,0.7931034482758621
50,0,138,58,0.6210280230090129,0.8026960784313726,0.7586206896551724
50,0,139,58,0.7397643729428773,0.8688725490196079,0.7758620689655172
50,0,140,58,0.7590205789166078,0.8051470588235294,0.8275862068965517
50,0,141,58,0.6917161401458058,0.8174019607843137,0.8275862068965517
50,0,142,58,0.7355193946291796,0.8688725490196079,0.8275862068965517
50,0,143,58,0.7505306222892123,0.8517156862745098,0.7931034482758621
50,0,144,58,0.6509374472062063,0.8075980392156863,0.7758620689655172
50,0,145,58,0.7425943584853426,0.8504901960784315,0.8793103448275862
50,0,146,58,0.6956949721665119,0.8020833333333333,0.7413793103448276
50,0,147,58,0.6558491494663017,0.7794117647058824,0.8793103448275862
50,0,148,58,0.7138638530868376,0.8321078431372548,0.7931034482758621
50,0,149,58,0.6909163616229352,0.7941176470588236,0.8275862068965517
50,0,150,58,0.6618782491002492,0.7855392156862745,0.7758620689655172
50,0,151,58,0.7230305453874313,0.801470588235294,0.8103448275862069
50,0,152,58,0.7059275892829678,0.8149509803921569,0.896551724137931
50,0,153,58,0.6353009935710112,0.7818627450980391,0.8448275862068966
50,0,154,58,0.640530314682088,0.7769607843137256,0.8448275862068966
50,0,155,58,0.6827340121197207,0.8345588235294118,0.7758620689655172
50,0,156,58,0.7431480513088684,0.8370098039215687,0.8275862068965517
50,0,157,58,0.6751053554400321,0.803921568627451,0.8448275862068966
50,0,158,58,0.6452674643944755,0.8198529411764706,0.8620689655172413
50,0,159,58,0.6877172475314529,0.8051470588235294,0.8275862068965517
50,0,160,58,0.677299783213754,0.8284313725490196,0.7931034482758621
50,0,161,58,0.7216266515765035,0.8823529411764707,0.8103448275862069
50,0,162,58,0.7373035159494294,0.8357843137254902,0.8275862068965517
50,0,163,58,0.7156479744070874,0.8566176470588235,0.7758620689655172
50,0,164,58,0.7123258174659326,0.8186274509803921,0.8275862068965517
50,0,165,58,0.6652004060414038,0.7830882352941178,0.8448275862068966
50,0,166,58,0.7380417730474639,0.8161764705882353,0.8793103448275862
50,0,167,58,0.711526038943062,0.8627450980392157,0.9137931034482759
50,0,168,58,0.5836229967086038,0.7450980392156863,0.7931034482758621
50,0,169,58,0.7035282537143561,0.8051470588235294,0.8448275862068966
50,0,170,58,0.7111569103940447,0.8370098039215687,0.8793103448275862
50,0,171,58,0.7688024854655635,0.8946078431372549,0.8793103448275862
50,0,172,58,0.6959611184595036,0.7941176470588235,0.8275862068965517
50,0,173,58,0.6401611861330709,0.7254901960784313,0.8448275862068966
50,0,174,58,0.6925774400935126,0.8112745098039216,0.8448275862068966
50,0,175,58,0.7658494570734259,0.8541666666666667,0.9137931034482759
50,0,176,58,0.7734165923282784,0.8566176470588236,0.8448275862068966
50,0,177,58,0.7387800301454982,0.8639705882352942,0.8620689655172413
50,0,178,58,0.6460057214925098,0.821078431372549,0.7758620689655172
50,0,179,58,0.5857147251530347,0.7781862745098038,0.8793103448275862
50,0,180,58,0.6541981328734175,0.8100490196078431,0.7758620689655172
50,0,181,58,0.6038020240548772,0.7279411764705882,0.8103448275862069
50,0,182,58,0.7390876372696792,0.8639705882352942,0.9137931034482759
50,0,183,58,0.6552954566427759,0.8235294117647058,0.8620689655172413
50,0,184,58,0.6208434587345043,0.7647058823529411,0.8620689655172413
50,0,185,58,0.6598480420806546,0.7659313725490196,0.8103448275862069
50,0,186,58,0.5532314128395214,0.7720588235294117,0.7586206896551724
50,0,187,58,0.7512688793872466,0.8909313725490196,0.9137931034482759
50,0,188,58,0.6935002614660556,0.8186274509803921,0.7931034482758621
50,0,189,58,0.8277400104586423,0.9129901960784313,0.896551724137931
50,0,190,58,0.7477621581715833,0.8553921568627451,0.8620689655172413
50,0,191,58,0.6921467901196592,0.8112745098039216,0.8275862068965517
50,0,192,58,0.6332092651265805,0.8026960784313726,0.8793103448275862
50,0,193,58,0.7449936940539544,0.8627450980392157,0.8448275862068966
50,0,194,58,0.7194007813220955,0.8235294117647058,0.8793103448275862
50,0,195,58,0.7441323941062475,0.883578431372549,0.8620689655172413
50,0,196,58,0.6154295733489189,0.7757352941176471,0.7413793103448276
50,0,197,58,0.625088437048202,0.7965686274509804,0.8275862068965517
50,0,198,58,0.586452982251069,0.7512254901960784,0.8620689655172413
50,0,199,58,0.6335168722507614,0.803921568627451,0.7931034482758621
100,0,0,58,0.7760004921713988,0.8762254901960784,0.8275862068965517
100,0,1,58,0.747946722446092,0.8639705882352942,0.9137931034482759
100,0,2,58,0.730966809191301,0.821078431372549,0.8620689655172413
100,0,3,58,0.7552062505767635,0.8676470588235294,0.896551724137931
100,0,4,58,0.7508997508382296,0.8737745098039216,0.9310344827586207
100,0,5,58,0.8005475406810423,0.8823529411764706,0.8793103448275862
100,0,6,58,0.8006090621058785,0.8627450980392157,0.8448275862068966
100,0,7,58,0.7897812913347074,0.8823529411764706,0.896551724137931
100,0,8,58,0.7592051431911164,0.8468137254901961,0.8620689655172413
100,0,9,58,0.714909717309053,0.8345588235294118,0.8793103448275862
100,0,10,58,0.6987295825771326,0.8504901960784315,0.8793103448275862
100,0,11,58,0.7975945122889048,0.8737745098039216,0.896551724137931
100,0,12,58,0.7884893414131472,0.8884803921568627,0.9310344827586207
100,0,13,58,0.7600664431388232,0.8345588235294118,0.9137931034482759
100,0,14,58,0.7913193269556124,0.8848039215686274,0.8620689655172413
100,0,15,58,0.7923651911778278,0.863970588235294,0.8793103448275862
100,0,16,58,0.7727398566550802,0.8370098039215687,0.896551724137931
100,0,17,58,0.7564366790734873,0.8688725490196079,0.8793103448275862
100,0,18,58,0.7864591343935528,0.883578431372549,0.8793103448275862
100,0,19,58,0.7273370451259652,0.7990196078431373,0.9310344827586207
100,0,20,58,0.790581069857578,0.8627450980392157,0.9137931034482759
100,0,21,58,0.7230305453874313,0.8345588235294117,0.8793103448275862
100,0,22,58,0.7819680703805101,0.8627450980392156,0.896551724137931
100,0,23,58,0.816235504014273,0.8970588235294118,0.896551724137931
100,0,24,58,0.7502230151650313,0.8492647058823529,0.8620689655172413
100,0,25,58,0.7849210987726476,0.8786764705882353,0.9310344827586207
100,0,26,58,0.7389030729951706,0.8615196078431373,0.8620689655172413
100,0,27,58,0.7743394137008214,0.8799019607843137,0.8793103448275862
100,0,28,58,0.759082100341444,0.8860294117647058,0.9482758620689655
100,0,29,58,0.7985173336614477,0.9068627450980392,0.9310344827586207
100,0,30,58,0.7401335014918946,0.8259803921568627,0.8620689655172413
100,0,31,58,0.7775385277923037,0.8602941176470588,0.8793103448275862
100,0,32,58,0.7631425143806331,0.8382352941176471,0.8620689655172413
100,0,33,58,0.7827063274785445,0.8615196078431372,0.8448275862068966
100,0,34,58,0.7192777384724232,0.8443627450980392,0.8448275862068966
100,0,35,58,0.7465317296748594,0.8455882352941176,0.9137931034482759
100,0,36,58,0.7576671075702114,0.8566176470588235,0.8793103448275862
100,0,37,58,0.7863360915438803,0.8578431372549019,0.896551724137931
100,0,38,58,0.7675105355440033,0.8700980392156863,0.9310344827586207
100,0,39,58,0.7452397797532991,0.8504901960784315,0.8103448275862069
100,0,40,58,0.7240764096096467,0.8639705882352942,0.8103448275862069
100,0,41,58,0.7853517487465009,0.8933823529411765,0.8103448275862069
100,0,42,58,0.8015934049032576,0.9129901960784313,0.9482758620689655
100,0,43,58,0.7133101602633118,0.8308823529411765,0.8275862068965517
100,0,44,58,0.7783998277400106,0.883578431372549,0.8620689655172413
100,0,45,58,0.8100218401058169,0.9068627450980392,0.896551724137931
100,0,46,58,0.7944569196222586,0.8848039215686274,0.9310344827586207
100,0,47,58,0.7783383063151743,0.8700980392156862,0.896551724137931
100,0,48,58,0.7104801747208466,0.8480392156862746,0.8793103448275862
100,0,49,58,0.7812298132824756,0.8799019607843137,0.8448275862068966
100,0,50,58,0.8152511612168939,0.926470588235294,0.9310344827586207
100,0,51,58,0.7755083207727093,0.8946078431372549,0.896551724137931
100,0,52,58,0.7807991633086222,0.8431372549019609,0.896551724137931
100,0,53,58,0.7715709495831924,0.8700980392156863,0.8448275862068966
100,0,54,58,0.8255867605893754,0.9142156862745098,0.8793103448275862
100,0,55,58,0.747639115321911,0.8651960784313726,0.8448275862068966
100,0,56,58,0.8024547048509644,0.866421568627451,0.9482758620689655
100,0,57,58,0.7086345319757607,0.8186274509803921,0.896551724137931
100,0,58,58,0.750161493740195,0.8504901960784315,0.8793103448275862
100,0,59,58,0.7837521917007599,0.8517156862745099,0.8793103448275862
100,0,60,58,0.7987018979359563,0.8872549019607843,0.8275862068965517
100,0,61,58,0.7943338767725862,0.8946078431372549,0.8793103448275862
100,0,62,58,0.7057430250084593,0.8247549019607843,0.9137931034482759
100,0,63,58,0.8259558891383926,0.8995098039215687,0.8620689655172413
100,0,64,58,0.7735396351779508,0.8198529411764706,0.896551724137931
100,0,65,58,0.8095296687071273,0.8958333333333334,0.8275862068965517
100,0,66,58,0.7323818019625334,0.8419117647058824,0.9310344827586207
100,0,67,58,0.8191885324064105,0.9080882352941176,0.8793103448275862
100,0,68,58,0.7728628995047526,0.866421568627451,0.8448275862068966
100,0,69,58,0.7561290719493063,0.8982843137254902,0.8793103448275862
100,0,70,58,0.7938417053738966,0.8786764705882353,0.8620689655172413
100,0,71,58,0.6831031406687379,0.803921568627451,0.8275862068965517
100,0,72,58,0.7280753022239995,0.8051470588235294,0.7758620689655172
100,0,73,58,0.7317665877141715,0.8700980392156863,0.8620689655172413
100,0,74,58,0.8055922975176105,0.8958333333333334,0.9482758620689655
100,0,75,58,0.7744624565504937,0.8700980392156863,0.9137931034482759
100,0,76,58,0.7293057307207236,0.8394607843137255,0.8620689655172413
100,0,77,58,0.7624042572825988,0.8737745098039216,0.896551724137931
100,0,78,58,0.7506536651388847,0.8651960784313726,0.896551724137931
100,0,79,58,0.7683718354917101,0.8455882352941176,0.9137931034482759
100,0,80,58,0.8138976898704975,0.8811274509803921,0.9482758620689655
100,0,81,58,0.7021132609431235,0.8174019607843137,0.8620689655172413
100,0,82,58,0.7971638623150513,0.8786764705882353,0.8793103448275862
100,0,83,58,0.7250607524070258,0.8075980392156863,0.8793103448275862
100,0,84,58,0.7850441416223201,0.8639705882352942,0.9310344827586207
100,0,85,58,0.7678796640930204,0.8627450980392157,0.896551724137931
100,0,86,58,0.7780306991909933,0.8982843137254902,0.8448275862068966
100,0,87,58,0.6950382970869605,0.8321078431372548,0.7931034482758621
100,0,88,58,0.7259220523547326,0.8198529411764706,0.8448275862068966
100,0,89,58,0.7633270786551417,0.8602941176470588,0.8620689655172413
100,0,90,58,0.7475160724722385,0.8553921568627451,0.8620689655172413
100,0,91,58,0.7116490817927343,0.8002450980392157,0.8275862068965517
100,0,92,58,0.7731705066289336,0.8897058823529412,0.896551724137931
100,0,93,58,0.8086068473345842,0.900735294117647,0.8793103448275862
100,0,94,58,0.7947030053216033,0.8823529411764706,0.896551724137931
100,0,95,58,0.78812021286413,0.8848039215686274,0.896551724137931
100,0,96,58,0.7350887446553263,0.8259803921568627,0.9310344827586207
100,0,97,58,0.7076501891783814,0.8137254901960784,0.896551724137931
100,0,98,58,0.7907041127072505,0.8909313725490196,0.9137931034482759
100,0,99,58,0.775139192223692,0.8700980392156863,0.8793103448275862
100,0,100,58,0.8049155618444124,0.8627450980392157,0.896551724137931
100,0,101,58,0.7750161493740195,0.8615196078431373,0.9310344827586207
100,0,102,58,0.7767387492694332,0.8651960784313725,0.8448275862068966
100,0,103,58,0.7662185856224432,0.8639705882352942,0.8275862068965517
100,0,104,58,0.7860900058445355,0.883578431372549,0.9310344827586207
100,0,105,58,0.8155587683410748,0.8872549019607843,0.896551724137931
100,0,106,58,0.7564982004983236,0.8615196078431373,0.896551724137931
100,0,107,58,0.8326002030207021,0.920343137254902,0.9137931034482759
100,0,108,58,0.7248761881325172,0.8357843137254902,0.9310344827586207
100,0,109,58,0.7481312867206005,0.8504901960784313,0.8793103448275862
100,0,110,58,0.7803069919099328,0.8762254901960784,0.8793103448275862
100,0,111,58,0.7470854224983852,0.8345588235294117,0.9137931034482759
100,0,112,58,0.8129133470731182,0.8982843137254902,0.8620689655172413
100,0,113,58,0.742717401335015,0.8541666666666666,0.8793103448275862
100,0,114,58,0.7808606847334585,0.8860294117647058,0.896551724137931
100,0,115,58,0.726660309452767,0.8247549019607843,0.8448275862068966
100,0,116,58,0.7835061060014151,0.8909313725490196,0.9827586206896551
100,0,117,58,0.742717401335015,0.8370098039215687,0.8793103448275862
100,0,118,58,0.7913193269556124,0.8725490196078431,0.896551724137931
100,0,119,58,0.705989110707804,0.8443627450980393,0.9655172413793104
100,0,120,58,0.7563751576486512,0.8602941176470589,0.8448275862068966
100,0,121,58,0.7518225722107724,0.8504901960784313,0.9310344827586207
100,0,122,58,0.7648035928512105,0.8455882352941176,0.896551724137931
100,0,123,58,0.7849210987726476,0.8823529411764706,0.8448275862068966
100,0,124,58,0.7599434002891508,0.857843137254902,0.896551724137931
100,0,125,58,0.748869543818635,0.8762254901960784,0.9482758620689655
100,0,126,58,0.8163585468639454,0.8786764705882353,0.8275862068965517
100,0,127,58,0.6693223415054294,0.7916666666666666,0.9137931034482759
100,0,128,58,0.8476729521055708,0.9154411764705882,0.9137931034482759
100,0,129,58,0.8222030822233845,0.8995098039215687,0.9310344827586207
100,0,130,58,0.7788304777138639,0.8553921568627451,0.896551724137931
100,0,131,58,0.7668953212956413,0.8651960784313726,0.8620689655172413
100,0,132,58,0.7308437663416286,0.8406862745098039,0.8620689655172413
100,0,133,58,0.7855363130210097,0.8799019607843137,0.8448275862068966
100,0,134,58,0.7850441416223201,0.8762254901960784,0.9137931034482759
100,0,135,58,0.7769848349687779,0.8823529411764706,0.9310344827586207
100,0,136,58,0.7143560244855272,0.8272058823529412,0.9137931034482759
100,0,137,58,0.7608662216616938,0.8627450980392157,0.896551724137931
100,0,138,58,0.8073148974130242,0.8811274509803921,0.9827586206896551
100,0,139,58,0.7395798086683688,0.8394607843137255,0.8448275862068966
100,0,140,58,0.7367498231259036,0.8406862745098039,0.8793103448275862
100,0,141,58,0.7627118644067797,0.8455882352941176,0.8793103448275862
100,0,142,58,0.7801839490602603,0.8700980392156863,0.896551724137931
100,0,143,58,0.7477006367467471,0.8382352941176471,0.896551724137931
100,0,144,58,0.7684333569165462,0.8553921568627451,0.9310344827586207
100,0,145,58,0.7799378633609155,0.8553921568627451,0.8620689655172413
100,0,146,58,0.8012857977790767,0.8860294117647058,0.896551724137931
100,0,147,58,0.7459780368513336,0.8602941176470588,0.9137931034482759
100,0,148,58,0.7950106124457843,0.8982843137254902,0.9310344827586207
100,0,149,58,0.7838137131255961,0.9068627450980392,0.896551724137931
100,0,150,58,0.7691100925897445,0.8443627450980391,0.896551724137931
100,0,151,58,0.7241379310344829,0.8174019607843137,0.8793103448275862
100,0,152,58,0.7469008582238765,0.8725490196078431,0.9310344827586207
100,0,153,58,0.7619120858839091,0.8713235294117647,0.8448275862068966
100,0,154,58,0.7660340213479345,0.8406862745098039,0.9137931034482759
100,0,155,58,0.7624657787074349,0.8578431372549019,0.9137931034482759
100,0,156,58,0.8103909686548341,0.8848039215686274,0.8793103448275862
100,0,157,58,0.7037128179888646,0.8100490196078431,0.8448275862068966
100,0,158,58,0.8004860192562061,0.8590686274509804,0.9137931034482759
100,0,159,58,0.7726168138054078,0.8737745098039216,0.8793103448275862
100,0,160,58,0.7814143775569843,0.8713235294117647,0.9482758620689655
100,0,161,58,0.7982712479621028,0.8651960784313726,0.896551724137931
100,0,162,58,0.7858439201451907,0.863970588235294,0.8275862068965517
100,0,163,58,0.7638192500538313,0.875,0.896551724137931
100,0,164,58,0.7186010027992249,0.8100490196078431,0.8793103448275862
100,0,165,58,0.7691716140145807,0.8688725490196079,0.9137931034482759
100,0,166,58,0.7515149650865914,0.8443627450980392,0.8620689655172413
100,0,167,58,0.7311513734658095,0.8198529411764706,0.8448275862068966
100,0,168,58,0.7488080223937987,0.8321078431372549,0.9655172413793104
100,0,169,58,0.7860900058445355,0.8811274509803921,0.9137931034482759
100,0,170,58,0.7628964286812884,0.8627450980392157,0.896551724137931
100,0,171,58,0.7300439878187579,0.8272058823529412,0.8103448275862069
100,0,172,58,0.7713248638838476,0.8602941176470589,0.896551724137931
100,0,173,58,0.7760004921713988,0.9019607843137255,0.896551724137931
100,0,174,58,0.7448706512042821,0.866421568627451,0.8620689655172413
100,0,175,58,0.8244793749423237,0.9068627450980392,0.9655172413793104
100,0,176,58,0.6891937617275218,0.8284313725490197,0.8448275862068966
100,0,177,58,0.7748931065243472,0.8786764705882353,0.8793103448275862
100,0,178,58,0.7867052200928975,0.8737745098039216,0.9482758620689655
100,0,179,58,0.7499769294656865,0.8406862745098038,0.8793103448275862
100,0,180,58,0.7869513057922423,0.8823529411764706,0.8793103448275862
100,0,181,58,0.7838137131255961,0.8811274509803921,0.8103448275862069
100,0,182,58,0.7649266357008829,0.8811274509803921,0.896551724137931
100,0,183,58,0.7857208772955182,0.8823529411764706,0.9137931034482759
100,0,184,58,0.7693561782890893,0.8517156862745098,0.9310344827586207
100,0,185,58,0.8006090621058785,0.8946078431372549,0.8448275862068966
100,0,186,58,0.8011627549294043,0.8786764705882353,0.8793103448275862
100,0,187,58,0.7514534436617554,0.8357843137254901,0.8103448275862069
100,0,188,58,0.7221692454397245,0.8394607843137255,0.8103448275862069
100,0,189,58,0.7572979790211941,0.8786764705882353,0.9137931034482759
100,0,190,58,0.7897197699098711,0.8786764705882353,0.9310344827586207
100,0,191,58,0.7453628226029716,0.8026960784313726,0.8448275862068966
100,0,192,58,0.814082254145006,0.9166666666666666,0.8793103448275862
100,0,193,58,0.790581069857578,0.8725490196078431,0.8793103448275862
100,0,194,58,0.7753852779230368,0.857843137254902,0.8620689655172413
100,0,195,58,0.7395182872435326,0.8333333333333333,0.8620689655172413
100,0,196,58,0.7674490141191671,0.8468137254901961,0.8620689655172413
100,0,197,58,0.7768002706942694,0.8688725490196079,0.8793103448275862
100,0,198,58,0.7473930296225662,0.8431372549019608,0.8793103448275862
100,0,199,58,0.7524993078839706,0.8259803921568627,0.8448275862068966
20,1,0,58,0.47172278025174486,0.6971153846153846,0.6206896551724138
20,1,1,58,0.5576080102786682,0.7325721153846153,0.8103448275862069
20,1,2,58,0.44318321664871807,0.7698317307692308,0.7586206896551724
20,1,3,58,0.4322869403898122,0.7211538461538461,0.6896551724137931
20,1,4,58,0.5315162898053235,0.7223557692307692,0.7586206896551724
20,1,5,58,0.5526331982435081,0.7313701923076923,0.7758620689655172
20,1,6,58,0.4624092533257118,0.6201923076923077,0.7068965517241379
20,1,7,58,0.45344366175520634,0.6983173076923077,0.6379310344827587
20,1,8,58,0.5502253257491333,0.7079326923076923,0.6724137931034483
20,1,9,58,0.5610003694053357,0.8293269230769231,0.7758620689655172
20,1,10,58,0.5182188731195634,0.6784855769230769,0.7413793103448276
20,1,11,58,0.4390063836097168,0.6472355769230769,0.603448275862069
20,1,12,58,0.4147530646321666,0.7085336538461539,0.6724137931034483
20,1,13,58,0.5731688570235437,0.7788461538461537,0.7586206896551724
20,1,14,58,0.4277342849299323,0.7067307692307693,0.7241379310344828
20,1,15,58,0.6244309096100733,0.8617788461538461,0.7241379310344828
20,1,16,58,0.577888520022407,0.7439903846153846,0.7413793103448276
20,1,17,58,0.5129964009966471,0.6706730769230769,0.7931034482758621
20,1,18,58,0.6008521669630791,0.7548076923076923,0.7241379310344828
20,1,19,58,0.647645123814763,0.7902644230769231,0.7931034482758621
20,1,20,58,0.5621337287631863,0.8137019230769231,0.8448275862068966
20,1,21,58,0.588602630788895,0.7590144230769231,0.7068965517241379
20,1,22,58,0.5824681234828528,0.7962740384615384,0.6551724137931034
20,1,23,58,0.5029531194701562,0.719951923076923,0.7413793103448276
20,1,24,58,0.6301833397838299,0.8064903846153846,0.7931034482758621
20,1,25,58,0.3141055246056419,0.5703125,0.6896551724137931
20,1,26,58,0.49102514856550344,0.7133413461538461,0.6896551724137931
20,1,27,58,0.5102671788428267,0.6995192307692307,0.6896551724137931
20,1,28,58,0.4624944245898261,0.7590144230769231,0.7586206896551724
20,1,29,58,0.4575418737179297,0.6364182692307692,0.6379310344827587
20,1,30,58,0.5263400759275632,0.7457932692307693,0.7068965517241379
20,1,31,58,0.5368442100393512,0.7656250000000001,0.7413793103448276
20,1,32,58,0.37440590672790014,0.6219951923076923,0.7241379310344828
20,1,33,58,0.38824289424054076,0.5805288461538461,0.6896551724137931
20,1,34,58,0.5374925030892788,0.712139423076923,0.7413793103448276
20,1,35,58,0.39414913270771323,0.6712740384615385,0.6551724137931034
20,1,36,58,0.2801993294164693,0.59375,0.5344827586206896
20,1,37,58,0.6750542166693537,0.780048076923077,0.7586206896551724
20,1,38,58,0.5333374348878221,0.7331730769230769,0.7413793103448276
20,1,39,58,0.4040913639616873,0.6484374999999999,0.6724137931034483
20,1,40,58,0.5896087119807023,0.7734375,0.8275862068965517
20,1,41,58,0.5494339857404562,0.7331730769230769,0.6896551724137931
20,1,42,58,0.5920081213579911,0.7998798076923077,0.6551724137931034
20,1,43,58,0.3297751259817727,0.6658653846153846,0.6379310344827587
20,1,44,58,0.4322146007503644,0.6989182692307692,0.7586206896551724
20,1,45,58,0.5512966448432228,0.7349759615384616,0.6551724137931034
20,1,46,58,0.44692600073723915,0.6292067307692308,0.7241379310344828
20,1,47,58,0.4885491487419765,0.6989182692307693,0.6896551724137931
20,1,48,58,0.6387461933618384,0.78125,0.7413793103448276
20,1,49,58,0.5383290269558246,0.688701923076923,0.6724137931034483
20,1,50,58,0.503229974398305,0.6875,0.6724137931034483
20,1,51,58,0.5503483704912923,0.8161057692307692,0.7413793103448276
20,1,52,58,0.5623010080584411,0.7307692307692307,0.6896551724137931
20,1,53,58,0.525739422059509,0.7355769230769231,0.7241379310344828
20,1,54,58,0.5657202620812698,0.7992788461538461,0.7068965517241379
20,1,55,58,0.5580865959951988,0.756610576923077,0.7241379310344828
20,1,56,58,0.4702534762899252,0.7025240384615385,0.6379310344827587
20,1,57,58,0.5323756498200499,0.7836538461538461,0.8103448275862069
20,1,58,58,0.48282756823158707,0.7403846153846153,0.7068965517241379
20,1,59,58,0.4388045480806703,0.6712740384615384,0.6551724137931034
20,1,60,58,0.6745931658259602,0.8431490384615384,0.7241379310344828
20,1,61,58,0.48837209325432407,0.7421875,0.7586206896551724
20,1,62,58,0.5359828968442388,0.7271634615384615,0.8103448275862069
20,1,63,58,0.4563940083083563,0.6580528846153846,0.6724137931034483
20,1,64,58,0.4536183962377467,0.7001201923076923,0.6206896551724138
20,1,65,58,0.6113785626021147,0.7758413461538461,0.8448275862068966
20,1,66,58,0.5170806742411695,0.7542067307692307,0.6551724137931034
20,1,67,58,0.5874373250484483,0.7608173076923077,0.7241379310344828
20,1,68,58,0.5036606376198696,0.7157451923076923,0.7068965517241379
20,1,69,58,0.48999492446234383,0.6856971153846154,0.6724137931034483
20,1,70,58,0.43139728233928837,0.6736778846153846,0.7068965517241379
20,1,71,58,0.5446351669858785,0.7037259615384616,0.7241379310344828
20,1,72,58,0.3577525878270488,0.6394230769230769,0.6379310344827587
20,1,73,58,0.6705733976348585,0.8569711538461539,0.7931034482758621
20,1,74,58,0.5070751817337037,0.6778846153846154,0.6896551724137931
20,1,75,58,0.40586932466600856,0.6676682692307693,0.7413793103448276
20,1,76,58,0.5776950644361114,0.7626201923076923,0.7931034482758621
20,1,77,58,0.3957054754600156,0.6526442307692308,0.6724137931034483
20,1,78,58,0.46990787030490083,0.6760817307692307,0.6551724137931034
20,1,79,58,0.530593411654255,0.7469951923076923,0.7068965517241379
20,1,80,58,0.5838037382205314,0.7566105769230769,0.6724137931034483
20,1,81,58,0.40749969257621765,0.7223557692307692,0.7413793103448276
20,1,82,58,0.38855051082737263,0.6664663461538461,0.7413793103448276
20,1,83,58,0.4463824291517698,0.7205528846153847,0.6896551724137931
20,1,84,58,0.5913530308157511,0.8100961538461537,0.6206896551724138
20,1,85,58,0.3467253213563955,0.5961538461538461,0.6379310344827587
20,1,86,58,0.4187341387215658,0.6081730769230769,0.6551724137931034
20,1,87,58,0.5161965124975882,0.7205528846153846,0.7068965517241379
20,1,88,58,0.38446512384235443,0.6033653846153846,0.6206896551724138
20,1,89,58,0.5508405494599279,0.7109375,0.7586206896551724
20,1,90,58,0.5779808049984565,0.7662259615384615,0.7068965517241379
20,1,91,58,0.4881717793101446,0.7025240384615384,0.8103448275862069
20,1,92,58,0.38834115245526346,0.671875,0.5862068965517241
20,1,93,58,0.5067212156633548,0.7103365384615385,0.7241379310344828
20,1,94,58,0.4745293468468886,0.7469951923076923,0.603448275862069
20,1,95,58,0.6308503930487631,0.7481971153846153,0.7413793103448276
20,1,96,58,0.5016996083169274,0.7145432692307693,0.6551724137931034
20,1,97,58,0.5894060106432065,0.7896634615384616,0.8275862068965517
20,1,98,58,0.41388538558553023,0.6622596153846154,0.7931034482758621
20,1,99,58,0.5683744252175734,0.7596153846153846,0.7241379310344828
20,1,100,58,0.5623846440460791,0.740985576923077,0.6896551724137931
20,1,101,58,0.4938320986366974,0.7463942307692307,0.7931034482758621
20,1,102,58,0.4767983758658001,0.686298076923077,0.6551724137931034
20,1,103,58,0.6390931196148626,0.8004807692307693,0.7413793103448276
20,1,104,58,0.4964621937097222,0.7313701923076923,0.6551724137931034
20,1,105,58,0.44803347155404394,0.6814903846153846,0.7241379310344828
20,1,106,58,0.5379208515332418,0.7307692307692308,0.7068965517241379
20,1,107,58,0.4420142736187568,0.7337740384615383,0.6724137931034483
20,1,108,58,0.43656274517983457,0.727764423076923,0.6724137931034483
20,1,109,58,0.5990925177492281,0.7698317307692307,0.7413793103448276
20,1,110,58,0.5049218656258804,0.7049278846153846,0.7413793103448276
20,1,111,58,0.4750522950445029,0.6742788461538463,0.6551724137931034
20,1,112,58,0.5820323915972132,0.7385817307692308,0.7241379310344828
20,1,113,58,0.4180573718208991,0.625,0.7413793103448276
20,1,114,58,0.5494816511461216,0.764423076923077,0.7241379310344828
20,1,115,58,0.6067028624000759,0.8197115384615384,0.7241379310344828
20,1,116,58,0.49592395577911913,0.6959134615384616,0.6896551724137931
20,1,117,58,0.47720561115232607,0.6724759615384615,0.7068965517241379
20,1,118,58,0.4270641074987265,0.6796875,0.6551724137931034
20,1,119,58,0.31684508443685677,0.6616586538461539,0.7413793103448276
20,1,120,58,0.5396127167379269,0.7295673076923077,0.7413793103448276
20,1,121,58,0.4608380011012293,0.6550480769230769,0.7241379310344828
20,1,122,58,0.4958855653975639,0.6881009615384615,0.6379310344827587
20,1,123,58,0.48125134578116835,0.7415865384615384,0.7068965517241379
20,1,124,58,0.4915713057573759,0.7373798076923077,0.7068965517241379
20,1,125,58,0.4934629473762701,0.6778846153846153,0.7241379310344828
20,1,126,58,0.5518503717338639,0.6838942307692308,0.7068965517241379
20,1,127,58,0.5681678358785189,0.8143028846153846,0.7586206896551724
20,1,128,58,0.3403829889034767,0.625,0.7068965517241379
20,1,129,58,0.6762950661499316,0.7776442307692307,0.8275862068965517
20,1,130,58,0.4721914607869662,0.7307692307692308,0.6724137931034483
20,1,131,58,0.5044449229444155,0.703125,0.7758620689655172
20,1,132,58,0.4603955827616968,0.7415865384615384,0.7586206896551724
20,1,133,58,0.6572843610837202,0.8455528846153846,0.7413793103448276
20,1,134,58,0.4578187243877873,0.6881009615384615,0.7413793103448276
20,1,135,58,0.619499515584603,0.7626201923076924,0.7413793103448276
20,1,136,58,0.5600602909963395,0.7848557692307693,0.6379310344827587
20,1,137,58,0.46084040873286913,0.6508413461538461,0.7586206896551724
20,1,138,58,0.4365079367144658,0.6364182692307693,0.7413793103448276
20,1,139,58,0.4452203342431106,0.7445913461538461,0.5689655172413793
20,1,140,58,0.5090976206825156,0.7199519230769231,0.7241379310344828
20,1,141,58,0.6147528376757206,0.7956730769230769,0.7586206896551724
20,1,142,58,0.6290047219163794,0.8022836538461539,0.7068965517241379
20,1,143,58,0.5072294367261061,0.772235576923077,0.6896551724137931
20,1,144,58,0.3420651909509229,0.6153846153846154,0.6551724137931034
20,1,145,58,0.5268468247389392,0.7265625,0.7068965517241379
20,1,146,58,0.5268937943008358,0.7463942307692307,0.8275862068965517
20,1,147,58,0.5803583794535012,0.7560096153846153,0.7241379310344828
20,1,148,58,0.6004583417355108,0.7902644230769231,0.6896551724137931
20,1,149,58,0.5714857045495382,0.7337740384615384,0.8448275862068966
20,1,150,58,0.4215594308481425,0.673076923076923,0.7241379310344828
20,1,151,58,0.39541644278041477,0.6370192307692307,0.7068965517241379
20,1,152,58,0.5814747603831593,0.8419471153846154,0.7241379310344828
20,1,153,58,0.5021533163443933,0.6905048076923077,0.7413793103448276
20,1,154,58,0.5888921359725728,0.7295673076923077,0.7586206896551724
20,1,155,58,0.4736664020664638,0.6929086538461539,0.6896551724137931
20,1,156,58,0.37064722547375606,0.6280048076923077,0.6896551724137931
20,1,157,58,0.5267626432909452,0.7385817307692308,0.7068965517241379
20,1,158,58,0.583320516685296,0.7493990384615384,0.6724137931034483
20,1,159,58,0.5638919653215555,0.7367788461538461,0.7758620689655172
20,1,160,58,0.3564298568488404,0.662860576923077,0.7068965517241379
20,1,161,58,0.5523871049740425,0.7475961538461539,0.6724137931034483
20,1,162,58,0.4893715209065335,0.7259615384615385,0.7931034482758621
20,1,163,58,0.4735595419182284,0.7091346153846154,0.6896551724137931
20,1,164,58,0.4142057341691531,0.6598557692307693,0.6896551724137931
20,1,165,58,0.47698294297903854,0.7043269230769231,0.7068965517241379
20,1,166,58,0.42525571067344436,0.6790865384615384,0.7586206896551724
20,1,167,58,0.5161270481538666,0.7379807692307692,0.6896551724137931
20,1,168,58,0.5386366435426565,0.740985576923077,0.6896551724137931
20,1,169,58,0.44918864925156504,0.6688701923076923,0.6379310344827587
20,1,170,58,0.4648015135053058,0.7115384615384616,0.7241379310344828
20,1,171,58,0.4076535008696336,0.7265625,0.7241379310344828
20,1,172,58,0.6605964594656811,0.7277644230769231,0.7068965517241379
20,1,173,58,0.5170042929783893,0.7001201923076923,0.6896551724137931
20,1,174,58,0.46616217568506096,0.7163461538461539,0.7586206896551724
20,1,175,58,0.31400356990922884,0.6742788461538461,0.603448275862069
20,1,176,58,0.4759370626706877,0.7421875,0.7241379310344828
20,1,177,58,0.5192420103961138,0.7271634615384616,0.7413793103448276
20,1,178,58,0.3188396881192915,0.625,0.6551724137931034
20,1,179,58,0.3285294615643061,0.6412259615384616,0.6206896551724138
20,1,180,58,0.44314563888533653,0.6868990384615384,0.7241379310344828
20,1,181,58,0.49057126250292243,0.7043269230769231,0.6551724137931034
20,1,182,58,0.4899873881079086,0.686298076923077,0.6379310344827587
20,1,183,58,0.5779103927348894,0.7361778846153846,0.7068965517241379
20,1,184,58,0.5746146994602175,0.7091346153846154,0.7758620689655172
20,1,185,58,0.30771360488038657,0.6376201923076923,0.7241379310344828
20,1,186,58,0.3380961902671619,0.5721153846153846,0.7068965517241379
20,1,187,58,0.46209452917780963,0.7367788461538463,0.6724137931034483
20,1,188,58,0.5424286708843205,0.7409855769230769,0.6379310344827587
20,1,189,58,0.5210717364345551,0.7692307692307692,0.7241379310344828
20,1,190,58,0.6015627414714146,0.7914663461538461,0.7931034482758621
20,1,191,58,0.48283499469134994,0.7740384615384616,0.6379310344827587
20,1,192,58,0.5397606679548678,0.7103365384615384,0.7413793103448276
20,1,193,58,0.29413845613088907,0.6087740384615384,0.6379310344827587
20,1,194,58,0.4683082886568349,0.6532451923076923,0.7931034482758621
20,1,195,58,0.6572742514273904,0.7848557692307693,0.8103448275862069
20,1,196,58,0.4661836877183454,0.7247596153846153,0.7931034482758621
20,1,197,58,0.49531660956071694,0.7481971153846154,0.7068965517241379
20,1,198,58,0.5530023381477062,0.7572115384615384,0.7413793103448276
20,1,199,58,0.5203949799435249,0.7367788461538461,0.7586206896551724
50,1,0,58,0.5853545996355038,0.734375,0.7758620689655172
50,1,1,58,0.6947922113876158,0.7872596153846154,0.8103448275862069
50,1,2,58,0.634172601087054,0.7764423076923077,0.7758620689655172
50,1,3,58,0.7320126734135163,0.8425480769230769,0.8275862068965517
50,1,4,58,0.6014642099111017,0.7752403846153846,0.8793103448275862
50,1,5,58,0.7126334245901136,0.828125,0.8448275862068966
50,1,6,58,0.5564305269310038,0.6971153846153846,0.8275862068965517
50,1,7,58,0.5021686302254761,0.6838942307692308,0.7586206896551724
50,1,8,58,0.6251499584730383,0.7692307692307692,0.8793103448275862
50,1,9,58,0.6720908056230582,0.7716346153846153,0.7931034482758621
50,1,10,58,0.5288074071795503,0.7560096153846154,0.7241379310344828
50,1,11,58,0.6851544238506905,0.7914663461538461,0.7931034482758621
50,1,12,58,0.6069396167215234,0.7620192307692308,0.8103448275862069
50,1,13,58,0.6644621489433696,0.7836538461538463,0.7931034482758621
50,1,14,58,0.6320808404703522,0.795673076923077,0.7758620689655172
50,1,15,58,0.6854514973817821,0.7788461538461537,0.8103448275862069
50,1,16,58,0.668276477283214,0.7992788461538461,0.8448275862068966
50,1,17,58,0.7256144452305516,0.8281250000000001,0.896551724137931
50,1,18,58,0.7264869188917807,0.8389423076923077,0.7413793103448276
50,1,19,58,0.6425088823683204,0.748798076923077,0.8620689655172413
50,1,20,58,0.6637238918453353,0.8569711538461537,0.7586206896551724
50,1,21,58,0.6935617828908919,0.8125,0.8103448275862069
50,1,22,58,0.5617828908917532,0.7271634615384615,0.8103448275862069
50,1,23,58,0.6968839398320466,0.8137019230769231,0.8620689655172413
50,1,24,58,0.6313636223814943,0.8016826923076924,0.8275862068965517
50,1,25,58,0.6230582300286074,0.7536057692307693,0.7413793103448276
50,1,26,58,0.6266264726691071,0.7668269230769231,0.7586206896551724
50,1,27,58,0.6807653265249624,0.7848557692307693,0.7931034482758621
50,1,28,58,0.5810390968654834,0.7223557692307693,0.7586206896551724
50,1,29,58,0.6002953028392138,0.71875,0.8103448275862069
50,1,30,58,0.6477898428127595,0.7764423076923076,0.8275862068965517
50,1,31,58,0.6234888800024609,0.7319711538461539,0.7068965517241379
50,1,32,58,0.646682457165708,0.7752403846153846,0.7758620689655172
50,1,33,58,0.6412685717801225,0.7680288461538463,0.8275862068965517
50,1,34,58,0.6778122981328248,0.7800480769230769,0.7241379310344828
50,1,35,58,0.6581869636100772,0.8076923076923077,0.7931034482758621
50,1,36,58,0.6295795010612447,0.748798076923077,0.8103448275862069
50,1,37,58,0.6773816481589714,0.78125,0.8448275862068966
50,1,38,58,0.4209603494416931,0.6382211538461539,0.7241379310344828
50,1,39,58,0.6583201317357411,0.7854567307692307,0.7586206896551724
50,1,40,58,0.7205081669691472,0.828125,0.7931034482758621
50,1,41,58,0.5584607339505984,0.7427884615384615,0.8448275862068966
50,1,42,58,0.679411855178566,0.796875,0.7586206896551724
50,1,43,58,0.6859331262112032,0.7956730769230769,0.8620689655172413
50,1,44,58,0.6295795010612447,0.7680288461538463,0.7758620689655172
50,1,45,58,0.7585284075179182,0.8858173076923077,0.8448275862068966
50,1,46,58,0.5657597244466965,0.7481971153846154,0.6896551724137931
50,1,47,58,0.6294661396994753,0.7740384615384616,0.8275862068965517
50,1,48,58,0.6030422813208481,0.7728365384615385,0.7758620689655172
50,1,49,58,0.6678458273093606,0.7716346153846154,0.8275862068965517
50,1,50,58,0.4778061459903412,0.7139423076923077,0.7758620689655172
50,1,51,58,0.6270571226429604,0.7788461538461537,0.7931034482758621
50,1,52,58,0.6613245562767235,0.798076923076923,0.7931034482758621
50,1,53,58,0.6429296502506999,0.7908653846153846,0.8620689655172413
50,1,54,58,0.6852563905380049,0.8125,0.8620689655172413
50,1,55,58,0.6477283213879234,0.7908653846153846,0.7758620689655172
50,1,56,58,0.639238364760528,0.7800480769230769,0.7586206896551724
50,1,57,58,0.6591097849826203,0.765625,0.8103448275862069
50,1,58,58,0.7516995293611002,0.875,0.7758620689655172
50,1,59,58,0.6255190870220555,0.796875,0.8103448275862069
50,1,60,58,0.6666153988126365,0.7944711538461539,0.8103448275862069
50,1,61,58,0.7026054323418132,0.8257211538461539,0.8793103448275862
50,1,62,58,0.6481589713617768,0.7391826923076923,0.8103448275862069
50,1,63,58,0.6536444315337024,0.8197115384615384,0.7758620689655172
50,1,64,58,0.7484388938447816,0.8317307692307692,0.7758620689655172
50,1,65,58,0.7294902949952321,0.8305288461538461,0.7931034482758621
50,1,66,58,0.6741210126426529,0.8317307692307692,0.8620689655172413
50,1,67,58,0.5431418991663847,0.7295673076923076,0.7758620689655172
50,1,68,58,0.6473591928389063,0.7884615384615384,0.7586206896551724
50,1,69,58,0.6300101510350979,0.764423076923077,0.7413793103448276
50,1,70,58,0.7437632655572304,0.8377403846153846,0.8275862068965517
50,1,71,58,0.5995570457411794,0.7536057692307693,0.6896551724137931
50,1,72,58,0.6699375557537913,0.7620192307692307,0.7758620689655172
50,1,73,58,0.6756590482635578,0.7548076923076923,0.7586206896551724
50,1,74,58,0.634931865021994,0.7632211538461539,0.7758620689655172
50,1,75,58,0.6858100833615308,0.8389423076923077,0.8103448275862069
50,1,76,58,0.5803008397674491,0.721153846153846,0.8103448275862069
50,1,77,58,0.7171860100279923,0.8221153846153846,0.8448275862068966
50,1,78,58,0.6178289089175306,0.8016826923076923,0.8103448275862069
50,1,79,58,0.7384724230213173,0.8485576923076923,0.8103448275862069
50,1,80,58,0.5089975083822942,0.6694711538461539,0.7586206896551724
50,1,81,58,0.663662370420499,0.7764423076923077,0.7758620689655172
50,1,82,58,0.647912885662432,0.8004807692307693,0.7931034482758621
50,1,83,58,0.6111845950352212,0.7608173076923077,0.7068965517241379
50,1,84,58,0.6783149023365651,0.8046875,0.6724137931034483
50,1,85,58,0.6421298717278293,0.7692307692307693,0.7241379310344828
50,1,86,58,0.6489587498846474,0.7884615384615384,0.8620689655172413
50,1,87,58,0.716755360054139,0.8389423076923077,0.7586206896551724
50,1,88,58,0.5796241040942509,0.7824519230769231,0.7068965517241379
50,1,89,58,0.6789196837798765,0.8209134615384616,0.7586206896551724
50,1,90,58,0.7552677720015997,0.8257211538461539,0.7758620689655172
50,1,91,58,0.614568273401212,0.7716346153846154,0.8103448275862069
50,1,92,58,0.6867944261589098,0.8341346153846154,0.9310344827586207
50,1,93,58,0.5001384232058815,0.6826923076923077,0.7241379310344828
50,1,94,58,0.6432372573748809,0.7668269230769231,0.7068965517241379
50,1,95,58,0.6762127410870836,0.8125,0.7758620689655172
50,1,96,58,0.7222922882893968,0.8233173076923077,0.7068965517241379
50,1,97,58,0.6717831984988772,0.766826923076923,0.6896551724137931
50,1,98,58,0.6023870312836445,0.7836538461538463,0.7068965517241379
50,1,99,58,0.520317450552155,0.71875,0.8275862068965517
50,1,100,58,0.5588298624996155,0.6862980769230769,0.7241379310344828
50,1,101,58,0.5877449321726291,0.7151442307692307,0.7931034482758621
50,1,102,58,0.6211510658586853,0.7596153846153846,0.8448275862068966
50,1,103,58,0.6690147343812483,0.796875,0.896551724137931
50,1,104,58,0.6029407241071704,0.7644230769230769,0.7586206896551724
50,1,105,58,0.6354240364206836,0.7728365384615384,0.7931034482758621
50,1,106,58,0.6054015811006184,0.748798076923077,0.7758620689655172
50,1,107,58,0.6456365929434926,0.8016826923076923,0.8103448275862069
50,1,108,58,0.5679965548002092,0.7307692307692308,0.8103448275862069
50,1,109,58,0.6952228613614693,0.8125,0.7241379310344828
50,1,110,58,0.7646190285767019,0.9254807692307692,0.7758620689655172
50,1,111,58,0.6396690147343813,0.7752403846153847,0.7241379310344828
50,1,112,58,0.6964332406194654,0.8185096153846153,0.7931034482758621
50,1,113,58,0.5739026115844844,0.671875,0.7241379310344828
50,1,114,58,0.5968501030483867,0.7704326923076923,0.7068965517241379
50,1,115,58,0.6818111907471778,0.7992788461538461,0.8275862068965517
50,1,116,58,0.5841151681072935,0.734375,0.8103448275862069
50,1,117,58,0.5724260973884155,0.7223557692307692,0.7241379310344828
50,1,118,58,0.6381925005383126,0.7716346153846153,0.8448275862068966
50,1,119,58,0.7507767079885571,0.8221153846153846,0.8275862068965517
50,1,120,58,0.6470515857147253,0.7932692307692307,0.7931034482758621
50,1,121,58,0.5387738780030146,0.7271634615384616,0.7586206896551724
50,1,122,58,0.7001445753483652,0.8617788461538461,0.7413793103448276
50,1,123,58,0.7317665877141715,0.876201923076923,0.7931034482758621
50,1,124,58,0.6709218985511705,0.7716346153846154,0.7931034482758621
50,1,125,58,0.5882371035713188,0.7548076923076923,0.7068965517241379
50,1,126,58,0.5844227752314745,0.7307692307692308,0.8448275862068966
50,1,127,58,0.6614577726607935,0.796875,0.8103448275862069
50,1,128,58,0.6839029191916085,0.7896634615384616,0.7586206896551724
50,1,129,58,0.6568950136885171,0.75,0.8793103448275862
50,1,130,58,0.6441600787474239,0.7632211538461537,0.7241379310344828
50,1,131,58,0.672952105570765,0.8125,0.8793103448275862
50,1,132,58,0.6038635454797133,0.7487980769230769,0.7758620689655172
50,1,133,58,0.6742440554923252,0.8028846153846154,0.7413793103448276
50,1,134,58,0.7537912578055308,0.8557692307692308,0.7931034482758621
50,1,135,58,0.6820572764465227,0.8100961538461539,0.7413793103448276
50,1,136,58,0.6704912485773171,0.7584134615384615,0.7758620689655172
50,1,137,58,0.6720908056230582,0.8173076923076923,0.8448275862068966
50,1,138,58,0.7470854224983852,0.8473557692307692,0.8103448275862069
50,1,139,58,0.6436679073487342,0.7620192307692308,0.8103448275862069
50,1,140,58,0.6057707096496355,0.764423076923077,0.6551724137931034
50,1,141,58,0.5864402611363337,0.7373798076923077,0.8448275862068966
50,1,142,58,0.5272693715586453,0.7067307692307693,0.7068965517241379
50,1,143,58,0.6954689470608141,0.8016826923076923,0.7758620689655172
50,1,144,58,0.7002676181980375,0.8173076923076923,0.7241379310344828
50,1,145,58,0.5450882077639986,0.709735576923077,0.7413793103448276
50,1,146,58,0.6659386631394384,0.828125,0.8275862068965517
50,1,147,58,0.6700605986034637,0.8137019230769231,0.8793103448275862
50,1,148,58,0.6783659909563506,0.7824519230769231,0.8448275862068966
50,1,149,58,0.6682149558583778,0.7728365384615384,0.7758620689655172
50,1,150,58,0.6239195299763143,0.7451923076923077,0.7586206896551724
50,1,151,58,0.6720908056230582,0.7788461538461539,0.7931034482758621
50,1,152,58,0.6221354086560646,0.7259615384615384,0.8448275862068966
50,1,153,58,0.5882986249961549,0.7331730769230769,0.7931034482758621
50,1,154,58,0.653757421021871,0.7992788461538461,0.7068965517241379
50,1,155,58,0.583069303885078,0.7908653846153846,0.7068965517241379
50,1,156,58,0.7122642960410963,0.811298076923077,0.7758620689655172
50,1,157,58,0.6122304592574365,0.7608173076923077,0.8448275862068966
50,1,158,58,0.7159665934371934,0.7956730769230769,0.8103448275862069
50,1,159,58,0.6023870312836445,0.7668269230769231,0.7413793103448276
50,1,160,58,0.650681349780061,0.7596153846153847,0.7758620689655172
50,1,161,58,0.69423851856409,0.8365384615384615,0.7586206896551724
50,1,162,58,0.618259558891384,0.8016826923076923,0.7586206896551724
50,1,163,58,0.575932818604079,0.7283653846153846,0.7413793103448276
50,1,164,58,0.6722138484727307,0.8125,0.8103448275862069
50,1,165,58,0.5838690824079487,0.71875,0.7931034482758621
50,1,166,58,0.5846688609308192,0.7788461538461539,0.8275862068965517
50,1,167,58,0.5206250576763359,0.6935096153846154,0.7586206896551724
50,1,168,58,0.6453905072441478,0.7572115384615385,0.8103448275862069
50,1,169,58,0.6543111138453968,0.8088942307692307,0.7758620689655172
50,1,170,58,0.6954689470608141,0.8137019230769231,0.8275862068965517
50,1,171,58,0.7054969393091145,0.7716346153846153,0.8103448275862069
50,1,172,58,0.7116490817927343,0.8401442307692308,0.8793103448275862
50,1,173,58,0.5862068965517242,0.7379807692307692,0.7241379310344828
50,1,174,58,0.74359013805187,0.8215144230769231,0.8620689655172413
50,1,175,58,0.6966793301037832,0.8106971153846154,0.7586206896551724
50,1,176,58,0.5953120674274817,0.7584134615384616,0.8103448275862069
50,1,177,58,0.6369103466000898,0.7704326923076922,0.8448275862068966
50,1,178,58,0.6566489279891723,0.8088942307692307,0.8275862068965517
50,1,179,58,0.6786840365630419,0.7986778846153846,0.8103448275862069
50,1,180,58,0.6108154664862039,0.731971153846154,0.7413793103448276
50,1,181,58,0.6511119997539143,0.8016826923076923,0.7413793103448276
50,1,182,58,0.7037743394137008,0.8641826923076923,0.8103448275862069
50,1,183,58,0.6798425051524193,0.7896634615384615,0.7931034482758621
50,1,184,58,0.6277338583161587,0.7331730769230769,0.7241379310344828
50,1,185,58,0.6851333476883326,0.7980769230769231,0.7931034482758621
50,1,186,58,0.6206069182640332,0.7728365384615384,0.7068965517241379
50,1,187,58,0.6879123922249605,0.8545673076923077,0.8620689655172413
50,1,188,58,0.6479744070872682,0.796875,0.8620689655172413
50,1,189,58,0.625949736995909,0.7836538461538461,0.8448275862068966
50,1,190,58,0.6476667999630872,0.8329326923076923,0.7413793103448276
50,1,191,58,0.6810729336491433,0.8125,0.8103448275862069
50,1,192,58,0.6495124427081732,0.8076923076923077,0.8448275862068966
50,1,193,58,0.7234611953612846,0.8305288461538463,0.7586206896551724
50,1,194,58,0.7590205789166078,0.8617788461538461,0.8275862068965517
50,1,195,58,0.6779968624073335,0.7896634615384616,0.7413793103448276
50,1,196,58,0.7249992309821895,0.8040865384615385,0.8793103448275862
50,1,197,58,0.6327170937278909,0.7584134615384616,0.7413793103448276
50,1,198,58,0.6338860007997786,0.7355769230769231,0.7586206896551724
50,1,199,58,0.6610169491525425,0.8173076923076923,0.8103448275862069
100,1,0,58,0.6842720477406258,0.8149038461538461,0.8620689655172413
100,1,1,58,0.7552062505767635,0.8774038461538461,0.8103448275862069
100,1,2,58,0.725429880956043,0.8641826923076923,0.8448275862068966
100,1,3,58,0.72758313082531,0.7896634615384616,0.8793103448275862
100,1,4,58,0.6655080131655849,0.8100961538461539,0.8793103448275862
100,1,5,58,0.699775446799348,0.7860576923076923,0.7931034482758621
100,1,6,58,0.6960226398843399,0.7680288461538461,0.7758620689655172
100,1,7,58,0.7576671075702114,0.8329326923076923,0.8793103448275862
100,1,8,58,0.7066043249561661,0.8040865384615384,0.8103448275862069
100,1,9,58,0.7141714602110185,0.8389423076923077,0.7931034482758621
100,1,10,58,0.6776277338583162,0.8052884615384616,0.8448275862068966
100,1,11,58,0.7815374204066567,0.8774038461538461,0.8275862068965517
100,1,12,58,0.7684333569165462,0.8713942307692308,0.9310344827586207
100,1,13,58,0.7450552154787906,0.860576923076923,0.8103448275862069
100,1,14,58,0.6807653265249624,0.7992788461538461,0.8275862068965517
100,1,15,58,0.7650496785505553,0.8401442307692308,0.8448275862068966
100,1,16,58,0.6911009258974439,0.7908653846153846,0.896551724137931
100,1,17,58,0.6671690916361624,0.8016826923076923,0.7931034482758621
100,1,18,58,0.7662185856224432,0.8545673076923077,0.8275862068965517
100,1,19,58,0.7833215417269065,0.8629807692307692,0.8620689655172413
100,1,20,58,0.7030360823156665,0.8317307692307693,0.8275862068965517
100,1,21,58,0.6972530683810638,0.7788461538461539,0.7586206896551724
100,1,22,58,0.6652619274662401,0.7644230769230769,0.8275862068965517
100,1,23,58,0.7580362361192287,0.8329326923076924,0.8793103448275862
100,1,24,58,0.7406256728905842,0.8185096153846154,0.8793103448275862
100,1,25,58,0.716755360054139,0.828125,0.8793103448275862
100,1,26,58,0.6915930972961334,0.8533653846153846,0.8103448275862069
100,1,27,58,0.7571134147466856,0.844951923076923,0.8448275862068966
100,1,28,58,0.7093112676489589,0.8064903846153846,0.7586206896551724
100,1,29,58,0.7453013011781354,0.8064903846153846,0.8793103448275862
100,1,30,58,0.6125995878064536,0.7427884615384616,0.7758620689655172
100,1,31,58,0.7640038143283399,0.842548076923077,0.8103448275862069
100,1,32,58,0.724814666707681,0.8389423076923077,0.896551724137931
100,1,33,58,0.7052508536097697,0.8545673076923077,0.7931034482758621
100,1,34,58,0.7074041034790366,0.8052884615384616,0.896551724137931
100,1,35,58,0.7002060967732012,0.7992788461538463,0.8448275862068966
100,1,36,58,0.7109108246946999,0.8064903846153846,0.8275862068965517
100,1,37,58,0.7151558030083977,0.8161057692307693,0.8448275862068966
100,1,38,58,0.7133716816881479,0.8341346153846154,0.8103448275862069
100,1,39,58,0.7464086868251869,0.8197115384615384,0.8620689655172413
100,1,40,58,0.7064812821064936,0.7704326923076923,0.8620689655172413
100,1,41,58,0.7574210218708666,0.8461538461538461,0.7931034482758621
100,1,42,58,0.6575102279368791,0.7992788461538461,0.896551724137931
100,1,43,58,0.7144175459103633,0.8425480769230769,0.8448275862068966
100,1,44,58,0.6830416192439017,0.796875,0.8275862068965517
100,1,45,58,0.6843950905902981,0.8052884615384615,0.9137931034482759
100,1,46,58,0.7979021194130858,0.876201923076923,0.9137931034482759
100,1,47,58,0.7587129717924268,0.8713942307692308,0.8793103448275862
100,1,48,58,0.722661416838414,0.8413461538461539,0.8793103448275862
100,1,49,58,0.6712295056753514,0.7403846153846154,0.9137931034482759
100,1,50,58,0.7070964963548556,0.8389423076923077,0.7931034482758621
100,1,51,58,0.7349657018056539,0.828125,0.8275862068965517
100,1,52,58,0.7753237564982005,0.8605769230769231,0.8275862068965517
100,1,53,58,0.7157710172567597,0.8257211538461537,0.8620689655172413
100,1,54,58,0.7376111230736105,0.8269230769230769,0.8448275862068966
100,1,55,58,0.7441323941062475,0.8377403846153846,0.896551724137931
100,1,56,58,0.7464702082500231,0.8461538461538461,0.8275862068965517
100,1,57,58,0.6843950905902981,0.7872596153846153,0.8448275862068966
100,1,58,58,0.7221692454397245,0.8173076923076923,0.7413793103448276
100,1,59,58,0.7011904395705805,0.7884615384615384,0.8448275862068966
100,1,60,58,0.7787689562890276,0.873798076923077,0.8275862068965517
100,1,61,58,0.7001445753483652,0.811298076923077,0.8103448275862069
100,1,62,58,0.7141099387861823,0.8389423076923077,0.8448275862068966
100,1,63,58,0.6747362268910149,0.8149038461538461,0.8793103448275862
100,1,64,58,0.7270909594266205,0.8269230769230769,0.8448275862068966
100,1,65,58,0.6771970838844629,0.7848557692307693,0.9137931034482759
100,1,66,58,0.717370574302501,0.8617788461538461,0.8620689655172413
100,1,67,58,0.7571749361715219,0.8329326923076923,0.896551724137931
100,1,68,58,0.7095573533483037,0.8112980769230769,0.8275862068965517
100,1,69,58,0.7533606078316775,0.8365384615384616,0.7931034482758621
100,1,70,58,0.7401950229167308,0.8233173076923077,0.7758620689655172
100,1,71,58,0.7294287735703959,0.8064903846153846,0.8448275862068966
100,1,72,58,0.7076501891783814,0.8185096153846154,0.8103448275862069
100,1,73,58,0.714048417361346,0.8185096153846154,0.8620689655172413
100,1,74,58,0.6973145898058999,0.8305288461538461,0.8793103448275862
100,1,75,58,0.7026669537666493,0.8052884615384615,0.7931034482758621
100,1,76,58,0.7214925097665262,0.8004807692307693,0.9482758620689655
100,1,77,58,0.7764926635700884,0.8713942307692307,0.9137931034482759
100,1,78,58,0.7162016672306132,0.8209134615384616,0.896551724137931
100,1,79,58,0.8016549263280939,0.8870192307692308,0.9137931034482759
100,1,80,58,0.7155864529822512,0.8161057692307693,0.8620689655172413
100,1,81,58,0.7504075794395398,0.8269230769230769,0.8103448275862069
100,1,82,58,0.6844566120151343,0.826923076923077,0.7931034482758621
100,1,83,58,0.7648651142760468,0.8605769230769231,0.896551724137931
100,1,84,58,0.6778122981328248,0.7896634615384616,0.8448275862068966
100,1,85,58,0.6936233043157279,0.8064903846153847,0.8103448275862069
100,1,86,58,0.7082038820019072,0.8088942307692308,0.8275862068965517
100,1,87,58,0.6717831984988772,0.7836538461538461,0.8793103448275862
100,1,88,58,0.7926112768771726,0.8677884615384616,0.896551724137931
100,1,89,58,0.7106647389953552,0.8100961538461537,0.8275862068965517
100,1,90,58,0.7406256728905842,0.8173076923076923,0.8448275862068966
100,1,91,58,0.728813559322034,0.8185096153846153,0.8620689655172413
100,1,92,58,0.7026669537666493,0.8197115384615384,0.8103448275862069
100,1,93,58,0.7604355716878403,0.8521634615384616,0.8103448275862069
100,1,94,58,0.6861792119105479,0.8233173076923077,0.7931034482758621
100,1,95,58,0.6672306130609985,0.8064903846153846,0.7586206896551724
100,1,96,58,0.6606478206035252,0.7884615384615385,0.8103448275862069
100,1,97,58,0.6880248546556339,0.7668269230769231,0.8103448275862069
100,1,98,58,0.6848257405641516,0.8076923076923077,0.8448275862068966
100,1,99,58,0.7075886677535452,0.8341346153846154,0.896551724137931
100,1,100,58,0.7304131163677752,0.8293269230769231,0.7931034482758621
100,1,101,58,0.7267833523024394,0.8052884615384616,0.7758620689655172
100,1,102,58,0.6738134055184718,0.7944711538461539,0.8275862068965517
100,1,103,58,0.7772309206681227,0.8641826923076923,1.0
100,1,104,58,0.7227229382632503,0.8125,0.8620689655172413
100,1,105,58,0.663662370420499,0.78125,0.7931034482758621
100,1,106,58,0.7659724999230983,0.8329326923076923,0.7931034482758621
100,1,107,58,0.6903011473745733,0.8004807692307693,0.8275862068965517
100,1,108,58,0.6595404349564736,0.7932692307692308,0.8448275862068966
100,1,109,58,0.7481312867206005,0.8245192307692307,0.8448275862068966
100,1,110,58,0.761850564459073,0.8413461538461539,0.7931034482758621
100,1,111,58,0.7239533667599743,0.8149038461538461,0.896551724137931
100,1,112,58,0.7583438432434096,0.8569711538461539,0.8793103448275862
100,1,113,58,0.7144790673351996,0.8161057692307692,0.8275862068965517
100,1,114,58,0.6852563905380049,0.7764423076923077,0.8793103448275862
100,1,115,58,0.6894398474268666,0.7992788461538461,0.8620689655172413
100,1,116,58,0.650066135531699,0.7680288461538463,0.8275862068965517
100,1,117,58,0.7428404441846874,0.8413461538461539,0.9137931034482759
100,1,118,58,0.711833646067243,0.8161057692307693,0.8275862068965517
100,1,119,58,0.7457319511519888,0.8353365384615384,0.8448275862068966
100,1,120,58,0.7240764096096467,0.8257211538461539,0.8103448275862069
100,1,121,58,0.6952228613614693,0.8269230769230769,0.8448275862068966
100,1,122,58,0.7142329816358547,0.8257211538461539,0.7586206896551724
100,1,123,58,0.7188470884985696,0.7956730769230769,0.8793103448275862
100,1,124,58,0.6914085330216249,0.7920673076923077,0.8793103448275862
100,1,125,58,0.6821187978713588,0.7956730769230769,0.8275862068965517
100,1,126,58,0.7325048448122059,0.8125,0.8275862068965517
100,1,127,58,0.7889199913870006,0.8689903846153846,0.8620689655172413
100,1,128,58,0.7211849026423452,0.8389423076923077,0.8275862068965517
100,1,129,58,0.7413639299886187,0.8293269230769231,0.8620689655172413
100,1,130,58,0.6420068288781569,0.7836538461538461,0.9137931034482759
100,1,131,58,0.7018671752437787,0.7992788461538461,0.8275862068965517
100,1,132,58,0.7229075025377588,0.8173076923076923,0.8275862068965517
100,1,133,58,0.7302285520932666,0.8413461538461539,0.896551724137931
100,1,134,58,0.6934387400412194,0.8137019230769231,0.8620689655172413
100,1,135,58,0.7654188070995726,0.8581730769230769,0.8793103448275862
100,1,136,58,0.8260789319880648,0.8774038461538461,0.896551724137931
100,1,137,58,0.7051893321849335,0.8161057692307693,0.8793103448275862
100,1,138,58,0.6653849703159126,0.7620192307692307,0.8793103448275862
100,1,139,58,0.7278292165246548,0.8329326923076923,0.8793103448275862
100,1,140,58,0.758466886093082,0.8557692307692307,0.9137931034482759
100,1,141,58,0.7066658463810023,0.8137019230769231,0.8448275862068966
100,1,142,58,0.725429880956043,0.8389423076923077,0.7758620689655172
100,1,143,58,0.7270294380017842,0.8100961538461539,0.8620689655172413
100,1,144,58,0.7248761881325172,0.8533653846153847,0.7931034482758621
100,1,145,58,0.6861176904857117,0.8161057692307693,0.7758620689655172
100,1,146,58,0.7297363806945769,0.8641826923076923,0.8275862068965517
100,1,147,58,0.7198929527207851,0.7920673076923077,0.8793103448275862
100,1,148,58,0.7795072133870622,0.842548076923077,0.7758620689655172
100,1,149,58,0.7276446522501463,0.8365384615384616,0.7931034482758621
100,1,150,58,0.6939924328647452,0.8088942307692307,0.8620689655172413
100,1,151,58,0.6169676089698238,0.701923076923077,0.8620689655172413
100,1,152,58,0.6959611184595036,0.7980769230769231,0.8103448275862069
100,1,153,58,0.7486234581192901,0.8413461538461539,0.7758620689655172
100,1,154,58,0.7472699867728937,0.8173076923076923,0.8275862068965517
100,1,155,58,0.7326278876618783,0.8629807692307692,0.8103448275862069
100,1,156,58,0.6493278784336646,0.7752403846153846,0.8793103448275862
100,1,157,58,0.6814420621981606,0.7932692307692308,0.896551724137931
100,1,158,58,0.671967762773386,0.765625,0.896551724137931
100,1,159,58,0.7962410409425082,0.8786057692307692,0.8448275862068966
100,1,160,58,0.7406256728905842,0.8401442307692307,0.8793103448275862
100,1,161,58,0.68064228367529,0.7860576923076923,0.896551724137931
100,1,162,58,0.6893783260020303,0.8076923076923077,0.8793103448275862
100,1,163,58,0.6821803192961949,0.7776442307692308,0.8275862068965517
100,1,164,58,0.7361346088775417,0.8125,0.8793103448275862
100,1,165,58,0.6517887354271125,0.7548076923076923,0.7931034482758621
100,1,166,58,0.7398258943677136,0.8569711538461539,0.896551724137931
100,1,167,58,0.7629579501061245,0.8245192307692307,0.8103448275862069
100,1,168,58,0.7734781137531146,0.8485576923076923,0.8620689655172413
100,1,169,58,0.7278292165246548,0.8461538461538461,0.9310344827586207
100,1,170,58,0.7490541080931434,0.8125,0.8448275862068966
100,1,171,58,0.6826724906948846,0.7872596153846154,0.7241379310344828
100,1,172,58,0.7126949460149498,0.8317307692307693,0.8793103448275862
100,1,173,58,0.6598480420806546,0.7896634615384616,0.8793103448275862
100,1,174,58,0.8409671167984252,0.9302884615384615,0.8620689655172413
100,1,175,58,0.7632655572303054,0.8497596153846154,0.8620689655172413
100,1,176,58,0.6861176904857117,0.8004807692307693,0.8275862068965517
100,1,177,58,0.7416715371127997,0.8713942307692307,0.8103448275862069
100,1,178,58,0.70783475345289,0.8173076923076923,0.8275862068965517
100,1,179,58,0.7262296594789136,0.8533653846153846,0.8793103448275862
100,1,180,58,0.7333661447599128,0.7956730769230769,0.8103448275862069
100,1,181,58,0.756006029099634,0.8521634615384616,0.8793103448275862
100,1,182,58,0.708449967701252,0.8076923076923077,0.8448275862068966
100,1,183,58,0.7427789227598511,0.829326923076923,0.8793103448275862
100,1,184,58,0.6613860777015597,0.7848557692307693,0.7758620689655172
100,1,185,58,0.6767049124857731,0.7908653846153846,0.8620689655172413
100,1,186,58,0.6811344550739796,0.8064903846153846,0.8448275862068966
100,1,187,58,0.672644498446584,0.7992788461538461,0.8275862068965517
100,1,188,58,0.7088190962502692,0.8064903846153846,0.7586206896551724
100,1,189,58,0.7030360823156665,0.8112980769230769,0.896551724137931
100,1,190,58,0.7005752253222185,0.7920673076923077,0.9137931034482759
100,1,191,58,0.6896859331262112,0.7800480769230769,0.896551724137931
100,1,192,58,0.774831585099511,0.8317307692307693,0.8103448275862069
100,1,193,58,0.7508997508382296,0.8653846153846154,0.7586206896551724
100,1,194,58,0.7480082438709282,0.8377403846153846,0.8620689655172413
100,1,195,58,0.7104801747208466,0.7992788461538461,0.8620689655172413
100,1,196,58,0.711218431818881,0.8185096153846154,0.8275862068965517
100,1,197,58,0.761235350210711,0.8389423076923078,0.8620689655172413
100,1,198,58,0.7299209449690856,0.8173076923076923,0.8448275862068966
100,1,199,58,0.5919899104863269,0.780048076923077,0.8275862068965517
20,2,0,58,0.5984680696814612,0.8960573476702509,0.8103448275862069
20,2,1,58,0.4117448014744979,0.6804062126642771,0.6379310344827587
20,2,2,58,0.6478097702092978,0.8494623655913979,0.7758620689655172
20,2,3,58,0.4428140767445197,0.7371565113500597,0.7241379310344828
20,2,4,58,0.43755383310969426,0.7054958183990442,0.7413793103448276
20,2,5,58,0.5483350001992293,0.7724014336917562,0.7586206896551724
20,2,6,58,0.6606066202215048,0.8231780167264039,0.7586206896551724
20,2,7,58,0.323109581145942,0.6356033452807647,0.7241379310344828
20,2,8,58,0.4296788484867976,0.7025089605734767,0.7586206896551724
20,2,9,58,0.5616684867699125,0.8243727598566307,0.6896551724137931
20,2,10,58,0.5407367536326538,0.7861409796893667,0.7241379310344828
20,2,11,58,0.5974928868931069,0.8004778972520907,0.6896551724137931
20,2,12,58,0.44357629548289274,0.6929510155316607,0.7931034482758621
20,2,13,58,0.5914327469189555,0.8249701314217442,0.8793103448275862
20,2,14,58,0.33926511531767156,0.6672640382317802,0.6551724137931034
20,2,15,58,0.6264207823310421,0.8183990442054958,0.7758620689655172
20,2,16,58,0.6276204685670916,0.8452807646356033,0.8448275862068966
20,2,17,58,0.5414891490558502,0.7419354838709676,0.6724137931034483
20,2,18,58,0.4018703090371939,0.7425328554360813,0.7068965517241379
20,2,19,58,0.46252518577536583,0.7305854241338112,0.7068965517241379
20,2,20,58,0.5827885878695316,0.7078853046594982,0.7241379310344828
20,2,21,58,0.503906730889335,0.7986857825567503,0.7413793103448276
20,2,22,58,0.5177415138191795,0.7305854241338112,0.6896551724137931
20,2,23,58,0.5419505668389463,0.8040621266427718,0.7413793103448276
20,2,24,58,0.3668635414557237,0.6899641577060932,0.7068965517241379
20,2,25,58,0.380761954610766,0.7120669056152926,0.7241379310344828
20,2,26,58,0.4949706235196407,0.7825567502986858,0.7586206896551724
20,2,27,58,0.33130306401795606,0.6839904420549581,0.6896551724137931
20,2,28,58,0.4507505846847828,0.7216248506571087,0.7586206896551724
20,2,29,58,0.5104589641888545,0.7461170848267622,0.8103448275862069
20,2,30,58,0.4717770463563937,0.7204301075268817,0.7413793103448276
20,2,31,58,0.4650168418040839,0.7365591397849462,0.7413793103448276
20,2,32,58,0.5409969700872147,0.7789725209080047,0.7413793103448276
20,2,33,58,0.4976313525179643,0.7712066905615294,0.7758620689655172
20,2,34,58,0.399778516246737,0.6636798088410991,0.6896551724137931
20,2,35,58,0.4809511359136635,0.7198327359617681,0.7413793103448276
20,2,36,58,0.4519740991352387,0.7485065710872162,0.7758620689655172
20,2,37,58,0.36896100939071846,0.7186379928315412,0.7241379310344828
20,2,38,58,0.5234484355338056,0.7777777777777778,0.7931034482758621
20,2,39,58,0.3450333780794368,0.6218637992831542,0.7241379310344828
20,2,40,58,0.6443545535007041,0.8458781362007168,0.8275862068965517
20,2,41,58,0.579352140635702,0.7676224611708482,0.7413793103448276
20,2,42,58,0.49234034722445563,0.7449223416965352,0.7413793103448276
20,2,43,58,0.67548487326691,0.8375149342891278,0.7068965517241379
20,2,44,58,0.355906916694665,0.7287933094384706,0.6724137931034483
20,2,45,58,0.6262228538328855,0.7986857825567503,0.7241379310344828
20,2,46,58,0.3630798574376914,0.6385902031063322,0.6896551724137931
20,2,47,58,0.4569547642449717,0.7019115890083631,0.7413793103448276
20,2,48,58,0.4700887614462753,0.7335722819593787,0.7586206896551724
20,2,49,58,0.4154234212064352,0.6869772998805257,0.7413793103448276
20,2,50,58,0.4830810879608154,0.7634408602150538,0.6551724137931034
20,2,51,58,0.47139890844617055,0.7150537634408602,0.7931034482758621
20,2,52,58,0.5561793438205928,0.8446833930704899,0.7931034482758621
20,2,53,58,0.6054910411737129,0.7718040621266429,0.8620689655172413
20,2,54,58,0.5167353741319993,0.6923536439665472,0.6379310344827587
20,2,55,58,0.5495039612094718,0.8225806451612903,0.7413793103448276
20,2,56,58,0.43291548150371695,0.7347670250896057,0.7068965517241379
20,2,57,58,0.5364218041174669,0.7479091995221028,0.7068965517241379
20,2,58,58,0.5052832336755892,0.6923536439665472,0.6206896551724138
20,2,59,58,0.6231293354782911,0.7664277180406213,0.7068965517241379
20,2,60,58,0.3605236057877386,0.7383512544802867,0.6724137931034483
20,2,61,58,0.5306304505603259,0.7825567502986858,0.7758620689655172
20,2,62,58,0.4849267874818068,0.7652329749103942,0.7586206896551724
20,2,63,58,0.4671373431439273,0.7246117084826763,0.7413793103448276
20,2,64,58,0.5343525540106332,0.7921146953405017,0.7758620689655172
20,2,65,58,0.4633936264035739,0.7359617682198327,0.8103448275862069
20,2,66,58,0.3433871141799953,0.7299880525686977,0.7241379310344828
20,2,67,58,0.5448924059827994,0.7317801672640382,0.7586206896551724
20,2,68,58,0.49670086291000487,0.7377538829151732,0.7758620689655172
20,2,69,58,0.5467046072112597,0.8022700119474313,0.8275862068965517
20,2,70,58,0.5036535751818982,0.7502986857825568,0.6896551724137931
20,2,71,58,0.575994340028915,0.7526881720430108,0.7758620689655172
20,2,72,58,0.5079057465181497,0.7305854241338112,0.7413793103448276
20,2,73,58,0.5199483220031377,0.8327359617682197,0.7586206896551724
20,2,74,58,0.4114127513416265,0.6445639187574671,0.7758620689655172
20,2,75,58,0.543228486312381,0.7371565113500598,0.6551724137931034
20,2,76,58,0.5827360271896194,0.8309438470728793,0.7413793103448276
20,2,77,58,0.6427132207103786,0.7927120669056154,0.7413793103448276
20,2,78,58,0.5040835474395398,0.7126642771804061,0.7068965517241379
20,2,79,58,0.5862954709002588,0.8363201911589009,0.8448275862068966
20,2,80,58,0.502560948008685,0.7741935483870968,0.7068965517241379
20,2,81,58,0.5321089643964774,0.7933094384707288,0.7241379310344828
20,2,82,58,0.46658566226661013,0.7037037037037037,0.7241379310344828
20,2,83,58,0.6440260861912654,0.8225806451612903,0.7758620689655172
20,2,84,58,0.4119972318467478,0.6702508960573477,0.7241379310344828
20,2,85,58,0.41482734797680826,0.7616487455197132,0.7068965517241379
20,2,86,58,0.6453905072441478,0.8458781362007168,0.7931034482758621
20,2,87,58,0.6221333545037426,0.8530465949820787,0.8275862068965517
20,2,88,58,0.3423974899258667,0.6344086021505376,0.6551724137931034
20,2,89,58,0.34397157670525014,0.6690561529271206,0.7931034482758621
20,2,90,58,0.5281097642246823,0.7622461170848267,0.7758620689655172
20,2,91,58,0.5334379232251973,0.7759856630824372,0.7413793103448276
20,2,92,58,0.3779127897586273,0.6266427718040621,0.5862068965517241
20,2,93,58,0.6859647780893473,0.8363201911589008,0.7931034482758621
20,2,94,58,0.5087514226829494,0.7371565113500598,0.7931034482758621
20,2,95,58,0.37584594579121516,0.7222222222222222,0.7413793103448276
20,2,96,58,0.5592506022709779,0.7556750298685783,0.7241379310344828
20,2,97,58,0.4766358024217897,0.7634408602150538,0.7413793103448276
20,2,98,58,0.43254633592153513,0.7419354838709676,0.8103448275862069
20,2,99,58,0.1933429726488285,0.6057347670250895,0.7413793103448276
20,2,100,58,0.43609068898485165,0.7090800477897251,0.6896551724137931
20,2,101,58,0.4646169463920674,0.7700119474313023,0.7413793103448276
20,2,102,58,0.5202184116897149,0.8058542413381123,0.7068965517241379
20,2,103,58,0.4380392820857415,0.7258064516129032,0.6896551724137931
20,2,104,58,0.5104360537618969,0.7270011947431303,0.7586206896551724
20,2,105,58,0.5177961679594401,0.7921146953405018,0.7931034482758621
20,2,106,58,0.39891710864831526,0.6911589008363201,0.7068965517241379
20,2,107,58,0.49782357970401836,0.7425328554360813,0.7241379310344828
20,2,108,58,0.32010582025727496,0.6206690561529271,0.7413793103448276
20,2,109,58,0.6006921486053494,0.8178016726403823,0.8448275862068966
20,2,110,58,0.48334205031955335,0.7413381123058542,0.7068965517241379
20,2,111,58,0.5840536466824572,0.8470728793309439,0.8103448275862069
20,2,112,58,0.4783277456987484,0.6666666666666666,0.6896551724137931
20,2,113,58,0.595053525567627,0.7813620071684587,0.8103448275862069
20,2,114,58,0.5465731514829195,0.8207885304659498,0.6379310344827587
20,2,115,58,0.4782983173890307,0.7180406212664278,0.7758620689655172
20,2,116,58,0.5563160404859998,0.7873357228195939,0.7586206896551724
20,2,117,58,0.5438213318195688,0.7084826762246117,0.7413793103448276
20,2,118,58,0.538236741979775,0.7706093189964157,0.8103448275862069
20,2,119,58,0.5986434317886667,0.8643966547192353,0.8275862068965517
20,2,120,58,0.4053156148097111,0.7592592592592593,0.5862068965517241
20,2,121,58,0.5712132400881547,0.7700119474313023,0.6896551724137931
20,2,122,58,0.5925310695556054,0.7986857825567503,0.7758620689655172
20,2,123,58,0.5856404580105709,0.7813620071684587,0.8103448275862069
20,2,124,58,0.3864894796955989,0.7359617682198327,0.7068965517241379
20,2,125,58,0.5938321932031373,0.8464755077658304,0.6379310344827587
20,2,126,58,0.5075751754999879,0.7831541218637993,0.7586206896551724
20,2,127,58,0.4795902673105909,0.7335722819593787,0.6379310344827587
20,2,128,58,0.5107201082777078,0.7479091995221028,0.7241379310344828
20,2,129,58,0.453549895624953,0.7568697729988052,0.6724137931034483
20,2,130,58,0.5493809126820779,0.7956989247311828,0.7586206896551724
20,2,131,58,0.4252118677156745,0.7013142174432496,0.6379310344827587
20,2,132,58,0.3942106560250796,0.6726403823178017,0.7068965517241379
20,2,133,58,0.5579635474678049,0.7562724014336917,0.7413793103448276
20,2,134,58,0.45225094980509634,0.7096774193548387,0.7758620689655172
20,2,135,58,0.5419589026804411,0.8291517323775388,0.8275862068965517
20,2,136,58,0.42951182749392486,0.6726403823178017,0.7068965517241379
20,2,137,58,0.5154195191213513,0.7025089605734767,0.7931034482758621
20,2,138,58,0.3852897750069545,0.602747909199522,0.6379310344827587
20,2,139,58,0.4306698458787776,0.6893667861409797,0.6379310344827587
20,2,140,58,0.5187030887159495,0.8046594982078852,0.7931034482758621
20,2,141,58,0.417429287774123,0.7210274790919953,0.5862068965517241
20,2,142,58,0.6157135397877966,0.7712066905615294,0.5689655172413793
20,2,143,58,0.4043620033905323,0.6977299880525687,0.6206896551724138
20,2,144,58,0.6200415295380458,0.8560334528076463,0.7241379310344828
20,2,145,58,0.5010920734251021,0.7502986857825568,0.6379310344827587
20,2,146,58,0.4208259636872627,0.7467144563918756,0.7068965517241379
20,2,147,58,0.45871079876843945,0.7771804062126643,0.7241379310344828
20,2,148,58,0.4719073473649832,0.7735961768219832,0.7931034482758621
20,2,149,58,0.4476197805272923,0.6971326164874553,0.6379310344827587
20,2,150,58,0.46356169528165414,0.7246117084826762,0.7413793103448276
20,2,151,58,0.43380758332732294,0.7228195937873356,0.7068965517241379
20,2,152,58,0.4576956796456284,0.6642771804062126,0.7241379310344828
20,2,153,58,0.4334691998769896,0.7210274790919953,0.6551724137931034
20,2,154,58,0.6089671620725915,0.8040621266427718,0.7758620689655172
20,2,155,58,0.5369980159670498,0.7568697729988052,0.6896551724137931
20,2,156,58,0.5622529492951673,0.8046594982078853,0.7241379310344828
20,2,157,58,0.36570022341477915,0.6929510155316607,0.6896551724137931
20,2,158,58,0.6133874741428083,0.8016726403823179,0.7931034482758621
20,2,159,58,0.4811579053620248,0.7299880525686977,0.7758620689655172
20,2,160,58,0.5339218974130769,0.7735961768219832,0.8103448275862069
20,2,161,58,0.6758132745793475,0.8255675029868579,0.7586206896551724
20,2,162,58,0.47694484604263443,0.7670250896057348,0.7586206896551724
20,2,163,58,0.4943937739945251,0.7371565113500598,0.7586206896551724
20,2,164,58,0.5702508575354969,0.8219832735961767,0.7586206896551724
20,2,165,58,0.5049140994491125,0.7461170848267622,0.7068965517241379
20,2,166,58,0.5338234851829945,0.7473118279569892,0.7931034482758621
20,2,167,58,0.3973913318500503,0.6905615292712066,0.7413793103448276
20,2,168,58,0.4840188276303369,0.7335722819593787,0.7068965517241379
20,2,169,58,0.43573494309731725,0.7317801672640383,0.5862068965517241
20,2,170,58,0.5241706015969828,0.7789725209080048,0.7241379310344828
20,2,171,58,0.5550770555846074,0.7670250896057348,0.7241379310344828
20,2,172,58,0.5007536374542435,0.7419354838709677,0.6896551724137931
20,2,173,58,0.5035221015718725,0.7921146953405018,0.8103448275862069
20,2,174,58,0.4723995263336189,0.7186379928315412,0.6551724137931034
20,2,175,58,0.5012304665838976,0.7228195937873356,0.7758620689655172
20,2,176,58,0.5438213318195688,0.7419354838709677,0.6896551724137931
20,2,177,58,0.54086812173615,0.7628434886499402,0.6896551724137931
20,2,178,58,0.6175592960899334,0.7825567502986858,0.7931034482758621
20,2,179,58,0.40877910732412565,0.6535244922341696,0.6551724137931034
20,2,180,58,0.4877793686460396,0.7568697729988052,0.7413793103448276
20,2,181,58,0.5224025230509572,0.7437275985663081,0.7241379310344828
20,2,182,58,0.45850957520165564,0.7264038231780167,0.6206896551724138
20,2,183,58,0.4520118126907936,0.7467144563918757,0.7241379310344828
20,2,184,58,0.5209179281411391,0.7849462365591398,0.7586206896551724
20,2,185,58,0.552065709969113,0.8237753882915173,0.8103448275862069
20,2,186,58,0.6158791684961467,0.8225806451612903,0.7068965517241379
20,2,187,58,0.5045834873803652,0.7491039426523297,0.6896551724137931
20,2,188,58,0.39666548753480596,0.6863799283154122,0.7586206896551724
20,2,189,58,0.5951242027407737,0.7939068100358423,0.7413793103448276
20,2,190,58,0.4239021768721111,0.6732377538829152,0.7241379310344828
20,2,191,58,0.4787350236421334,0.7449223416965352,0.7586206896551724
20,2,192,58,0.4261916860003931,0.7479091995221028,0.7586206896551724
20,2,193,58,0.5336450467432194,0.7951015531660692,0.7413793103448276
20,2,194,58,0.48894904415399304,0.7550776583034647,0.6724137931034483
20,2,195,58,0.428650527546218,0.7120669056152927,0.603448275862069
20,2,196,58,0.5276773767485119,0.7377538829151732,0.7241379310344828
20,2,197,58,0.46179167119696624,0.8213859020310633,0.7413793103448276
20,2,198,58,0.5243889357887279,0.7945041816009557,0.7068965517241379
20,2,199,58,0.4457432904845348,0.7293906810035842,0.7758620689655172
50,2,0,58,0.6453289858193116,0.8076463560334528,0.8103448275862069
50,2,1,58,0.6297429903693329,0.8620071684587813,0.8620689655172413
50,2,2,58,0.7080808391522349,0.8733572281959378,0.8620689655172413
50,2,3,58,0.6811344550739796,0.9020310633213859,0.8620689655172413
50,2,4,58,0.6632317204466456,0.8590203106332138,0.7931034482758621
50,2,5,58,0.578455197022363,0.7861409796893668,0.7931034482758621
50,2,6,58,0.6588636992832755,0.8841099163679809,0.7931034482758621
50,2,7,58,0.6530806853486728,0.8602150537634408,0.8448275862068966
50,2,8,58,0.7895165880626855,0.9342891278375149,0.7586206896551724
50,2,9,58,0.6241040942508229,0.8076463560334528,0.8448275862068966
50,2,10,58,0.6908548401980991,0.8578255675029869,0.8275862068965517
50,2,11,58,0.6338244793749424,0.8793309438470729,0.9137931034482759
50,2,12,58,0.560244855270848,0.7562724014336917,0.7068965517241379
50,2,13,58,0.6634778061459904,0.8470728793309439,0.8620689655172413
50,2,14,58,0.5251630370394194,0.7998805256869773,0.7241379310344828
50,2,15,58,0.550032298748039,0.7765830346475507,0.7068965517241379
50,2,16,58,0.5772247685256391,0.7849462365591398,0.8275862068965517
50,2,17,58,0.6128456735057984,0.8040621266427718,0.8448275862068966
50,2,18,58,0.5686117690485712,0.7550776583034647,0.7758620689655172
50,2,19,58,0.694095390518446,0.8876941457586619,0.7758620689655172
50,2,20,58,0.594758374603956,0.8004778972520907,0.8448275862068966
50,2,21,58,0.583376911009259,0.7992831541218638,0.8103448275862069
50,2,22,58,0.596973145898059,0.7825567502986858,0.7241379310344828
50,2,23,58,0.6316712295056753,0.8470728793309439,0.7931034482758621
50,2,24,58,0.7258605309298964,0.8936678614097968,0.8793103448275862
50,2,25,58,0.6073702666953767,0.8100358422939069,0.8448275862068966
50,2,26,58,0.5899597034667324,0.8279569892473119,0.8103448275862069
50,2,27,58,0.4733150819772986,0.7622461170848267,0.7586206896551724
50,2,28,58,0.5986957457934725,0.8542413381123058,0.8103448275862069
50,2,29,58,0.6717831984988772,0.8733572281959379,0.7931034482758621
50,2,30,58,0.6026946384078256,0.8136200716845878,0.7931034482758621
50,2,31,58,0.6391153219108555,0.8100358422939067,0.8103448275862069
50,2,32,58,0.6148758805253931,0.8255675029868579,0.8275862068965517
50,2,33,58,0.6651388846165678,0.8387096774193549,0.8620689655172413
50,2,34,58,0.6507428712048973,0.8518518518518519,0.7931034482758621
50,2,35,58,0.6022024670091359,0.8088410991636799,0.7586206896551724
50,2,36,58,0.6525370288542721,0.8058542413381123,0.8793103448275862
50,2,37,58,0.658125442185241,0.8136200716845877,0.7758620689655172
50,2,38,58,0.6397305361592175,0.8124253285543608,0.7931034482758621
50,2,39,58,0.6890707188778493,0.8530465949820789,0.8103448275862069
50,2,40,58,0.7232766310867761,0.8841099163679809,0.8620689655172413
50,2,41,58,0.6860561690608755,0.8697729988052568,0.7758620689655172
50,2,42,58,0.64143224087443,0.8590203106332138,0.8103448275862069
50,2,43,58,0.6421298717278293,0.8303464755077657,0.7586206896551724
50,2,44,58,0.5967270601987142,0.8028673835125448,0.7758620689655172
50,2,45,58,0.658740656433603,0.8267622461170848,0.8275862068965517
50,2,46,58,0.644836814420622,0.8482676224611709,0.8275862068965517
50,2,47,58,0.6508043926297334,0.8351254480286737,0.8620689655172413
50,2,48,58,0.655910670891138,0.7968936678614097,0.7931034482758621
50,2,49,58,0.6071857024208681,0.7980884109916367,0.7758620689655172
50,2,50,58,0.7512688793872466,0.9127837514934289,0.9310344827586207
50,2,51,58,0.5585837768002707,0.7741935483870968,0.8103448275862069
50,2,52,58,0.5254237288135594,0.8100358422939068,0.7586206896551724
50,2,53,58,0.5691039404472609,0.7144563918757467,0.8275862068965517
50,2,54,58,0.5958657602510075,0.7992831541218638,0.7068965517241379
50,2,55,58,0.5591989910486328,0.7980884109916367,0.7758620689655172
50,2,56,58,0.5167492079116552,0.7658303464755077,0.7586206896551724
50,2,57,58,0.6431142145252084,0.8243727598566308,0.7758620689655172
50,2,58,58,0.5521855486173061,0.7849462365591398,0.7758620689655172
50,2,59,58,0.6186286874404012,0.8649940262843488,0.8448275862068966
50,2,60,58,0.5650435264080717,0.7885304659498207,0.8275862068965517
50,2,61,58,0.5114583653757422,0.7359617682198327,0.7586206896551724
50,2,62,58,0.6262573441200899,0.8351254480286738,0.8275862068965517
50,2,63,58,0.5999876957150329,0.8172043010752688,0.7586206896551724
50,2,64,58,0.6124765449567813,0.8160095579450418,0.7931034482758621
50,2,65,58,0.5656587406564337,0.7514934289127837,0.9137931034482759
50,2,66,58,0.6301331938847704,0.7837514934289128,0.8103448275862069
50,2,67,58,0.6492048355839921,0.8327359617682198,0.8793103448275862
50,2,68,58,0.7011289181457443,0.8757467144563919,0.8448275862068966
50,2,69,58,0.6323479651788736,0.8219832735961768,0.896551724137931
50,2,70,58,0.5962348888000246,0.7837514934289127,0.7241379310344828
50,2,71,58,0.7163862315051217,0.8769414575866188,0.8620689655172413
50,2,72,58,0.6025100741333169,0.7789725209080047,0.8103448275862069
50,2,73,58,0.6623088990741026,0.8279569892473118,0.8103448275862069
50,2,74,58,0.6447752929957858,0.8841099163679809,0.8620689655172413
50,2,75,58,0.5937125103817406,0.8542413381123058,0.8103448275862069
50,2,76,58,0.6249750066106748,0.8393070489844684,0.7586206896551724
50,2,77,58,0.603740502630041,0.8207885304659498,0.8275862068965517
50,2,78,58,0.594758374603956,0.8076463560334528,0.7586206896551724
50,2,79,58,0.6480974499369405,0.8614097968936678,0.8620689655172413
50,2,80,58,0.6157987018979361,0.8004778972520908,0.8620689655172413
50,2,81,58,0.5807930111661388,0.8387096774193549,0.8103448275862069
50,2,82,58,0.581531268264173,0.7992831541218637,0.7758620689655172
50,2,83,58,0.6242886585253314,0.8219832735961768,0.896551724137931
50,2,84,58,0.6283490725645207,0.8434886499402628,0.7931034482758621
50,2,85,58,0.6113076378848935,0.7706093189964157,0.7758620689655172
50,2,86,58,0.5773874525807141,0.8183990442054958,0.8620689655172413
50,2,87,58,0.6477283213879234,0.8339307048984468,0.7586206896551724
50,2,88,58,0.6805192408256175,0.8876941457586618,0.9137931034482759
50,2,89,58,0.6599095635054909,0.8160095579450418,0.7413793103448276
50,2,90,58,0.6746747054661787,0.8614097968936679,0.8793103448275862
50,2,91,58,0.6216432372573749,0.7980884109916367,0.7931034482758621
50,2,92,58,0.7131255959888032,0.8781362007168458,0.8103448275862069
50,2,93,58,0.6718447199237135,0.8661887694145758,0.8103448275862069
50,2,94,58,0.6381309791134764,0.8315412186379927,0.7068965517241379
50,2,95,58,0.658125442185241,0.8219832735961768,0.8275862068965517
50,2,96,58,0.6015257313359378,0.7956989247311829,0.8275862068965517
50,2,97,58,0.5849764680550001,0.7765830346475507,0.7931034482758621
50,2,98,58,0.6128456735057984,0.8076463560334528,0.8103448275862069
50,2,99,58,0.6649953089978624,0.8207885304659498,0.8275862068965517
50,2,100,58,0.6199821587867975,0.7945041816009557,0.7241379310344828
50,2,101,58,0.5915592605124734,0.7813620071684587,0.7586206896551724
50,2,102,58,0.618259558891384,0.8291517323775388,0.7413793103448276
50,2,103,58,0.6725214555969117,0.8793309438470729,0.7931034482758621
50,2,104,58,0.5214328560839471,0.8357228195937872,0.8103448275862069
50,2,105,58,0.6203300675941757,0.8357228195937874,0.7758620689655172
50,2,106,58,0.6825494478452121,0.8231780167264038,0.7931034482758621
50,2,107,58,0.7325048448122059,0.8649940262843488,0.8103448275862069
50,2,108,58,0.6027561598326617,0.7968936678614097,0.8103448275862069
50,2,109,58,0.6490817927343199,0.8578255675029869,0.7931034482758621
50,2,110,58,0.6650158417668953,0.8410991636798087,0.8275862068965517
50,2,111,58,0.6067550524470147,0.8243727598566308,0.8103448275862069
50,2,112,58,0.6981143683287706,0.9020310633213858,0.8275862068965517
50,2,113,58,0.7150942815835615,0.8781362007168458,0.8275862068965517
50,2,114,58,0.6066320095973423,0.8422939068100358,0.7413793103448276
50,2,115,58,0.5641822264603649,0.8327359617682198,0.8448275862068966
50,2,116,58,0.6514811283029315,0.8506571087216248,0.9137931034482759
50,2,117,58,0.6684610415577226,0.8399044205495818,0.8793103448275862
50,2,118,58,0.6474207142637424,0.7992831541218638,0.8275862068965517
50,2,119,58,0.58983666061706,0.7849462365591398,0.8103448275862069
50,2,120,58,0.5083822941339321,0.7467144563918757,0.7413793103448276
50,2,121,58,0.6380694576886401,0.8518518518518517,0.7931034482758621
50,2,122,58,0.6844566120151343,0.8697729988052568,0.8620689655172413
50,2,123,58,0.6061398381986527,0.8434886499402627,0.8275862068965517
50,2,124,58,0.612485965281545,0.7998805256869773,0.8103448275862069
50,2,125,58,0.6220123658063922,0.8231780167264038,0.8275862068965517
50,2,126,58,0.7275216094004738,0.8853046594982079,0.8448275862068966
50,2,127,58,0.5264080716109385,0.7729988052568697,0.7241379310344828
50,2,128,58,0.5745178258328464,0.7502986857825568,0.7758620689655172
50,2,129,58,0.6368390291919162,0.8028673835125448,0.8448275862068966
50,2,130,58,0.6704708000239341,0.8339307048984468,0.8103448275862069
50,2,131,58,0.6927004829431851,0.9020310633213859,0.7931034482758621
50,2,132,58,0.6668614845119815,0.8172043010752689,0.7931034482758621
50,2,133,58,0.6548032852440863,0.8375149342891278,0.7758620689655172
50,2,134,58,0.6341936079239596,0.8661887694145758,0.8103448275862069
50,2,135,58,0.5591374696237965,0.7729988052568698,0.7931034482758621
50,2,136,58,0.6082315666430835,0.7968936678614098,0.7758620689655172
50,2,137,58,0.66704604878649,0.8339307048984468,0.8103448275862069
50,2,138,58,0.6094619951398075,0.7956989247311828,0.7758620689655172
50,2,139,58,0.6171521732443324,0.8183990442054958,0.8793103448275862
50,2,140,58,0.5121966224737765,0.7622461170848268,0.7758620689655172
50,2,141,58,0.6968224184072104,0.8626045400238949,0.8448275862068966
50,2,142,58,0.6667999630871452,0.8279569892473118,0.7931034482758621
50,2,143,58,0.6198591159371252,0.8004778972520907,0.8620689655172413
50,2,144,58,0.6760896982374112,0.8303464755077657,0.8448275862068966
50,2,145,58,0.6474207142637424,0.8255675029868578,0.7931034482758621
50,2,146,58,0.5968501030483867,0.7992831541218638,0.8275862068965517
50,2,147,58,0.6831444084663024,0.8303464755077657,0.8275862068965517
50,2,148,58,0.6196745516626165,0.8243727598566308,0.9137931034482759
50,2,149,58,0.7099880033221571,0.8853046594982078,0.8448275862068966
50,2,150,58,0.5982650958196193,0.7801672640382319,0.8275862068965517
50,2,151,58,0.6084161309175921,0.8052568697729987,0.7931034482758621
50,2,152,58,0.6463748500415271,0.8291517323775388,0.8448275862068966
50,2,153,58,0.6755975268387215,0.8255675029868578,0.8103448275862069
50,2,154,58,0.6560952351656465,0.8387096774193548,0.7931034482758621
50,2,155,58,0.7158325386815959,0.8614097968936678,0.8620689655172413
50,2,156,58,0.6024485527084807,0.8004778972520908,0.7758620689655172
50,2,157,58,0.551055877758706,0.7401433691756272,0.7758620689655172
50,2,158,58,0.6202282444861423,0.8183990442054958,0.8620689655172413
50,2,159,58,0.6472976714140701,0.8303464755077659,0.8448275862068966
50,2,160,58,0.6122919806822728,0.8494623655913978,0.9137931034482759
50,2,161,58,0.5874373250484483,0.8124253285543608,0.7758620689655172
50,2,162,58,0.7149712387338891,0.9091995221027479,0.8103448275862069
50,2,163,58,0.5970346673228952,0.7718040621266428,0.7931034482758621
50,2,164,58,0.5492325202251686,0.7514934289127837,0.7758620689655172
50,2,165,58,0.6495739641330094,0.8339307048984468,0.7758620689655172
50,2,166,58,0.7339198375834386,0.9068100358422939,0.8103448275862069
50,2,167,58,0.6205358516103233,0.8148148148148148,0.8620689655172413
50,2,168,58,0.6061398381986527,0.8160095579450419,0.8448275862068966
50,2,169,58,0.6496970069826817,0.8363201911589009,0.8103448275862069
50,2,170,58,0.5980805315451106,0.8243727598566308,0.8103448275862069
50,2,171,58,0.5420960349441695,0.7921146953405018,0.7413793103448276
50,2,172,58,0.5983881386692916,0.8243727598566308,0.7586206896551724
50,2,173,58,0.6653234488910763,0.8590203106332138,0.8448275862068966
50,2,174,58,0.6666769202374727,0.8100358422939068,0.7931034482758621
50,2,175,58,0.6598480420806546,0.8410991636798089,0.9137931034482759
50,2,176,58,0.5634439693623305,0.8016726403823178,0.7068965517241379
50,2,177,58,0.6397305361592175,0.8040621266427718,0.7931034482758621
50,2,178,58,0.6091543880156265,0.8136200716845878,0.7758620689655172
50,2,179,58,0.6840874834661171,0.8482676224611708,0.8620689655172413
50,2,180,58,0.6425396435538602,0.8369175627240143,0.8448275862068966
50,2,181,58,0.6758436125380664,0.8661887694145758,0.8793103448275862
50,2,182,58,0.6474207142637424,0.8363201911589009,0.8793103448275862
50,2,183,58,0.490110430957581,0.7371565113500597,0.7241379310344828
50,2,184,58,0.5983266172444556,0.8303464755077659,0.7413793103448276
50,2,185,58,0.7267833523024394,0.8614097968936678,0.9137931034482759
50,2,186,58,0.6157987018979361,0.8255675029868579,0.8103448275862069
50,2,187,58,0.6578178350610601,0.8602150537634409,0.7586206896551724
50,2,188,58,0.5606139838198653,0.7789725209080048,0.7931034482758621
50,2,189,58,0.7517610507859364,0.9139784946236559,0.8620689655172413
50,2,190,58,0.6180749946168754,0.8112305854241337,0.7586206896551724
50,2,191,58,0.6143008752283888,0.8189964157706093,0.8275862068965517
50,2,192,58,0.7238918453351381,0.8649940262843488,0.8103448275862069
50,2,193,58,0.6009197595186069,0.8237753882915173,0.8793103448275862
50,2,194,58,0.5906979605647668,0.7765830346475507,0.7931034482758621
50,2,195,58,0.505859915715648,0.7801672640382318,0.7931034482758621
50,2,196,58,0.6018948598849551,0.7968936678614098,0.8103448275862069
50,2,197,58,0.5391205377692911,0.7568697729988053,0.7758620689655172
50,2,198,58,0.6163523947214617,0.8578255675029869,0.7931034482758621
50,2,199,58,0.6060783167738165,0.8207885304659498,0.8448275862068966
100,2,0,58,0.7350272232304901,0.8972520908004779,0.8793103448275862
100,2,1,58,0.7095573533483037,0.8709677419354839,0.8620689655172413
100,2,2,58,0.684948783413824,0.8602150537634408,0.896551724137931
100,2,3,58,0.7660340213479345,0.8972520908004779,0.896551724137931
100,2,4,58,0.7352733089298349,0.8817204301075269,0.8620689655172413
100,2,5,58,0.6493893998585009,0.8566308243727598,0.8620689655172413
100,2,6,58,0.7093112676489589,0.8709677419354839,0.8275862068965517
100,2,7,58,0.7577901504198838,0.9008363201911588,0.8103448275862069
100,2,8,58,0.7043280322372266,0.8673835125448028,0.896551724137931
100,2,9,58,0.6651388846165678,0.8542413381123058,0.8793103448275862
100,2,10,58,0.6634778061459904,0.8649940262843488,0.8793103448275862
100,2,11,58,0.7302900735181027,0.8578255675029868,0.8620689655172413
100,2,12,58,0.6989756682764774,0.8602150537634409,0.8448275862068966
100,2,13,58,0.7160171029561045,0.8960573476702509,0.9137931034482759
100,2,14,58,0.6549263280937586,0.8195937873357229,0.896551724137931
100,2,15,58,0.693315697191547,0.8781362007168458,0.8620689655172413
100,2,16,58,0.7463471654003506,0.8769414575866189,0.8620689655172413
100,2,17,58,0.7677566212433481,0.9020310633213859,0.8793103448275862
100,2,18,58,0.6915315758712973,0.8793309438470729,0.9137931034482759
100,2,19,58,0.6838413977667723,0.878136200716846,0.8620689655172413
100,2,20,58,0.6493893998585009,0.8076463560334528,0.8275862068965517
100,2,21,58,0.5729797902119413,0.7921146953405018,0.8620689655172413
100,2,22,58,0.6379464148389676,0.8339307048984469,0.8620689655172413
100,2,23,58,0.7409332800147652,0.9044205495818398,0.896551724137931
100,2,24,58,0.6455750715186565,0.8076463560334528,0.8793103448275862
100,2,25,58,0.7691100925897445,0.9199522102747909,0.8620689655172413
100,2,26,58,0.7310283306161371,0.8864994026284349,0.896551724137931
100,2,27,58,0.7233381525116123,0.8697729988052569,0.8793103448275862
100,2,28,58,0.6683995201328864,0.8458781362007168,0.8448275862068966
100,2,29,58,0.709372789073795,0.8948626045400239,0.8620689655172413
100,2,30,58,0.7580362361192287,0.9044205495818399,0.896551724137931
100,2,31,58,0.7166938386293028,0.9056152927120669,0.8448275862068966
100,2,32,58,0.6644621489433696,0.8494623655913978,0.9137931034482759
100,2,33,58,0.6710449414008429,0.8458781362007168,0.8620689655172413
100,2,34,58,0.7030976037405027,0.8470728793309438,0.9137931034482759
100,2,35,58,0.7107877818450276,0.8494623655913978,0.896551724137931
100,2,36,58,0.6763973053615921,0.8530465949820788,0.896551724137931
100,2,37,58,0.6966378541327017,0.8781362007168458,0.9137931034482759
100,2,38,58,0.6701221200282999,0.8506571087216248,0.8620689655172413
100,2,39,58,0.717370574302501,0.8805256869772998,0.9310344827586207
100,2,40,58,0.7154018887077425,0.8769414575866188,0.9482758620689655
100,2,41,58,0.738410901596481,0.8841099163679809,0.9137931034482759
100,2,42,58,0.6584945707342582,0.8554360812425329,0.896551724137931
100,2,43,58,0.696084161309176,0.8661887694145758,0.8275862068965517
100,2,44,58,0.7185394813743886,0.8745519713261649,0.9310344827586207
100,2,45,58,0.769540742563598,0.9127837514934288,0.8620689655172413
100,2,46,58,0.6660001845642746,0.8375149342891278,0.8620689655172413
100,2,47,58,0.6586791350087668,0.8375149342891278,0.8103448275862069
100,2,48,58,0.7230920668122675,0.8829151732377538,0.8620689655172413
100,2,49,58,0.7931034482758621,0.9199522102747908,0.896551724137931
100,2,50,58,0.7600664431388232,0.8900836320191159,0.8793103448275862
100,2,51,58,0.7035897751391923,0.8697729988052569,0.896551724137931
100,2,52,58,0.7342274447076196,0.8900836320191159,0.8275862068965517
100,2,53,58,0.7126949460149498,0.8841099163679809,0.8103448275862069
100,2,54,58,0.700698268171891,0.8673835125448028,0.8793103448275862
100,2,55,58,0.7410563228644377,0.8936678614097969,0.8275862068965517
100,2,56,58,0.6826109692700484,0.8590203106332138,0.8620689655172413
100,2,57,58,0.613030237780307,0.8315412186379928,0.8793103448275862
100,2,58,58,0.7270294380017842,0.8960573476702509,0.896551724137931
100,2,59,58,0.662431941923775,0.8542413381123058,0.8793103448275862
100,2,60,58,0.7423482727859977,0.8924731182795698,0.8620689655172413
100,2,61,58,0.7064812821064936,0.8685782556750299,0.9482758620689655
100,2,62,58,0.7033436894398475,0.8566308243727598,0.8620689655172413
100,2,63,58,0.7032206465901751,0.8614097968936678,0.896551724137931
100,2,64,58,0.6564643637146638,0.8554360812425328,0.8793103448275862
100,2,65,58,0.7483773724199453,0.8900836320191159,0.9482758620689655
100,2,66,58,0.6693838629302655,0.8566308243727598,0.9310344827586207
100,2,67,58,0.7441939155310838,0.8757467144563917,0.8103448275862069
100,2,68,58,0.7466547725245317,0.921146953405018,0.896551724137931
100,2,69,58,0.7982097265372666,0.9235364396654719,0.8275862068965517
100,2,70,58,0.7329354947860592,0.8948626045400239,0.896551724137931
100,2,71,58,0.733489187609585,0.8984468339307049,0.9482758620689655
100,2,72,58,0.7139868959365099,0.8482676224611708,0.8275862068965517
100,2,73,58,0.6688301701067397,0.8434886499402628,0.8275862068965517
100,2,74,58,0.7091882247992864,0.8853046594982078,0.8793103448275862
100,2,75,58,0.6416377003291397,0.8375149342891278,0.896551724137931
100,2,76,58,0.691470054446461,0.8864994026284349,0.8448275862068966
100,2,77,58,0.7651727214002277,0.9020310633213859,0.9310344827586207
100,2,78,58,0.6639084561198438,0.8602150537634409,0.8793103448275862
100,2,79,58,0.7772309206681227,0.8888888888888888,0.9137931034482759
100,2,80,58,0.6875942046817805,0.8422939068100359,0.9137931034482759
100,2,81,58,0.6666769202374727,0.8458781362007168,0.8103448275862069
100,2,82,58,0.6903626687994094,0.8793309438470729,0.8448275862068966
100,2,83,58,0.6872865975575995,0.8399044205495818,0.8448275862068966
100,2,84,58,0.7123258174659326,0.8817204301075269,0.8448275862068966
100,2,85,58,0.668317517036153,0.8578255675029868,0.8620689655172413
100,2,86,58,0.7432710941585408,0.9103942652329748,0.8620689655172413
100,2,87,58,0.7366267802762312,0.8685782556750299,0.8275862068965517
100,2,88,58,0.6698760343289551,0.8267622461170848,0.8448275862068966
100,2,89,58,0.7225383739887415,0.8542413381123058,0.8620689655172413
100,2,90,58,0.6925159186686765,0.8566308243727598,0.7931034482758621
100,2,91,58,0.7608047002368575,0.899641577060932,0.8448275862068966
100,2,92,58,0.688640068903996,0.8721624850657108,0.9310344827586207
100,2,93,58,0.6946076471131072,0.8243727598566308,0.8620689655172413
100,2,94,58,0.6677227844596882,0.8243727598566308,0.896551724137931
100,2,95,58,0.6968224184072104,0.8900836320191159,0.8620689655172413
100,2,96,58,0.7657879356485897,0.9020310633213859,0.8793103448275862
100,2,97,58,0.7424713156356701,0.918757467144564,0.8793103448275862
100,2,98,58,0.6879018118059614,0.8566308243727598,0.8275862068965517
100,2,99,58,0.689009197453013,0.8602150537634408,0.8620689655172413
100,2,100,58,0.694853732812452,0.8470728793309438,0.9310344827586207
100,2,101,58,0.7066658463810023,0.8757467144563919,0.8275862068965517
100,2,102,58,0.6219508443815559,0.8315412186379928,0.8103448275862069
100,2,103,58,0.691470054446461,0.8494623655913979,0.9310344827586207
100,2,104,58,0.6956535113353226,0.8530465949820789,0.8620689655172413
100,2,105,58,0.7176166600018457,0.8769414575866188,0.896551724137931
100,2,106,58,0.6908548401980991,0.8673835125448028,0.896551724137931
100,2,107,58,0.8077455473868775,0.9235364396654719,0.8793103448275862
100,2,108,58,0.7215540311913624,0.8590203106332138,0.8793103448275862
100,2,109,58,0.6596634778061461,0.8470728793309439,0.8793103448275862
100,2,110,58,0.662431941923775,0.8602150537634409,0.8620689655172413
100,2,111,58,0.7154018887077425,0.8829151732377538,0.896551724137931
100,2,112,58,0.7099264818973208,0.8841099163679809,0.896551724137931
100,2,113,58,0.6191208588390908,0.8494623655913979,0.8448275862068966
100,2,114,58,0.6997139253745118,0.9020310633213858,0.9137931034482759
100,2,115,58,0.7155864529822512,0.8649940262843488,0.8793103448275862
100,2,116,58,0.728505952197853,0.8781362007168458,0.9310344827586207
100,2,117,58,0.7183549170998801,0.8590203106332138,0.896551724137931
100,2,118,58,0.6661847488387832,0.8470728793309439,0.8793103448275862
100,2,119,58,0.7326894090867145,0.8578255675029869,0.8793103448275862
100,2,120,58,0.6603402134793442,0.8494623655913978,0.7758620689655172
100,2,121,58,0.6970685041065551,0.8697729988052569,0.896551724137931
100,2,122,58,0.6912854901719524,0.8195937873357229,0.8620689655172413
100,2,123,58,0.6558491494663017,0.7885304659498208,0.8448275862068966
100,2,124,58,0.6332092651265805,0.8112305854241337,0.8275862068965517
100,2,125,58,0.756313636223815,0.8924731182795699,0.8620689655172413
100,2,126,58,0.7249377095573534,0.8972520908004779,0.8448275862068966
100,2,127,58,0.7027899966163217,0.8637992831541218,0.896551724137931
100,2,128,58,0.7622812144329264,0.9223416965352449,0.9655172413793104
100,2,129,58,0.7398258943677136,0.8912783751493429,0.896551724137931
100,2,130,58,0.7576055861453752,0.9091995221027478,0.8793103448275862
100,2,131,58,0.6832877049432465,0.8422939068100358,0.7758620689655172
100,2,132,58,0.7089421390999416,0.8685782556750299,0.9137931034482759
100,2,133,58,0.6824264049955397,0.8363201911589008,0.8275862068965517
100,2,134,58,0.6578793564858963,0.8542413381123058,0.8275862068965517
100,2,135,58,0.7297979021194131,0.8769414575866188,0.8620689655172413
100,2,136,58,0.675720569688394,0.8626045400238949,0.8275862068965517
100,2,137,58,0.6810114122243072,0.8422939068100358,0.8275862068965517
100,2,138,58,0.6848872619889877,0.8351254480286738,0.8103448275862069
100,2,139,58,0.7456089083023163,0.8853046594982078,0.9137931034482759
100,2,140,58,0.679411855178566,0.8410991636798089,0.8103448275862069
100,2,141,58,0.7282598664985082,0.9032258064516129,0.9310344827586207
100,2,142,58,0.7133101602633118,0.8578255675029869,0.9137931034482759
100,2,143,58,0.7622196930080901,0.8960573476702509,0.8793103448275862
100,2,144,58,0.7131871174136394,0.8387096774193548,0.8275862068965517
100,2,145,58,0.6508043926297334,0.8685782556750299,0.896551724137931
100,2,146,58,0.7328739733612231,0.8637992831541219,0.896551724137931
100,2,147,58,0.705681503583623,0.8470728793309439,0.8448275862068966
100,2,148,58,0.6604632563290167,0.8566308243727598,0.8448275862068966
100,2,149,58,0.6527730782244918,0.8363201911589009,0.8275862068965517
100,2,150,58,0.6896859331262112,0.8351254480286738,0.8620689655172413
100,2,151,58,0.6412070503552862,0.8303464755077659,0.9482758620689655
100,2,152,58,0.6403457504075796,0.8279569892473118,0.8793103448275862
100,2,153,58,0.696699375557538,0.8339307048984468,0.8448275862068966
100,2,154,58,0.7419176228121445,0.8829151732377539,0.9310344827586207
100,2,155,58,0.714048417361346,0.8566308243727598,0.8448275862068966
100,2,156,58,0.6871020332830908,0.8530465949820788,0.8793103448275862
100,2,157,58,0.7071580177796918,0.8817204301075268,0.8620689655172413
100,2,158,58,0.7055584607339507,0.881720430107527,0.8793103448275862
100,2,159,58,0.752253222184626,0.9127837514934289,0.9137931034482759
100,2,160,58,0.68064228367529,0.8769414575866189,0.8620689655172413
100,2,161,58,0.741486972838291,0.8637992831541219,0.8448275862068966
100,2,162,58,0.6946691685379435,0.8542413381123057,0.896551724137931
100,2,163,58,0.6151219662247378,0.8231780167264038,0.8448275862068966
100,2,164,58,0.7179242671260267,0.8602150537634408,0.8793103448275862
100,2,165,58,0.7294902949952321,0.8769414575866189,0.896551724137931
100,2,166,58,0.7237072810606294,0.9020310633213858,0.9310344827586207
100,2,167,58,0.6667999630871452,0.8637992831541219,0.896551724137931
100,2,168,58,0.6791657694792211,0.8494623655913978,0.8620689655172413
100,2,169,58,0.7364422160017227,0.9020310633213859,0.8620689655172413
100,2,170,58,0.7046356393614077,0.89247311827957,0.896551724137931
100,2,171,58,0.7114645175182258,0.8745519713261649,0.9137931034482759
100,2,172,58,0.6437294287735704,0.8387096774193549,0.896551724137931
100,2,173,58,0.7080808391522349,0.8602150537634409,0.8793103448275862
100,2,174,58,0.686548340459565,0.8422939068100359,0.8793103448275862
100,2,175,58,0.7406871943154204,0.8972520908004779,0.9137931034482759
100,2,176,58,0.7035897751391923,0.8853046594982079,0.8620689655172413
100,2,177,58,0.7293057307207236,0.8805256869772998,0.8793103448275862
100,2,178,58,0.6968224184072104,0.8482676224611708,0.8793103448275862
100,2,179,58,0.7300439878187579,0.8984468339307049,0.9137931034482759
100,2,180,58,0.7273370451259652,0.8948626045400239,0.896551724137931
100,2,181,58,0.7394567658186963,0.8960573476702509,0.8620689655172413
100,2,182,58,0.6514196068780953,0.8303464755077659,0.8103448275862069
100,2,183,58,0.7175551385770095,0.8924731182795699,0.9310344827586207
100,2,184,58,0.6682149558583778,0.8578255675029868,0.8793103448275862
100,2,185,58,0.6316097080808393,0.8339307048984469,0.7931034482758621
100,2,186,58,0.6664308345381279,0.8482676224611708,0.8448275862068966
100,2,187,58,0.6883324617798149,0.8769414575866188,0.8620689655172413
100,2,188,58,0.6988526254268049,0.8685782556750298,0.896551724137931
100,2,189,58,0.6579408779107325,0.8219832735961767,0.8620689655172413
100,2,190,58,0.7150942815835615,0.8518518518518517,0.896551724137931
100,2,191,58,0.717739702851518,0.8936678614097969,0.9310344827586207
100,2,192,58,0.755083207727091,0.905615292712067,0.896551724137931
100,2,193,58,0.7745854994001662,0.918757467144564,0.8793103448275862
100,2,194,58,0.7558214648251255,0.9008363201911589,0.896551724137931
100,2,195,58,0.6312195272752399,0.8112305854241337,0.8448275862068966
100,2,196,58,0.6823648835707037,0.8422939068100358,0.8620689655172413
100,2,197,58,0.703159125165339,0.8793309438470729,0.8448275862068966
100,2,198,58,0.7401950229167308,0.8793309438470729,0.9137931034482759
100,2,199,58,0.6433603002245534,0.8303464755077657,0.8620689655172413
20,3,0,58,0.5227863482476951,0.7333333333333334,0.6551724137931034
20,3,1,58,0.5842741574414001,0.7927272727272727,0.7586206896551724
20,3,2,58,0.4746143316924794,0.7563636363636363,0.7413793103448276
20,3,3,58,0.6271149968256716,0.7503030303030304,0.7241379310344828
20,3,4,58,0.45615492421061277,0.6896969696969698,0.7413793103448276
20,3,5,58,0.6181555312387026,0.7890909090909091,0.7241379310344828
20,3,6,58,0.6336383918150759,0.8096969696969697,0.8620689655172413
20,3,7,58,0.46437085690774954,0.7442424242424243,0.7241379310344828
20,3,8,58,0.521609400473715,0.8096969696969697,0.7758620689655172
20,3,9,58,0.4439761908949092,0.6842424242424242,0.7241379310344828
20,3,10,58,0.6497477547063387,0.813939393939394,0.6724137931034483
20,3,11,58,0.639258029095371,0.7909090909090909,0.8448275862068966
20,3,12,58,0.6209452913049704,0.8363636363636363,0.6724137931034483
20,3,13,58,0.6222468318435669,0.7733333333333333,0.7758620689655172
20,3,14,58,0.3525539474708345,0.6763636363636364,0.6724137931034483
20,3,15,58,0.4745455104740226,0.7284848484848485,0.8793103448275862
20,3,16,58,0.500422966360312,0.8181818181818182,0.8103448275862069
20,3,17,58,0.4815737666853391,0.7000000000000001,0.6724137931034483
20,3,18,58,0.6058201061067434,0.8054545454545454,0.7586206896551724
20,3,19,58,0.5866428780291422,0.7848484848484849,0.7931034482758621
20,3,20,58,0.5533970145417259,0.7066666666666667,0.6896551724137931
20,3,21,58,0.5356527626503871,0.7812121212121212,0.7931034482758621
20,3,22,58,0.43901988962838234,0.6624242424242425,0.7413793103448276
20,3,23,58,0.5944166737082586,0.7539393939393939,0.7586206896551724
20,3,24,58,0.6173036998035307,0.7969696969696969,0.7241379310344828
20,3,25,58,0.4436754031876491,0.7018181818181818,0.7241379310344828
20,3,26,58,0.5447134473656016,0.7369696969696969,0.6724137931034483
20,3,27,58,0.47199963092160235,0.6618181818181817,0.7586206896551724
20,3,28,58,0.409265697393797,0.7012121212121213,0.6724137931034483
20,3,29,58,0.46925999554280323,0.7303030303030302,0.7931034482758621
20,3,30,58,0.5069213734402878,0.7472727272727272,0.7241379310344828
20,3,31,58,0.5317070920542165,0.7351515151515151,0.7241379310344828
20,3,32,58,0.5817119132548346,0.8672727272727272,0.7413793103448276
20,3,33,58,0.5372216072432299,0.7412121212121211,0.6551724137931034
20,3,34,58,0.5891689866424303,0.7745454545454545,0.7241379310344828
20,3,35,58,0.5500576795827444,0.7454545454545455,0.6724137931034483
20,3,36,58,0.481335077033231,0.6757575757575757,0.6724137931034483
20,3,37,58,0.522141727045234,0.8066666666666666,0.7586206896551724
20,3,38,58,0.40637401252044936,0.706060606060606,0.7586206896551724
20,3,39,58,0.47351986861377876,0.706060606060606,0.7931034482758621
20,3,40,58,0.4268664062259682,0.7442424242424243,0.7586206896551724
20,3,41,58,0.5110977819554303,0.7357575757575757,0.6724137931034483
20,3,42,58,0.5342459438126236,0.7884848484848485,0.7586206896551724
20,3,43,58,0.39093719833210594,0.6,0.7413793103448276
20,3,44,58,0.6331979823347825,0.7896969696969698,0.6896551724137931
20,3,45,58,0.40328534533662064,0.6933333333333334,0.6379310344827587
20,3,46,58,0.5159960627518287,0.7163636363636364,0.7758620689655172
20,3,47,58,0.4306807345658126,0.6981818181818181,0.6724137931034483
20,3,48,58,0.5495654854731686,0.7084848484848485,0.7413793103448276
20,3,49,58,0.5339218974130769,0.7654545454545454,0.7586206896551724
20,3,50,58,0.6392986240751968,0.8212121212121212,0.7241379310344828
20,3,51,58,0.3659099300365448,0.670909090909091,0.603448275862069
20,3,52,58,0.6569560877562267,0.8436363636363636,0.8793103448275862
20,3,53,58,0.6062414446169799,0.8193939393939393,0.896551724137931
20,3,54,58,0.39882490482755806,0.7109090909090909,0.7413793103448276
20,3,55,58,0.3904269720070472,0.6557575757575758,0.603448275862069
20,3,56,58,0.7509882661066548,0.9357575757575758,0.7586206896551724
20,3,57,58,0.5764646170145222,0.7709090909090909,0.7586206896551724
20,3,58,58,0.5388744482849733,0.7854545454545455,0.7758620689655172
20,3,59,58,0.49318608393094954,0.7181818181818181,0.5862068965517241
20,3,60,58,0.555709364111827,0.7672727272727273,0.6896551724137931
20,3,61,58,0.47958163551786737,0.7369696969696969,0.7586206896551724
20,3,62,58,0.6649030254412432,0.7896969696969698,0.7413793103448276
20,3,63,58,0.43543797631529263,0.7278787878787879,0.7758620689655172
20,3,64,58,0.5754891106451182,0.7721212121212121,0.7758620689655172
20,3,65,58,0.4288724487949022,0.6878787878787879,0.7586206896551724
20,3,66,58,0.6166884571665611,0.7484848484848484,0.8793103448275862
20,3,67,58,0.6228504641560589,0.7927272727272727,0.7068965517241379
20,3,68,58,0.5665769443853803,0.7418181818181818,0.7068965517241379
20,3,69,58,0.5292154360254985,0.7715151515151515,0.6724137931034483
20,3,70,58,0.6216390846630535,0.7751515151515151,0.7241379310344828
20,3,71,58,0.4541721146110194,0.7406060606060606,0.8275862068965517
20,3,72,58,0.6589353554465358,0.8006060606060605,0.7586206896551724
20,3,73,58,0.6532031076707117,0.86,0.8103448275862069
20,3,74,58,0.6025901319450085,0.7842424242424243,0.7241379310344828
20,3,75,58,0.4583557645424133,0.7193939393939394,0.6724137931034483
20,3,76,58,0.6589147289939293,0.7903030303030304,0.7586206896551724
20,3,77,58,0.6134088008477367,0.8145454545454546,0.6724137931034483
20,3,78,58,0.5092827603390001,0.74,0.6896551724137931
20,3,79,58,0.5371210607092087,0.7145454545454545,0.7586206896551724
20,3,80,58,0.37498461934808586,0.626060606060606,0.6896551724137931
20,3,81,58,0.4598323468711406,0.6709090909090909,0.7413793103448276
20,3,82,58,0.49201759512750326,0.7151515151515151,0.7413793103448276
20,3,83,58,0.5800418361302302,0.7636363636363637,0.8275862068965517
20,3,84,58,0.5269472132430443,0.7078787878787879,0.7241379310344828
20,3,85,58,0.4821497253272817,0.7381818181818182,0.7586206896551724
20,3,86,58,0.6150391436813424,0.787878787878788,0.6896551724137931
20,3,87,58,0.5010920734251021,0.7848484848484848,0.7413793103448276
20,3,88,58,0.641524524431049,0.7503030303030302,0.7241379310344828
20,3,89,58,0.3927708994414452,0.6321212121212121,0.7241379310344828
20,3,90,58,0.5465815586838657,0.723030303030303,0.7931034482758621
20,3,91,58,0.5184114200601523,0.7109090909090909,0.7068965517241379
20,3,92,58,0.4727524422475039,0.6933333333333334,0.7413793103448276
20,3,93,58,0.47089947112227215,0.7933333333333333,0.7241379310344828
20,3,94,58,0.6792174237248347,0.8175757575757576,0.8103448275862069
20,3,95,58,0.49511651210135177,0.8030303030303031,0.7241379310344828
20,3,96,58,0.5998215826635214,0.8024242424242425,0.8103448275862069
20,3,97,58,0.529502247994283,0.7624242424242424,0.7586206896551724
20,3,98,58,0.5745400873542429,0.7696969696969697,0.6724137931034483
20,3,99,58,0.5886677535451721,0.7563636363636363,0.6551724137931034
20,3,100,58,0.5535901087995074,0.8036363636363636,0.7586206896551724
20,3,101,58,0.38322874387518074,0.6272727272727273,0.6896551724137931
20,3,102,58,0.5375292238300616,0.770909090909091,0.7586206896551724
20,3,103,58,0.6285222102149376,0.7648484848484848,0.7241379310344828
20,3,104,58,0.4591651542649728,0.7624242424242424,0.7758620689655172
20,3,105,58,0.4767134246133951,0.7442424242424243,0.7068965517241379
20,3,106,58,0.1917829301545151,0.5678787878787879,0.6206896551724138
20,3,107,58,0.5319224203529945,0.7721212121212121,0.7413793103448276
20,3,108,58,0.5087133743783818,0.7351515151515151,0.6379310344827587
20,3,109,58,0.4102130281995357,0.6333333333333333,0.6896551724137931
20,3,110,58,0.642068350302993,0.8642424242424243,0.7931034482758621
20,3,111,58,0.5721272898534204,0.7703030303030303,0.6551724137931034
20,3,112,58,0.42887904536103466,0.7,0.7068965517241379
20,3,113,58,0.5534552502308049,0.750909090909091,0.7586206896551724
20,3,114,58,0.5270800356652723,0.7872727272727273,0.7413793103448276
20,3,115,58,0.47799806210184953,0.7248484848484847,0.7586206896551724
20,3,116,58,0.5446044053271953,0.7787878787878788,0.7586206896551724
20,3,117,58,0.35258470865637426,0.6484848484848484,0.7413793103448276
20,3,118,58,0.6620626016430751,0.84,0.7931034482758621
20,3,119,58,0.6924650476848405,0.7999999999999999,0.8448275862068966
20,3,120,58,0.6427132207103786,0.8454545454545455,0.7931034482758621
20,3,121,58,0.5444673465253167,0.7581818181818182,0.7586206896551724
20,3,122,58,0.3821520858212691,0.6545454545454545,0.6896551724137931
20,3,123,58,0.6025715955581532,0.8096969696969696,0.7758620689655172
20,3,124,58,0.576974544950168,0.7806060606060605,0.7758620689655172
20,3,125,58,0.6815755880037764,0.8133333333333334,0.7758620689655172
20,3,126,58,0.5552701601776489,0.7975757575757576,0.7413793103448276
20,3,127,58,0.5538021412734692,0.7315151515151516,0.8275862068965517
20,3,128,58,0.526625035604661,0.7818181818181817,0.6724137931034483
20,3,129,58,0.4702770045313776,0.7084848484848485,0.7586206896551724
20,3,130,58,0.525509498367654,0.7909090909090909,0.7068965517241379
20,3,131,58,0.4977236374940138,0.7145454545454545,0.7758620689655172
20,3,132,58,0.46606989070901134,0.7393939393939393,0.6724137931034483
20,3,133,58,0.6217143209434637,0.8054545454545454,0.7931034482758621
20,3,134,58,0.4330626309419486,0.7,0.7413793103448276
20,3,135,58,0.44280045525854383,0.730909090909091,0.7068965517241379
20,3,136,58,0.6024885799811329,0.7787878787878788,0.7068965517241379
20,3,137,58,0.5371210607092087,0.7684848484848485,0.6896551724137931
20,3,138,58,0.44055804354061134,0.6927272727272727,0.7758620689655172
20,3,139,58,0.4429371233792525,0.7096969696969697,0.7068965517241379
20,3,140,58,0.5649291724371238,0.786060606060606,0.7586206896551724
20,3,141,58,0.5229481976142297,0.7248484848484849,0.6724137931034483
20,3,142,58,0.5436200322493334,0.8218181818181818,0.7758620689655172
20,3,143,58,0.38188110476708176,0.6236363636363637,0.6206896551724138
20,3,144,58,0.48470400054951046,0.7260606060606061,0.6551724137931034
20,3,145,58,0.6001168990347407,0.8048484848484849,0.7758620689655172
20,3,146,58,0.33673751884093645,0.6157575757575758,0.5862068965517241
20,3,147,58,0.4744912869503205,0.7206060606060606,0.7413793103448276
20,3,148,58,0.5912265061794486,0.7812121212121211,0.7931034482758621
20,3,149,58,0.6785620934260731,0.8775757575757576,0.7931034482758621
20,3,150,58,0.6587095292715903,0.8006060606060607,0.7413793103448276
20,3,151,58,0.42307159931220195,0.656969696969697,0.6724137931034483
20,3,152,58,0.39447495233023244,0.7096969696969696,0.6551724137931034
20,3,153,58,0.5054907871666308,0.7381818181818182,0.7241379310344828
20,3,154,58,0.4396628625918977,0.6763636363636364,0.7586206896551724
20,3,155,58,0.5022071151216163,0.7327272727272728,0.7068965517241379
20,3,156,58,0.5579807132001682,0.7321212121212121,0.7241379310344828
20,3,157,58,0.5971361336972201,0.8696969696969696,0.8103448275862069
20,3,158,58,0.534746363334063,0.7624242424242424,0.7241379310344828
20,3,159,58,0.5370760599426841,0.7587878787878788,0.8103448275862069
20,3,160,58,0.5410668145786286,0.7321212121212121,0.7241379310344828
20,3,161,58,0.552021167674263,0.8242424242424242,0.6896551724137931
20,3,162,58,0.5511428318180448,0.7393939393939395,0.7931034482758621
20,3,163,58,0.48984865287111723,0.7206060606060606,0.6896551724137931
20,3,164,58,0.5450602203374451,0.7436363636363635,0.7758620689655172
20,3,165,58,0.6572742514273904,0.7872727272727273,0.7931034482758621
20,3,166,58,0.48333461560338237,0.7272727272727272,0.7758620689655172
20,3,167,58,0.4740063986492744,0.6933333333333334,0.6724137931034483
20,3,168,58,0.48801870251315027,0.7454545454545455,0.6551724137931034
20,3,169,58,0.5737883938725657,0.7836363636363637,0.7068965517241379
20,3,170,58,0.68455942300113,0.833939393939394,0.6551724137931034
20,3,171,58,0.5209794514585054,0.7533333333333334,0.7586206896551724
20,3,172,58,0.6449786984758367,0.8412121212121212,0.7586206896551724
20,3,173,58,0.48425747955883697,0.6739393939393938,0.5862068965517241
20,3,174,58,0.3345125671572571,0.6745454545454546,0.6724137931034483
20,3,175,58,0.47415861889007,0.7224242424242424,0.6724137931034483
20,3,176,58,0.5329067782902659,0.7721212121212121,0.7068965517241379
20,3,177,58,0.34524340573553725,0.6642424242424243,0.7068965517241379
20,3,178,58,0.5648763383994175,0.7903030303030303,0.7413793103448276
20,3,179,58,0.5388851311942747,0.7951515151515152,0.7586206896551724
20,3,180,58,0.46334861115383436,0.7006060606060606,0.7758620689655172
20,3,181,58,0.47830567395724677,0.74,0.7241379310344828
20,3,182,58,0.4229728068938622,0.703030303030303,0.6896551724137931
20,3,183,58,0.6214586729828664,0.8266666666666667,0.7758620689655172
20,3,184,58,0.4280484805765885,0.6624242424242425,0.603448275862069
20,3,185,58,0.4832200313759266,0.7078787878787879,0.7586206896551724
20,3,186,58,0.6050324525516012,0.7987878787878787,0.6724137931034483
20,3,187,58,0.5667046048786492,0.7575757575757576,0.6206896551724138
20,3,188,58,0.5045679657940878,0.6872727272727274,0.7068965517241379
20,3,189,58,0.3998031284598584,0.6793939393939394,0.6551724137931034
20,3,190,58,0.6332190043353223,0.803030303030303,0.7758620689655172
20,3,191,58,0.4284044418468732,0.696969696969697,0.6896551724137931
20,3,192,58,0.6188015260710495,0.7854545454545454,0.8448275862068966
20,3,193,58,0.5933058537542263,0.8296969696969697,0.7241379310344828
20,3,194,58,0.6055861453751269,0.783030303030303,0.6551724137931034
20,3,195,58,0.515526708460319,0.7557575757575759,0.8103448275862069
20,3,196,58,0.4916323161280872,0.6963636363636364,0.6724137931034483
20,3,197,58,0.5445037452387437,0.7884848484848485,0.7758620689655172
20,3,198,58,0.4912248334094325,0.7115151515151515,0.6896551724137931
20,3,199,58,0.4121076026757499,0.7066666666666667,0.7586206896551724
50,3,0,58,0.5575379125780554,0.7333333333333334,0.7931034482758621
50,3,1,58,0.5788243255713803,0.7393939393939395,0.8448275862068966
50,3,2,58,0.6848872619889877,0.8024242424242425,0.7931034482758621
50,3,3,58,0.7337967947337661,0.829090909090909,0.7413793103448276
50,3,4,58,0.5632594050878219,0.7527272727272727,0.7931034482758621
50,3,5,58,0.7106032175705189,0.8266666666666667,0.8620689655172413
50,3,6,58,0.5801162754929405,0.7903030303030303,0.8448275862068966
50,3,7,58,0.663672578019654,0.7915151515151515,0.7413793103448276
50,3,8,58,0.6196130302377802,0.7648484848484848,0.8103448275862069
50,3,9,58,0.6367873018579309,0.7593939393939394,0.7413793103448276
50,3,10,58,0.7475775938970747,0.8048484848484849,0.7758620689655172
50,3,11,58,0.7624042572825988,0.8715151515151516,0.9137931034482759
50,3,12,58,0.6653234488910763,0.8254545454545454,0.8103448275862069
50,3,13,58,0.6422529145775017,0.7987878787878788,0.7586206896551724
50,3,14,58,0.6358337051061992,0.7727272727272727,0.7931034482758621
50,3,15,58,0.7054354178842782,0.8109090909090909,0.7931034482758621
50,3,16,58,0.7593281860407888,0.8351515151515152,0.8275862068965517
50,3,17,58,0.6840874834661171,0.8109090909090909,0.7758620689655172
50,3,18,58,0.6870405118582547,0.8048484848484849,0.7586206896551724
50,3,19,58,0.7160171029561045,0.8351515151515151,0.8793103448275862
50,3,20,58,0.6686456058322311,0.7866666666666666,0.8448275862068966
50,3,21,58,0.7236457596357934,0.8618181818181818,0.8275862068965517
50,3,22,58,0.6517679992157789,0.8466666666666667,0.7931034482758621
50,3,23,58,0.699160232550986,0.8812121212121211,0.8793103448275862
50,3,24,58,0.7201390384201299,0.8303030303030303,0.7758620689655172
50,3,25,58,0.6569565351133533,0.8096969696969697,0.7931034482758621
50,3,26,58,0.6524654711003107,0.7963636363636364,0.7931034482758621
50,3,27,58,0.7143560244855272,0.863030303030303,0.8793103448275862
50,3,28,58,0.5750715186563722,0.7478787878787879,0.8103448275862069
50,3,29,58,0.702851518041158,0.873939393939394,0.8275862068965517
50,3,30,58,0.6303792795841152,0.7660606060606061,0.7758620689655172
50,3,31,58,0.62780503568033,0.7872727272727272,0.7758620689655172
50,3,32,58,0.701005875296072,0.8254545454545454,0.8620689655172413
50,3,33,58,0.6767664339106094,0.7963636363636363,0.7241379310344828
50,3,34,58,0.7685563997662187,0.8606060606060606,0.8793103448275862
50,3,35,58,0.6577049080249466,0.82,0.7758620689655172
50,3,36,58,0.6436063859238982,0.8666666666666667,0.8275862068965517
50,3,37,58,0.6751053554400321,0.8193939393939395,0.8620689655172413
50,3,38,58,0.571318711741364,0.783030303030303,0.8275862068965517
50,3,39,58,0.6888246331785045,0.8157575757575757,0.8448275862068966
50,3,40,58,0.6839029191916085,0.823030303030303,0.7931034482758621
50,3,41,58,0.7670798855701498,0.8557575757575757,0.7758620689655172
50,3,42,58,0.7066658463810023,0.8,0.7758620689655172
50,3,43,58,0.5879294964471379,0.7551515151515151,0.7586206896551724
50,3,44,58,0.5694115475714417,0.7418181818181818,0.6206896551724138
50,3,45,58,0.6429395389658767,0.8272727272727273,0.9137931034482759
50,3,46,58,0.6915315758712973,0.8654545454545455,0.8103448275862069
50,3,47,58,0.6387461933618384,0.8218181818181818,0.8620689655172413
50,3,48,58,0.6370851148912609,0.7539393939393939,0.8103448275862069
50,3,49,58,0.6531422067735089,0.8303030303030303,0.8448275862068966
50,3,50,58,0.6842720477406258,0.8036363636363637,0.7758620689655172
50,3,51,58,0.699775446799348,0.7951515151515152,0.8448275862068966
50,3,52,58,0.6166600018456428,0.8133333333333334,0.8275862068965517
50,3,53,58,0.7163862315051217,0.8218181818181819,0.7586206896551724
50,3,54,58,0.731274416315482,0.8472727272727272,0.8448275862068966
50,3,55,58,0.6118613307084193,0.7769696969696971,0.7586206896551724
50,3,56,58,0.6412685717801225,0.783030303030303,0.7758620689655172
50,3,57,58,0.7134947245378204,0.8436363636363637,0.8103448275862069
50,3,58,58,0.7483773724199453,0.8933333333333333,0.8793103448275862
50,3,59,58,0.7300439878187579,0.8606060606060606,0.7586206896551724
50,3,60,58,0.6743055769171615,0.8533333333333333,0.7758620689655172
50,3,61,58,0.7015595681195977,0.8387878787878787,0.8448275862068966
50,3,62,58,0.6314866652311668,0.7915151515151515,0.7586206896551724
50,3,63,58,0.6300716724599342,0.8072727272727273,0.8275862068965517
50,3,64,58,0.7077117106032176,0.8569696969696969,0.8620689655172413
50,3,65,58,0.7238303239103019,0.8642424242424243,0.8103448275862069
50,3,66,58,0.6384385862376574,0.776969696969697,0.7931034482758621
50,3,67,58,0.7268448737272756,0.8412121212121212,0.7931034482758621
50,3,68,58,0.6850103048386601,0.8303030303030303,0.8448275862068966
50,3,69,58,0.6798425051524193,0.806060606060606,0.7758620689655172
50,3,70,58,0.6597249992309823,0.8157575757575758,0.8620689655172413
50,3,71,58,0.7238303239103019,0.8266666666666668,0.7586206896551724
50,3,72,58,0.6221969300809007,0.7648484848484849,0.7758620689655172
50,3,73,58,0.7066043249561661,0.8387878787878787,0.7413793103448276
50,3,74,58,0.5772247685256391,0.7818181818181819,0.7758620689655172
50,3,75,58,0.6084161309175921,0.8060606060606059,0.7586206896551724
50,3,76,58,0.6917161401458058,0.8278787878787879,0.8103448275862069
50,3,77,58,0.582146482512535,0.7442424242424243,0.7931034482758621
50,3,78,58,0.7759201440541252,0.8787878787878788,0.8620689655172413
50,3,79,58,0.7070349749300194,0.8666666666666667,0.7931034482758621
50,3,80,58,0.625396044172383,0.8096969696969697,0.7758620689655172
50,3,81,58,0.6048571912676921,0.7975757575757576,0.8448275862068966
50,3,82,58,0.6487741856101388,0.810909090909091,0.8103448275862069
50,3,83,58,0.6486511427604663,0.7842424242424242,0.7931034482758621
50,3,84,58,0.6251499584730383,0.8048484848484849,0.7241379310344828
50,3,85,58,0.626645749035263,0.8121212121212121,0.8275862068965517
50,3,86,58,0.7333661447599128,0.8206060606060606,0.8275862068965517
50,3,87,58,0.752622350733643,0.8787878787878788,0.896551724137931
50,3,88,58,0.6130917592051432,0.7963636363636364,0.8275862068965517
50,3,89,58,0.7210003383678366,0.8727272727272727,0.8620689655172413
50,3,90,58,0.7655536245272366,0.9187878787878787,0.8103448275862069
50,3,91,58,0.7847980559229751,0.8521212121212122,0.8103448275862069
50,3,92,58,0.6426220431265188,0.7890909090909092,0.7241379310344828
50,3,93,58,0.677258605309299,0.8521212121212121,0.8448275862068966
50,3,94,58,0.6214586729828664,0.7830303030303031,0.8103448275862069
50,3,95,58,0.5563690055061676,0.7745454545454545,0.8448275862068966
50,3,96,58,0.6268110369436156,0.7854545454545454,0.7586206896551724
50,3,97,58,0.7117106032175705,0.8581818181818182,0.8793103448275862
50,3,98,58,0.724814666707681,0.8593939393939393,0.8793103448275862
50,3,99,58,0.5810390968654834,0.7478787878787878,0.8275862068965517
50,3,100,58,0.6151219662247378,0.829090909090909,0.8448275862068966
50,3,101,58,0.738410901596481,0.7915151515151515,0.7758620689655172
50,3,102,58,0.6289027653880465,0.8024242424242425,0.7758620689655172
50,3,103,58,0.6848257405641516,0.8121212121212121,0.8448275862068966
50,3,104,58,0.7448091297794458,0.8981818181818182,0.8275862068965517
50,3,105,58,0.7421021870866529,0.8703030303030304,0.8620689655172413
50,3,106,58,0.7783383063151743,0.9090909090909091,0.8103448275862069
50,3,107,58,0.6618782491002492,0.8048484848484849,0.7758620689655172
50,3,108,58,0.6595404349564736,0.7890909090909091,0.7758620689655172
50,3,109,58,0.661201513427051,0.8266666666666667,0.8103448275862069
50,3,110,58,0.6437294287735704,0.8024242424242425,0.8448275862068966
50,3,111,58,0.7425943584853426,0.7975757575757576,0.7931034482758621
50,3,112,58,0.6129071949306346,0.7490909090909091,0.7586206896551724
50,3,113,58,0.6524654711003107,0.8145454545454545,0.8275862068965517
50,3,114,58,0.693008090067366,0.8327272727272728,0.7758620689655172
50,3,115,58,0.7021132609431235,0.84,0.7758620689655172
50,3,116,58,0.6712295056753514,0.8206060606060606,0.7068965517241379
50,3,117,58,0.6156236062065973,0.7903030303030303,0.7413793103448276
50,3,118,58,0.6020794241594636,0.7503030303030304,0.6896551724137931
50,3,119,58,0.7022978252176322,0.84,0.8620689655172413
50,3,120,58,0.6523424282506383,0.8193939393939395,0.8448275862068966
50,3,121,58,0.5970346673228952,0.7999999999999999,0.7758620689655172
50,3,122,58,0.6770740410347904,0.7927272727272727,0.8275862068965517
50,3,123,58,0.613030237780307,0.7781818181818182,0.8448275862068966
50,3,124,58,0.6470515857147253,0.8169696969696969,0.8275862068965517
50,3,125,58,0.6768894767602819,0.8036363636363637,0.8275862068965517
50,3,126,58,0.7093112676489589,0.8181818181818182,0.8275862068965517
50,3,127,58,0.7151558030083977,0.8496969696969697,0.7586206896551724
50,3,128,58,0.7079577963025624,0.7975757575757576,0.8275862068965517
50,3,129,58,0.6110000307607124,0.8036363636363637,0.8275862068965517
50,3,130,58,0.4832200313759266,0.7066666666666667,0.7758620689655172
50,3,131,58,0.6803961979759451,0.8460606060606061,0.896551724137931
50,3,132,58,0.6313021009566583,0.7963636363636364,0.8103448275862069
50,3,133,58,0.5938970746562491,0.8,0.7413793103448276
50,3,134,58,0.6225045372050817,0.7321212121212122,0.7931034482758621
50,3,135,58,0.7216770740410348,0.8678787878787879,0.8620689655172413
50,3,136,58,0.6184441231658926,0.7915151515151515,0.7413793103448276
50,3,137,58,0.6049709311267649,0.7890909090909091,0.8103448275862069
50,3,138,58,0.6255190870220555,0.8072727272727274,0.8103448275862069
50,3,139,58,0.6596634778061461,0.7951515151515152,0.8275862068965517
50,3,140,58,0.628410593989357,0.7975757575757576,0.7931034482758621
50,3,141,58,0.7233381525116123,0.8266666666666667,0.8275862068965517
50,3,142,58,0.6041711526038943,0.7927272727272727,0.8103448275862069
50,3,143,58,0.6602171706296719,0.8121212121212121,0.7586206896551724
50,3,144,58,0.6143221877018673,0.8448484848484848,0.7931034482758621
50,3,145,58,0.7320126734135163,0.8739393939393939,0.8620689655172413
50,3,146,58,0.6081272305079827,0.8096969696969697,0.9137931034482759
50,3,147,58,0.6493278784336646,0.8436363636363636,0.7931034482758621
50,3,148,58,0.6049094097019289,0.7781818181818182,0.8103448275862069
50,3,149,58,0.6869174690085823,0.8412121212121212,0.7931034482758621
50,3,150,58,0.7301670306684304,0.8824242424242424,0.8275862068965517
50,3,151,58,0.5942662032052664,0.8121212121212121,0.8448275862068966
50,3,152,58,0.6341936079239596,0.7733333333333333,0.8103448275862069
50,3,153,58,0.6463133286166908,0.8048484848484848,0.7931034482758621
50,3,154,58,0.6760078134210853,0.8315151515151515,0.7931034482758621
50,3,155,58,0.675351441139377,0.8303030303030303,0.8448275862068966
50,3,156,58,0.6622473776492664,0.8363636363636364,0.7931034482758621
50,3,157,58,0.6901165831000647,0.8436363636363636,0.7413793103448276
50,3,158,58,0.6749207911655235,0.8145454545454546,0.8103448275862069
50,3,159,58,0.7012519609954168,0.8351515151515152,0.8448275862068966
50,3,160,58,0.6759051339629026,0.8375757575757576,0.8448275862068966
50,3,161,58,0.6542495924205606,0.8557575757575757,0.9137931034482759
50,3,162,58,0.7422867513611616,0.8533333333333334,0.7758620689655172
50,3,163,58,0.6181365160417116,0.7793939393939394,0.8793103448275862
50,3,164,58,0.7354578732043434,0.8533333333333333,0.9137931034482759
50,3,165,58,0.7070349749300194,0.8593939393939394,0.8620689655172413
50,3,166,58,0.6550493709434311,0.8363636363636363,0.8275862068965517
50,3,167,58,0.7347811375311454,0.88,0.8103448275862069
50,3,168,58,0.6992832754006584,0.8472727272727273,0.896551724137931
50,3,169,58,0.6680919130087054,0.8642424242424243,0.8620689655172413
50,3,170,58,0.6915315758712973,0.8618181818181817,0.8103448275862069
50,3,171,58,0.6609554277277062,0.8,0.8103448275862069
50,3,172,58,0.721738595465871,0.8327272727272728,0.8620689655172413
50,3,173,58,0.6965148112830293,0.8351515151515151,0.7586206896551724
50,3,174,58,0.7385954658709896,0.8763636363636363,0.8275862068965517
50,3,175,58,0.5874988464732844,0.8024242424242425,0.8103448275862069
50,3,176,58,0.5731028330616138,0.7684848484848485,0.7758620689655172
50,3,177,58,0.7481312867206005,0.8751515151515151,0.8620689655172413
50,3,178,58,0.5597526838721586,0.7418181818181818,0.6896551724137931
50,3,179,58,0.7815989418314929,0.8812121212121212,0.8793103448275862
50,3,180,58,0.6183305905340934,0.8084848484848485,0.7758620689655172
50,3,181,58,0.49995385893137295,0.6981818181818181,0.7413793103448276
50,3,182,58,0.6782429481066783,0.8363636363636363,0.7931034482758621
50,3,183,58,0.7100495247469932,0.84,0.8275862068965517
50,3,184,58,0.7171860100279923,0.8521212121212121,0.7068965517241379
50,3,185,58,0.6778122981328248,0.8121212121212121,0.8448275862068966
50,3,186,58,0.6687071272570673,0.8375757575757575,0.8103448275862069
50,3,187,58,0.6653234488910763,0.8036363636363637,0.8103448275862069
50,3,188,58,0.6303792795841152,0.8327272727272728,0.8275862068965517
50,3,189,58,0.6435448644990619,0.8145454545454546,0.8103448275862069
50,3,190,58,0.6205358516103233,0.7563636363636363,0.8793103448275862
50,3,191,58,0.6691377772309207,0.7854545454545454,0.8103448275862069
50,3,192,58,0.716140145805777,0.8327272727272728,0.7931034482758621
50,3,193,58,0.7449321726291182,0.8775757575757576,0.896551724137931
50,3,194,58,0.6018948598849551,0.8,0.6724137931034483
50,3,195,58,0.6504967855055525,0.8133333333333332,0.7586206896551724
50,3,196,58,0.5996800885908519,0.8109090909090909,0.8103448275862069
50,3,197,58,0.6936848257405642,0.8303030303030303,0.7931034482758621
50,3,198,58,0.6541874958898631,0.8096969696969697,0.7931034482758621
50,3,199,58,0.6138915377280137,0.8072727272727274,0.7931034482758621
100,3,0,58,0.761235350210711,0.8824242424242424,0.8103448275862069
100,3,1,58,0.7851056630471562,0.8836363636363637,0.8793103448275862
100,3,2,58,0.7296133378449046,0.846060606060606,0.8793103448275862
100,3,3,58,0.7402565443415671,0.850909090909091,0.9482758620689655
100,3,4,58,0.7700329139622875,0.8739393939393939,0.9137931034482759
100,3,5,58,0.738410901596481,0.8472727272727273,0.8620689655172413
100,3,6,58,0.7760620135962351,0.8763636363636365,0.8448275862068966
100,3,7,58,0.7061121535574765,0.8533333333333334,0.7931034482758621
100,3,8,58,0.7783998277400106,0.8872727272727273,0.9655172413793104
100,3,9,58,0.7003291396228737,0.8763636363636363,0.8275862068965517
100,3,10,58,0.7082038820019072,0.8,0.8103448275862069
100,3,11,58,0.7745239779753299,0.8436363636363636,0.8620689655172413
100,3,12,58,0.7114029960933895,0.8315151515151515,0.8448275862068966
100,3,13,58,0.680949890799471,0.8266666666666667,0.8448275862068966
100,3,14,58,0.6593558706819651,0.8121212121212121,0.8275862068965517
100,3,15,58,0.8043618690208866,0.9090909090909091,0.8275862068965517
100,3,16,58,0.7123258174659326,0.8266666666666667,0.8793103448275862
100,3,17,58,0.7774154849426314,0.8436363636363636,0.8448275862068966
100,3,18,58,0.7395798086683688,0.8521212121212121,0.896551724137931
100,3,19,58,0.7700944353871236,0.8775757575757577,0.8275862068965517
100,3,20,58,0.7323818019625334,0.8606060606060606,0.9137931034482759
100,3,21,58,0.7213694669168539,0.8775757575757576,0.8448275862068966
100,3,22,58,0.7056199821587869,0.8448484848484848,0.8448275862068966
100,3,23,58,0.752929957857824,0.8545454545454545,0.8793103448275862
100,3,24,58,0.7834258733258191,0.9078787878787878,0.8103448275862069
100,3,25,58,0.7109723461195362,0.850909090909091,0.9137931034482759
100,3,26,58,0.7082038820019072,0.8387878787878787,0.8620689655172413
100,3,27,58,0.7350272232304901,0.863030303030303,0.8448275862068966
100,3,28,58,0.7162631886554494,0.863030303030303,0.8448275862068966
100,3,29,58,0.7506536651388847,0.8533333333333333,0.9310344827586207
100,3,30,58,0.7241994524593192,0.8424242424242424,0.8275862068965517
100,3,31,58,0.8219569965240396,0.9139393939393939,0.8793103448275862
100,3,32,58,0.7035897751391923,0.8666666666666666,0.9137931034482759
100,3,33,58,0.7286905164723615,0.8533333333333334,0.8620689655172413
100,3,34,58,0.6845796548648068,0.8072727272727273,0.8275862068965517
100,3,35,58,0.78812021286413,0.8618181818181818,0.8103448275862069
100,3,36,58,0.7496078009166692,0.8654545454545455,0.8793103448275862
100,3,37,58,0.7745239779753299,0.8933333333333334,0.9137931034482759
100,3,38,58,0.7658494570734259,0.88,0.8103448275862069
100,3,39,58,0.6815448268182366,0.8363636363636364,0.896551724137931
100,3,40,58,0.69423851856409,0.8206060606060606,0.8103448275862069
100,3,41,58,0.7145405887600357,0.8230303030303031,0.8620689655172413
100,3,42,58,0.7533606078316775,0.8654545454545455,0.9482758620689655
100,3,43,58,0.663662370420499,0.8169696969696969,0.8275862068965517
100,3,44,58,0.697929804054262,0.7999999999999999,0.7241379310344828
100,3,45,58,0.7628349072564522,0.8751515151515152,0.8620689655172413
100,3,46,58,0.6875942046817805,0.8290909090909091,0.8103448275862069
100,3,47,58,0.7418561013873083,0.8533333333333333,0.8103448275862069
100,3,48,58,0.7229075025377588,0.850909090909091,0.896551724137931
100,3,49,58,0.7273985665508015,0.8993939393939394,0.8793103448275862
100,3,50,58,0.7641883786028485,0.886060606060606,0.8275862068965517
100,3,51,58,0.7609892645113661,0.8896969696969698,0.9310344827586207
100,3,52,58,0.7724322495308992,0.8484848484848485,0.8275862068965517
100,3,53,58,0.7686794426158912,0.8703030303030302,0.8793103448275862
100,3,54,58,0.722661416838414,0.8533333333333333,0.8620689655172413
100,3,55,58,0.742717401335015,0.856969696969697,0.9310344827586207
100,3,56,58,0.6896859331262112,0.8303030303030303,0.896551724137931
100,3,57,58,0.7525608293088069,0.8654545454545455,0.8620689655172413
100,3,58,58,0.7156479744070874,0.8666666666666667,0.8448275862068966
100,3,59,58,0.7725552923805716,0.8642424242424243,0.8620689655172413
100,3,60,58,0.7576055861453752,0.8484848484848485,0.8620689655172413
100,3,61,58,0.7433941370082132,0.8460606060606062,0.8275862068965517
100,3,62,58,0.7909501984065952,0.8872727272727272,0.896551724137931
100,3,63,58,0.6906702759235905,0.8569696969696969,0.896551724137931
100,3,64,58,0.7811067704328032,0.8557575757575757,0.8275862068965517
100,3,65,58,0.7431480513088684,0.84,0.8620689655172413
100,3,66,58,0.686240733335384,0.8012121212121213,0.8448275862068966
100,3,67,58,0.7214925097665262,0.8327272727272728,0.8275862068965517
100,3,68,58,0.7418561013873083,0.8666666666666667,0.8103448275862069
100,3,69,58,0.684948783413824,0.8557575757575757,0.896551724137931
100,3,70,58,0.6980528469039343,0.8666666666666666,0.896551724137931
100,3,71,58,0.7048202036359162,0.8787878787878788,0.8103448275862069
100,3,72,58,0.716140145805777,0.8472727272727273,0.7586206896551724
100,3,73,58,0.7483773724199453,0.8569696969696969,0.8103448275862069
100,3,74,58,0.721738595465871,0.84,0.8793103448275862
100,3,75,58,0.7804300347596052,0.8933333333333334,0.896551724137931
100,3,76,58,0.6927004829431851,0.823030303030303,0.8793103448275862
100,3,77,58,0.7020517395182874,0.8290909090909091,0.7931034482758621
100,3,78,58,0.7134947245378204,0.8715151515151516,0.8793103448275862
100,3,79,58,0.7454858654526438,0.8763636363636363,0.9137931034482759
100,3,80,58,0.7235227167861209,0.8412121212121213,0.8103448275862069
100,3,81,58,0.7068504106555109,0.7987878787878787,0.8448275862068966
100,3,82,58,0.7221077240148882,0.8242424242424242,0.8448275862068966
100,3,83,58,0.7345350518318006,0.8569696969696969,0.8103448275862069
100,3,84,58,0.7564982004983236,0.8703030303030304,0.8793103448275862
100,3,85,58,0.7646805500015381,0.8642424242424243,0.8620689655172413
100,3,86,58,0.7449321726291182,0.8496969696969697,0.8620689655172413
100,3,87,58,0.7277676950998186,0.8654545454545455,0.7586206896551724
100,3,88,58,0.744563044080101,0.8848484848484849,0.9137931034482759
100,3,89,58,0.732812451936387,0.8521212121212122,0.8793103448275862
100,3,90,58,0.7225383739887415,0.8642424242424243,0.8275862068965517
100,3,91,58,0.7038973822633733,0.8266666666666667,0.8103448275862069
100,3,92,58,0.7771693992432865,0.9078787878787878,0.9310344827586207
100,3,93,58,0.7313359377403182,0.8484848484848485,0.896551724137931
100,3,94,58,0.6923313543941679,0.8109090909090909,0.8275862068965517
100,3,95,58,0.7592051431911164,0.8703030303030302,0.896551724137931
100,3,96,58,0.6802731551262728,0.8096969696969698,0.8103448275862069
100,3,97,58,0.7715094281583562,0.8824242424242424,0.9482758620689655
100,3,98,58,0.7015595681195977,0.8181818181818181,0.7931034482758621
100,3,99,58,0.7232766310867761,0.8363636363636364,0.9310344827586207
100,3,100,58,0.7342889661324556,0.8581818181818182,0.896551724137931
100,3,101,58,0.7764311421452522,0.8787878787878788,0.8793103448275862
100,3,102,58,0.7534836506813499,0.8787878787878787,0.896551724137931
100,3,103,58,0.7495462794918331,0.8751515151515151,0.7931034482758621
100,3,104,58,0.739333722969024,0.8884848484848484,0.8620689655172413
100,3,105,58,0.7835061060014151,0.8775757575757577,0.8793103448275862
100,3,106,58,0.7859054415700268,0.8412121212121212,0.8275862068965517
100,3,107,58,0.7280137807991632,0.8472727272727274,0.8448275862068966
100,3,108,58,0.7082038820019072,0.8315151515151515,0.8103448275862069
100,3,109,58,0.749853886616014,0.8690909090909091,0.9137931034482759
100,3,110,58,0.7904580270079057,0.8678787878787878,0.9310344827586207
100,3,111,58,0.7235842382109571,0.8387878787878789,0.896551724137931
100,3,112,58,0.7788304777138639,0.8933333333333333,0.8620689655172413
100,3,113,58,0.8054692546679382,0.8812121212121212,0.8103448275862069
100,3,114,58,0.6823648835707037,0.8036363636363636,0.7931034482758621
100,3,115,58,0.6776892552831525,0.8703030303030302,0.896551724137931
100,3,116,58,0.7224153311390693,0.8218181818181818,0.8448275862068966
100,3,117,58,0.7566212433479961,0.8884848484848484,0.8103448275862069
100,3,118,58,0.7186010027992249,0.8351515151515152,0.8275862068965517
100,3,119,58,0.7583438432434096,0.869090909090909,0.9310344827586207
100,3,120,58,0.7999938478575164,0.8884848484848484,0.8448275862068966
100,3,121,58,0.7438247869820666,0.8836363636363637,0.8620689655172413
100,3,122,58,0.749853886616014,0.8690909090909091,0.9310344827586207
100,3,123,58,0.7403180657664031,0.8642424242424243,0.8793103448275862
100,3,124,58,0.6756590482635578,0.8436363636363636,0.896551724137931
100,3,125,58,0.7307822449167924,0.8533333333333333,0.8275862068965517
100,3,126,58,0.7369343874004123,0.8618181818181818,0.9137931034482759
100,3,127,58,0.7323818019625334,0.8496969696969697,0.8448275862068966
100,3,128,58,0.6461287643421822,0.8060606060606061,0.896551724137931
100,3,129,58,0.7202005598449661,0.8254545454545454,0.8793103448275862
100,3,130,58,0.755083207727091,0.8545454545454545,0.8793103448275862
100,3,131,58,0.7247531452828448,0.8545454545454546,0.8275862068965517
100,3,132,58,0.7225998954135778,0.8121212121212121,0.896551724137931
100,3,133,58,0.7561290719493063,0.8860606060606061,0.8793103448275862
100,3,134,58,0.775754406472054,0.856969696969697,0.8448275862068966
100,3,135,58,0.7817835061060014,0.8981818181818181,0.8448275862068966
100,3,136,58,0.7349657018056539,0.8533333333333334,0.8620689655172413
100,3,137,58,0.7516995293611002,0.8424242424242424,0.8448275862068966
100,3,138,58,0.6750438340151959,0.7878787878787878,0.8275862068965517
100,3,139,58,0.6805192408256175,0.8496969696969697,0.8103448275862069
100,3,140,58,0.7409948014396014,0.8545454545454546,0.8620689655172413
100,3,141,58,0.7816604632563291,0.8678787878787879,0.896551724137931
100,3,142,58,0.6941769971392537,0.8351515151515151,0.8620689655172413
100,3,143,58,0.7608047002368575,0.8715151515151515,0.8448275862068966
100,3,144,58,0.7170014457534838,0.8412121212121212,0.896551724137931
100,3,145,58,0.7919345412039743,0.9018181818181819,0.9310344827586207
100,3,146,58,0.6767049124857731,0.8278787878787879,0.8620689655172413
100,3,147,58,0.6895013688517027,0.869090909090909,0.8620689655172413
100,3,148,58,0.7512688793872466,0.8666666666666667,0.9137931034482759
100,3,149,58,0.7617890430342368,0.8303030303030303,0.896551724137931
100,3,150,58,0.7075886677535452,0.84,0.8448275862068966
100,3,151,58,0.6798425051524193,0.7963636363636364,0.8103448275862069
100,3,152,58,0.7006367467470547,0.8496969696969697,0.8793103448275862
100,3,153,58,0.7440708726814114,0.8375757575757575,0.8448275862068966
100,3,154,58,0.713679288812329,0.8254545454545454,0.8448275862068966
100,3,155,58,0.7733550709034422,0.8787878787878788,0.896551724137931
100,3,156,58,0.6626780276231198,0.7975757575757575,0.8793103448275862
100,3,157,58,0.6999600110738565,0.8642424242424243,0.8275862068965517
100,3,158,58,0.7547140791780739,0.8715151515151515,0.896551724137931
100,3,159,58,0.7804300347596052,0.8751515151515151,0.8793103448275862
100,3,160,58,0.7531145221323327,0.8787878787878787,0.8793103448275862
100,3,161,58,0.6958380756098312,0.8290909090909091,0.8448275862068966
100,3,162,58,0.7472699867728937,0.8509090909090908,0.9310344827586207
100,3,163,58,0.7653572856747363,0.8860606060606061,0.8793103448275862
100,3,164,58,0.7202005598449661,0.869090909090909,0.8793103448275862
100,3,165,58,0.7645575071518658,0.8775757575757576,0.8620689655172413
100,3,166,58,0.6319788366298564,0.7745454545454545,0.7931034482758621
100,3,167,58,0.6893168045771941,0.8157575757575758,0.7931034482758621
100,3,168,58,0.7513304008120829,0.8545454545454545,0.9310344827586207
100,3,169,58,0.7710291155533083,0.8921212121212121,0.7586206896551724
100,3,170,58,0.7432710941585408,0.8630303030303029,0.8275862068965517
100,3,171,58,0.7688640068903997,0.9018181818181819,0.8620689655172413
100,3,172,58,0.6441600787474239,0.7866666666666666,0.8793103448275862
100,3,173,58,0.8108831400535237,0.9042424242424242,0.8620689655172413
100,3,174,58,0.6834722692177552,0.8351515151515151,0.896551724137931
100,3,175,58,0.7764926635700884,0.8630303030303029,0.8103448275862069
100,3,176,58,0.7596973145898059,0.8933333333333333,0.8275862068965517
100,3,177,58,0.7238918453351381,0.8400000000000001,0.8103448275862069
100,3,178,58,0.7391491586945155,0.8509090909090908,0.8793103448275862
100,3,179,58,0.6471746285643977,0.7745454545454545,0.8275862068965517
100,3,180,58,0.8298932603279092,0.9224242424242424,0.9482758620689655
100,3,181,58,0.712756467439786,0.8593939393939394,0.8793103448275862
100,3,182,58,0.7472084653480575,0.8521212121212122,0.8620689655172413
100,3,183,58,0.7045125965117353,0.816969696969697,0.8103448275862069
100,3,184,58,0.8014703620535852,0.8848484848484849,0.9137931034482759
100,3,185,58,0.7859054415700268,0.896969696969697,0.8275862068965517
100,3,186,58,0.7772309206681227,0.8824242424242424,0.9482758620689655
100,3,187,58,0.7680642283675291,0.8666666666666667,0.896551724137931
100,3,188,58,0.778522870589683,0.886060606060606,0.8448275862068966
100,3,189,58,0.7109723461195362,0.8145454545454546,0.8620689655172413
100,3,190,58,0.7292442092958873,0.8533333333333333,0.8620689655172413
100,3,191,58,0.7512073579624104,0.8266666666666667,0.8448275862068966
100,3,192,58,0.7342889661324556,0.8496969696969696,0.8448275862068966
100,3,193,58,0.775139192223692,0.8799999999999999,0.9827586206896551
100,3,194,58,0.7440708726814114,0.8666666666666666,0.8275862068965517
100,3,195,58,0.7454243440278079,0.9090909090909091,0.9310344827586207
100,3,196,58,0.7615429573348919,0.8484848484848485,0.8275862068965517
100,3,197,58,0.7475160724722385,0.8593939393939394,0.8620689655172413
100,3,198,58,0.7100495247469932,0.8315151515151515,0.7931034482758621
100,3,199,58,0.7318896305638439,0.8533333333333333,0.896551724137931
20,4,0,58,0.5939552417305313,0.7996432818073722,0.7931034482758621
20,4,1,58,0.5713582602149272,0.7645659928656362,0.7931034482758621
20,4,2,58,0.4523501909363086,0.6640903686087991,0.6379310344827587
20,4,3,58,0.5448812602553441,0.7681331747919143,0.7586206896551724
20,4,4,58,0.4269410608639937,0.6896551724137931,0.8448275862068966
20,4,5,58,0.45777128403729217,0.7651605231866825,0.7241379310344828
20,4,6,58,0.5114125756080333,0.7395957193816884,0.7931034482758621
20,4,7,58,0.5219103289413815,0.7205707491082045,0.7241379310344828
20,4,8,58,0.40841626041098245,0.7122473246135553,0.6896551724137931
20,4,9,58,0.536491579437563,0.8139120095124851,0.7068965517241379
20,4,10,58,0.5580386668762245,0.7544589774078477,0.6551724137931034
20,4,11,58,0.5944690540526464,0.7598097502972652,0.7068965517241379
20,4,12,58,0.6396468465055036,0.7538644470868013,0.7931034482758621
20,4,13,58,0.41426725748651944,0.6694411414982163,0.6896551724137931
20,4,14,58,0.6114802513044504,0.8055885850178359,0.7586206896551724
20,4,15,58,0.6908962272223143,0.7996432818073722,0.8103448275862069
20,4,16,58,0.5486341826146933,0.7550535077288942,0.7586206896551724
20,4,17,58,0.49104080477069467,0.7259215219976218,0.7758620689655172
20,4,18,58,0.5646523217672662,0.7633769322235433,0.6896551724137931
20,4,19,58,0.572281095781119,0.753269916765755,0.7413793103448276
20,4,20,58,0.5513019672430238,0.8038049940546969,0.7758620689655172
20,4,21,58,0.6150699048668822,0.7705112960760998,0.7241379310344828
20,4,22,58,0.5471799683807002,0.7621878715814507,0.7241379310344828
20,4,23,58,0.4447691408533022,0.737217598097503,0.6724137931034483
20,4,24,58,0.5780601112242061,0.727705112960761,0.7068965517241379
20,4,25,58,0.7022271444198608,0.8537455410225923,0.7758620689655172
20,4,26,58,0.5036223539419976,0.7978596908442331,0.7758620689655172
20,4,27,58,0.34804275973374926,0.6325802615933412,0.7068965517241379
20,4,28,58,0.7521341236954365,0.8799048751486327,0.7413793103448276
20,4,29,58,0.580019996003168,0.7812128418549346,0.6896551724137931
20,4,30,58,0.5106585868528716,0.7669441141498217,0.8103448275862069
20,4,31,58,0.3943830939124551,0.7110582639714627,0.6896551724137931
20,4,32,58,0.42568638051932317,0.6730083234244947,0.5862068965517241
20,4,33,58,0.5070751817337037,0.7253269916765755,0.7241379310344828
20,4,34,58,0.5213098113417881,0.7092746730083235,0.7931034482758621
20,4,35,58,0.43210901952276964,0.7699167657550535,0.6896551724137931
20,4,36,58,0.5598092753787139,0.7699167657550535,0.7413793103448276
20,4,37,58,0.5081440239307841,0.7806183115338883,0.7241379310344828
20,4,38,58,0.5415980933244113,0.7336504161712247,0.8275862068965517
20,4,39,58,0.48888752178291367,0.7669441141498217,0.8103448275862069
20,4,40,58,0.6111632343033364,0.8032104637336505,0.6896551724137931
20,4,41,58,0.5749926954694202,0.8365041617122473,0.7931034482758621
20,4,42,58,0.5679525042677366,0.7461355529131987,0.7241379310344828
20,4,43,58,0.4135905009954893,0.6848989298454221,0.7586206896551724
20,4,44,58,0.5030069059456492,0.7598097502972652,0.7931034482758621
20,4,45,58,0.4173677654030436,0.6866825208085612,0.7758620689655172
20,4,46,58,0.5180730314047606,0.7354340071343638,0.7413793103448276
20,4,47,58,0.6277953797409949,0.8489892984542212,0.8620689655172413
20,4,48,58,0.40309457531260934,0.6361474435196195,0.7068965517241379
20,4,49,58,0.48752653111446065,0.7384066587395957,0.7241379310344828
20,4,50,58,0.5700662904222585,0.7621878715814506,0.7931034482758621
20,4,51,58,0.6026423859088316,0.7740784780023782,0.7241379310344828
20,4,52,58,0.5579685625519087,0.7919143876337693,0.7931034482758621
20,4,53,58,0.5673987944114391,0.8460166468489894,0.6896551724137931
20,4,54,58,0.5260551251412318,0.7711058263971463,0.7586206896551724
20,4,55,58,0.5602227110495452,0.781807372175981,0.8103448275862069
20,4,56,58,0.5636151103934068,0.7639714625445898,0.7241379310344828
20,4,57,58,0.5461676911542499,0.7425683709869203,0.7586206896551724
20,4,58,58,0.48720236471563205,0.7431629013079666,0.7241379310344828
20,4,59,58,0.42537875920083834,0.7021403091557669,0.7068965517241379
20,4,60,58,0.4837578444518456,0.6843043995243758,0.7586206896551724
20,4,61,58,0.5981173297074259,0.7586206896551725,0.7413793103448276
20,4,62,58,0.5406137051052599,0.7693222354340071,0.8275862068965517
20,4,63,58,0.5480412815758126,0.7467300832342448,0.6724137931034483
20,4,64,58,0.4261962256529458,0.6956004756242568,0.6724137931034483
20,4,65,58,0.3117742062843865,0.6611177170035671,0.7758620689655172
20,4,66,58,0.5670296545072409,0.7615933412604042,0.7931034482758621
20,4,67,58,0.4618082267946242,0.7235434007134364,0.7068965517241379
20,4,68,58,0.41865473183047136,0.6658739595719382,0.7586206896551724
20,4,69,58,0.3818327232458704,0.6730083234244947,0.7586206896551724
20,4,70,58,0.3858494197755362,0.7027348394768134,0.7241379310344828
20,4,71,58,0.6207702722267738,0.8115338882282996,0.8448275862068966
20,4,72,58,0.5221336952694615,0.7598097502972652,0.6206896551724138
20,4,73,58,0.7253207015296862,0.8275862068965518,0.7586206896551724
20,4,74,58,0.5912915084446716,0.8073721759809751,0.7758620689655172
20,4,75,58,0.5501499659782899,0.7294887039239001,0.7931034482758621
20,4,76,58,0.4757144175459105,0.7502972651605232,0.6551724137931034
20,4,77,58,0.49392475929742535,0.7253269916765755,0.6896551724137931
20,4,78,58,0.3404144074216646,0.6373365041617122,0.7068965517241379
20,4,79,58,0.4710225177570049,0.7586206896551724,0.6896551724137931
20,4,80,58,0.4181560902490892,0.7306777645659929,0.6206896551724138
20,4,81,58,0.6047649077110729,0.8525564803804994,0.7586206896551724
20,4,82,58,0.45378900908208275,0.6878715814506541,0.6724137931034483
20,4,83,58,0.5280076286566798,0.7027348394768133,0.8620689655172413
20,4,84,58,0.5813645874536074,0.753269916765755,0.6379310344827587
20,4,85,58,0.38201728752037906,0.727705112960761,0.7241379310344828
20,4,86,58,0.5024841200469482,0.7205707491082046,0.7586206896551724
20,4,87,58,0.5481419960757623,0.7497027348394768,0.7241379310344828
20,4,88,58,0.5330298230324247,0.7972651605231867,0.7068965517241379
20,4,89,58,0.47955087338601887,0.7461355529131984,0.7413793103448276
20,4,90,58,0.5535953247453201,0.732461355529132,0.6896551724137931
20,4,91,58,0.6027102289677856,0.8198573127229488,0.7413793103448276
20,4,92,58,0.6536136703481626,0.847205707491082,0.7758620689655172
20,4,93,58,0.4319178061633354,0.7158145065398335,0.7413793103448276
20,4,94,58,0.5374984621713785,0.7461355529131987,0.6896551724137931
20,4,95,58,0.5334686848838807,0.7288941736028538,0.7931034482758621
20,4,96,58,0.5696839197020773,0.7847800237812128,0.7586206896551724
20,4,97,58,0.38138304435418935,0.7211652794292509,0.5862068965517241
20,4,98,58,0.435824476726881,0.6783590963139121,0.7068965517241379
20,4,99,58,0.4889182829684533,0.7104637336504162,0.6724137931034483
20,4,100,58,0.530523725858957,0.7758620689655172,0.7758620689655172
20,4,101,58,0.4109947253475712,0.6468489892984542,0.7241379310344828
20,4,102,58,0.5593342886429296,0.7776456599286563,0.7758620689655172
20,4,103,58,0.5342992496683268,0.7669441141498217,0.7586206896551724
20,4,104,58,0.49798505031650525,0.7461355529131986,0.7068965517241379
20,4,105,58,0.31330267472214024,0.6248513674197383,0.6206896551724138
20,4,106,58,0.6672101143567228,0.8579072532699168,0.8448275862068966
20,4,107,58,0.4515434425376825,0.7497027348394768,0.6206896551724138
20,4,108,58,0.43137737491129274,0.7098692033293699,0.6724137931034483
20,4,109,58,0.5366761522286538,0.7580261593341261,0.8103448275862069
20,4,110,58,0.6026731470943714,0.7907253269916765,0.7758620689655172
20,4,111,58,0.3365529545664278,0.6111771700356718,0.7241379310344828
20,4,112,58,0.6241232930232414,0.7598097502972652,0.7931034482758621
20,4,113,58,0.5427138780382867,0.7829964328180737,0.7586206896551724
20,4,114,58,0.5187338503746326,0.7497027348394768,0.7241379310344828
20,4,115,58,0.612705742218018,0.7942925089179548,0.8448275862068966
20,4,116,58,0.6946691685379435,0.8442330558858503,0.7758620689655172
20,4,117,58,0.6424154809587088,0.8079667063020214,0.7758620689655172
20,4,118,58,0.3990956211924445,0.6634958382877527,0.7241379310344828
20,4,119,58,0.44841959595535297,0.6866825208085612,0.6551724137931034
20,4,120,58,0.557550030104744,0.7657550535077289,0.6724137931034483
20,4,121,58,0.5737268715014864,0.7925089179548157,0.8275862068965517
20,4,122,58,0.5246935417511582,0.7479191438763377,0.7413793103448276
20,4,123,58,0.4859111605596689,0.7098692033293698,0.7413793103448276
20,4,124,58,0.5789651780763186,0.8002378121284185,0.8275862068965517
20,4,125,58,0.5418050943870251,0.7847800237812128,0.7241379310344828
20,4,126,58,0.6135626067754355,0.7758620689655172,0.7586206896551724
20,4,127,58,0.3000092282137255,0.6099881093935791,0.6896551724137931
20,4,128,58,0.5143270222242695,0.678359096313912,0.7758620689655172
20,4,129,58,0.3611670794219587,0.6313912009512486,0.7241379310344828
20,4,130,58,0.6001907225677197,0.765755053507729,0.7586206896551724
20,4,131,58,0.4997231301661128,0.7051129607609987,0.7068965517241379
20,4,132,58,0.5889066658932465,0.7711058263971463,0.7068965517241379
20,4,133,58,0.5012074142073517,0.708680142687277,0.7758620689655172
20,4,134,58,0.4681309218407851,0.6890606420927469,0.7586206896551724
20,4,135,58,0.6731981912701099,0.7800237812128419,0.7586206896551724
20,4,136,58,0.5815183957470235,0.7378121284185494,0.7413793103448276
20,4,137,58,0.5649686233754673,0.7782401902497028,0.7586206896551724
20,4,138,58,0.6739367845365899,0.8365041617122473,0.8103448275862069
20,4,139,58,0.4756982898768498,0.6950059453032104,0.7241379310344828
20,4,140,58,0.6232831414059898,0.791319857312723,0.7586206896551724
20,4,141,58,0.6085391737672645,0.775267538644471,0.7068965517241379
20,4,142,58,0.5831756742824782,0.7449464922711059,0.8448275862068966
20,4,143,58,0.4656320655148784,0.7342449464922711,0.7586206896551724
20,4,144,58,0.481326526383834,0.7116527942925089,0.7586206896551724
20,4,145,58,0.4827883234289123,0.724732461355529,0.8103448275862069
20,4,146,58,0.573181986243879,0.7711058263971463,0.9310344827586207
20,4,147,58,0.29496546909231486,0.6527942925089179,0.6551724137931034
20,4,148,58,0.5593908671796658,0.7806183115338883,0.7413793103448276
20,4,149,58,0.5261393174715255,0.7235434007134364,0.7413793103448276
20,4,150,58,0.5498646489620208,0.7800237812128419,0.8103448275862069
20,4,151,58,0.5036991468870788,0.7407847800237811,0.8103448275862069
20,4,152,58,0.5514112133840778,0.7193816884661117,0.7413793103448276
20,4,153,58,0.41056954339876345,0.7663495838287753,0.6724137931034483
20,4,154,58,0.4351370482287476,0.7300832342449465,0.7068965517241379
20,4,155,58,0.45425741377466644,0.7372175980975029,0.7413793103448276
20,4,156,58,0.6386833814382272,0.8151010701545779,0.8448275862068966
20,4,157,58,0.4211271073728708,0.6884661117717004,0.7586206896551724
20,4,158,58,0.4611172636610178,0.7193816884661118,0.7758620689655172
20,4,159,58,0.5580558338633502,0.7984542211652794,0.6724137931034483
20,4,160,58,0.4957625168701699,0.7502972651605233,0.7586206896551724
20,4,161,58,0.31691148230308336,0.6486325802615933,0.7758620689655172
20,4,162,58,0.5401888707742472,0.7800237812128418,0.8448275862068966
20,4,163,58,0.5142039774821107,0.7253269916765754,0.7068965517241379
20,4,164,58,0.433684534799929,0.6361474435196195,0.7931034482758621
20,4,165,58,0.3944012924294148,0.7158145065398336,0.7241379310344828
20,4,166,58,0.4610060025676341,0.7479191438763377,0.6379310344827587
20,4,167,58,0.48486526416444037,0.7318668252080855,0.7068965517241379
20,4,168,58,0.49350169961387297,0.7449464922711058,0.7413793103448276
20,4,169,58,0.5362514995847304,0.7526753864447087,0.7068965517241379
20,4,170,58,0.5174498198233513,0.7431629013079667,0.7758620689655172
20,4,171,58,0.4530646778644741,0.7318668252080855,0.7586206896551724
20,4,172,58,0.4059491217816605,0.6908442330558859,0.7068965517241379
20,4,173,58,0.449373222042656,0.7288941736028538,0.7413793103448276
20,4,174,58,0.5828103854117173,0.7931034482758621,0.7931034482758621
20,4,175,58,0.5061908795668061,0.6843043995243757,0.7413793103448276
20,4,176,58,0.5958441639045514,0.8186682520808561,0.7241379310344828
20,4,177,58,0.46297948260481714,0.6920332936979786,0.6724137931034483
20,4,178,58,0.43276167084447453,0.6938168846611177,0.7241379310344828
20,4,179,58,0.5971728748837614,0.7431629013079667,0.7758620689655172
20,4,180,58,0.528745885754714,0.7300832342449465,0.7931034482758621
20,4,181,58,0.44879564486455986,0.7045184304399524,0.8103448275862069
20,4,182,58,0.4914174974639599,0.7199762187871582,0.7241379310344828
20,4,183,58,0.41830990327426726,0.6902497027348394,0.6724137931034483
20,4,184,58,0.465584865526807,0.6979785969084423,0.7068965517241379
20,4,185,58,0.4576341572745489,0.713436385255648,0.7413793103448276
20,4,186,58,0.5234791976656541,0.7931034482758621,0.7241379310344828
20,4,187,58,0.5472499079739498,0.7330558858501783,0.8103448275862069
20,4,188,58,0.38434207531496045,0.6533888228299642,0.7241379310344828
20,4,189,58,0.41842008140875014,0.6765755053507728,0.7413793103448276
20,4,190,58,0.5458963949918894,0.7312722948870392,0.7068965517241379
20,4,191,58,0.535613762617762,0.7205707491082045,0.7413793103448276
20,4,192,58,0.5044144347689483,0.800832342449465,0.6551724137931034
20,4,193,58,0.49384729183431475,0.6837098692033293,0.7413793103448276
20,4,194,58,0.40224563605077823,0.6278240190249702,0.6206896551724138
20,4,195,58,0.5071137435222607,0.7229488703923901,0.7241379310344828
20,4,196,58,0.5208804408372062,0.7550535077288942,0.6896551724137931
20,4,197,58,0.3738464379768078,0.6307966706302022,0.6551724137931034
20,4,198,58,0.4813584350745568,0.7122473246135553,0.6896551724137931
20,4,199,58,0.533191829955732,0.8180737217598097,0.7931034482758621
50,4,0,58,0.6880248546556339,0.8192627824019025,0.8448275862068966
50,4,1,58,0.7192162170475869,0.8489892984542212,0.8103448275862069
50,4,2,58,0.6134608877541604,0.7883472057074912,0.7586206896551724
50,4,3,58,0.7074041034790366,0.8216409036860879,0.7586206896551724
50,4,4,58,0.7079577963025624,0.8799048751486326,0.7586206896551724
50,4,5,58,0.6936233043157279,0.8739595719381688,0.7413793103448276
50,4,6,58,0.696084161309176,0.8418549346016647,0.7758620689655172
50,4,7,58,0.5708265403426744,0.8014268727705113,0.7758620689655172
50,4,8,58,0.6161678304469531,0.7812128418549346,0.8275862068965517
50,4,9,58,0.6190593374142546,0.797859690844233,0.7413793103448276
50,4,10,58,0.6538804638715434,0.8347205707491082,0.7413793103448276
50,4,11,58,0.5553846627087884,0.751486325802616,0.7931034482758621
50,4,12,58,0.6349933864468302,0.7931034482758621,0.8103448275862069
50,4,13,58,0.7568058076225046,0.8644470868014268,0.8275862068965517
50,4,14,58,0.5999876957150329,0.8097502972651606,0.7931034482758621
50,4,15,58,0.686240733335384,0.7824019024970273,0.8275862068965517
50,4,16,58,0.6756590482635578,0.8085612366230678,0.8620689655172413
50,4,17,58,0.5841151681072935,0.7907253269916765,0.8103448275862069
50,4,18,58,0.6632317204466456,0.8097502972651606,0.8103448275862069
50,4,19,58,0.6410224860807777,0.826397146254459,0.8620689655172413
50,4,20,58,0.6725829770217479,0.8537455410225921,0.8448275862068966
50,4,21,58,0.6880248546556339,0.8240190249702735,0.8793103448275862
50,4,22,58,0.5884216678458273,0.7954815695600476,0.7586206896551724
50,4,23,58,0.529053492878895,0.7717003567181926,0.6896551724137931
50,4,24,58,0.6831646620935742,0.8085612366230678,0.7586206896551724
50,4,25,58,0.6939309114399089,0.8359096313912009,0.8448275862068966
50,4,26,58,0.667661263034852,0.8394768133174793,0.8103448275862069
50,4,27,58,0.5495401273493494,0.7752675386444708,0.7413793103448276
50,4,28,58,0.6703682057276447,0.8406658739595719,0.7931034482758621
50,4,29,58,0.6555208638516259,0.8299643281807372,0.7586206896551724
50,4,30,58,0.7184779599495525,0.8573127229488704,0.7413793103448276
50,4,31,58,0.6103232950875143,0.7824019024970273,0.8103448275862069
50,4,32,58,0.5049986157679413,0.7122473246135553,0.8275862068965517
50,4,33,58,0.6341320864991233,0.8252080856123661,0.8620689655172413
50,4,34,58,0.678489033806023,0.8478002378121284,0.8275862068965517
50,4,35,58,0.6532652496231813,0.8085612366230678,0.7413793103448276
50,4,36,58,0.6691377772309207,0.8180737217598097,0.8448275862068966
50,4,37,58,0.6135224091789967,0.8085612366230678,0.7413793103448276
50,4,38,58,0.6960333452074491,0.8489892984542211,0.7586206896551724
50,4,39,58,0.6591199225597741,0.816884661117717,0.9137931034482759
50,4,40,58,0.6682149558583778,0.8454221165279429,0.8103448275862069
50,4,41,58,0.6613860777015597,0.807372175980975,0.7068965517241379
50,4,42,58,0.6928850472176937,0.8644470868014269,0.8275862068965517
50,4,43,58,0.678489033806023,0.8513674197384067,0.8275862068965517
50,4,44,58,0.5498477344735304,0.7443519619500595,0.7241379310344828
50,4,45,58,0.6431757359500446,0.8323424494649226,0.8620689655172413
50,4,46,58,0.6567104494140085,0.78359096313912,0.8448275862068966
50,4,47,58,0.6221969300809007,0.775267538644471,0.7931034482758621
50,4,48,58,0.6167830446953152,0.8133174791914388,0.7413793103448276
50,4,49,58,0.6838413977667723,0.8620689655172413,0.8275862068965517
50,4,50,58,0.6843950905902981,0.8109393579072532,0.8448275862068966
50,4,51,58,0.7214925097665262,0.8703923900118906,0.7931034482758621
50,4,52,58,0.6781610964088663,0.8561236623067776,0.8103448275862069
50,4,53,58,0.6280414654403397,0.8263971462544589,0.8448275862068966
50,4,54,58,0.6591713064074564,0.8097502972651605,0.7931034482758621
50,4,55,58,0.6336804221184182,0.8180737217598097,0.8620689655172413
50,4,56,58,0.6946691685379435,0.8585017835909632,0.8620689655172413
50,4,57,58,0.6971300255313914,0.8109393579072532,0.7931034482758621
50,4,58,58,0.6872865975575995,0.845422116527943,0.8448275862068966
50,4,59,58,0.5783321541726907,0.7669441141498217,0.7586206896551724
50,4,60,58,0.6757820911132303,0.7693222354340071,0.7931034482758621
50,4,61,58,0.7443784798055924,0.8275862068965518,0.896551724137931
50,4,62,58,0.7258605309298964,0.83115338882283,0.8275862068965517
50,4,63,58,0.7072810606293642,0.8430439952437574,0.8103448275862069
50,4,64,58,0.5995570457411794,0.8204518430439952,0.7758620689655172
50,4,65,58,0.6287182011135379,0.8026159334126041,0.8275862068965517
50,4,66,58,0.6426835645513551,0.7824019024970273,0.7586206896551724
50,4,67,58,0.5164416007874743,0.7193816884661117,0.8275862068965517
50,4,68,58,0.6533882924728538,0.7919143876337693,0.8275862068965517
50,4,69,58,0.52314743609462,0.7491082045184304,0.8793103448275862
50,4,70,58,0.702851518041158,0.812128418549346,0.8620689655172413
50,4,71,58,0.7468200625335417,0.9036860879904876,0.8448275862068966
50,4,72,58,0.7448706512042821,0.8751486325802615,0.8275862068965517
50,4,73,58,0.6600941277799994,0.8061831153388823,0.8448275862068966
50,4,74,58,0.7363806945768865,0.7895362663495838,0.7241379310344828
50,4,75,58,0.5491486842552428,0.7841854934601664,0.7931034482758621
50,4,76,58,0.7099066398858668,0.8103448275862069,0.7413793103448276
50,4,77,58,0.7392722015441878,0.8620689655172414,0.8620689655172413
50,4,78,58,0.6697529914792828,0.8002378121284185,0.8103448275862069
50,4,79,58,0.6001107385647052,0.746730083234245,0.8448275862068966
50,4,80,58,0.6663693131132917,0.8145065398335315,0.7586206896551724
50,4,81,58,0.629087329662555,0.7717003567181926,0.8620689655172413
50,4,82,58,0.6172136946691686,0.7633769322235433,0.8620689655172413
50,4,83,58,0.6646467132178782,0.8335315101070154,0.8620689655172413
50,4,84,58,0.6140145805776862,0.7907253269916765,0.8793103448275862
50,4,85,58,0.6060167953489803,0.8026159334126041,0.8103448275862069
50,4,86,58,0.7042465817465566,0.8073721759809751,0.8103448275862069
50,4,87,58,0.7029745608908303,0.8192627824019025,0.8793103448275862
50,4,88,58,0.652526992525147,0.8228299643281807,0.7758620689655172
50,4,89,58,0.687635541555103,0.8293697978596908,0.8275862068965517
50,4,90,58,0.6799040265772556,0.8418549346016646,0.8620689655172413
50,4,91,58,0.6286566796887016,0.8049940546967896,0.8620689655172413
50,4,92,58,0.6731981912701099,0.8145065398335316,0.8793103448275862
50,4,93,58,0.6853179119628411,0.8145065398335316,0.7931034482758621
50,4,94,58,0.634316650773632,0.8430439952437574,0.8103448275862069
50,4,95,58,0.6213971515580301,0.8049940546967895,0.7758620689655172
50,4,96,58,0.6923727641282212,0.8228299643281807,0.7758620689655172
50,4,97,58,0.7202005598449661,0.8525564803804994,0.8448275862068966
50,4,98,58,0.6225045372050817,0.7491082045184304,0.8275862068965517
50,4,99,58,0.7197699098711127,0.872770511296076,0.8275862068965517
50,4,100,58,0.5841151681072935,0.7265160523186682,0.7413793103448276
50,4,101,58,0.6912854901719524,0.8347205707491081,0.8793103448275862
50,4,102,58,0.6846411762896429,0.8406658739595719,0.7931034482758621
50,4,103,58,0.5545848841859178,0.7598097502972652,0.8275862068965517
50,4,104,58,0.6703066843028086,0.8359096313912009,0.7931034482758621
50,4,105,58,0.7223033976583776,0.8727705112960761,0.7931034482758621
50,4,106,58,0.655910670891138,0.8370986920332938,0.8793103448275862
50,4,107,58,0.7855363130210097,0.8787158145065399,0.8103448275862069
50,4,108,58,0.6060783167738165,0.7859690844233056,0.8448275862068966
50,4,109,58,0.6340705650742872,0.7859690844233056,0.8103448275862069
50,4,110,58,0.68064228367529,0.7800237812128419,0.7413793103448276
50,4,111,58,0.6434218216493894,0.7907253269916765,0.7586206896551724
50,4,112,58,0.6699375557537913,0.8347205707491082,0.7586206896551724
50,4,113,58,0.5553846627087884,0.7455410225921522,0.7758620689655172
50,4,114,58,0.6787351195053678,0.8561236623067776,0.8275862068965517
50,4,115,58,0.742717401335015,0.8751486325802617,0.7758620689655172
50,4,116,58,0.7395798086683688,0.8323424494649228,0.8275862068965517
50,4,117,58,0.6976837183549172,0.835909631391201,0.8620689655172413
50,4,118,58,0.6044172383032391,0.83115338882283,0.8793103448275862
50,4,119,58,0.5241317788919991,0.7502972651605233,0.7413793103448276
50,4,120,58,0.7270294380017842,0.8989298454221165,0.8275862068965517
50,4,121,58,0.7354578732043434,0.8656361474435196,0.7586206896551724
50,4,122,58,0.5814082254145007,0.7966706302021402,0.8275862068965517
50,4,123,58,0.7076501891783814,0.8608799048751485,0.896551724137931
50,4,124,58,0.6148758805253931,0.7990487514863257,0.896551724137931
50,4,125,58,0.70039066104771,0.8478002378121283,0.8103448275862069
50,4,126,58,0.6749823125903597,0.83115338882283,0.7931034482758621
50,4,127,58,0.708449967701252,0.83115338882283,0.8448275862068966
50,4,128,58,0.6494509212833369,0.8109393579072534,0.8448275862068966
50,4,129,58,0.6400787487106818,0.7942925089179548,0.8275862068965517
50,4,130,58,0.5958042388261712,0.802615933412604,0.7931034482758621
50,4,131,58,0.6729624560526521,0.8317479191438764,0.8793103448275862
50,4,132,58,0.7163247100802855,0.8727705112960761,0.8793103448275862
50,4,133,58,0.6781199052570058,0.8430439952437575,0.8620689655172413
50,4,134,58,0.6680919130087054,0.8394768133174793,0.8103448275862069
50,4,135,58,0.6975606755052448,0.8335315101070154,0.8275862068965517
50,4,136,58,0.6477898428127595,0.7776456599286563,0.7758620689655172
50,4,137,58,0.6683379987080501,0.7883472057074911,0.8103448275862069
50,4,138,58,0.5529238057153405,0.7645659928656361,0.8103448275862069
50,4,139,58,0.7194623027469317,0.8585017835909631,0.8448275862068966
50,4,140,58,0.5326217355193947,0.7538644470868014,0.8448275862068966
50,4,141,58,0.5862068965517242,0.7990487514863258,0.7068965517241379
50,4,142,58,0.6872971685141659,0.8061831153388823,0.8620689655172413
50,4,143,58,0.6281645082900121,0.8252080856123661,0.8103448275862069
50,4,144,58,0.6322864437540374,0.7764565992865635,0.7586206896551724
50,4,145,58,0.689009197453013,0.8323424494649228,0.8620689655172413
50,4,146,58,0.6401611861330709,0.7847800237812128,0.7241379310344828
50,4,147,58,0.6681329499229147,0.8537455410225921,0.7758620689655172
50,4,148,58,0.6647697560675506,0.821640903686088,0.7586206896551724
50,4,149,58,0.592297517610508,0.8002378121284185,0.7586206896551724
50,4,150,58,0.662739549047956,0.8513674197384067,0.8448275862068966
50,4,151,58,0.645452028668984,0.7633769322235434,0.7931034482758621
50,4,152,58,0.5751330400812084,0.7312722948870392,0.8103448275862069
50,4,153,58,0.6279799440155034,0.8061831153388823,0.7931034482758621
50,4,154,58,0.6474207142637424,0.8192627824019024,0.8448275862068966
50,4,155,58,0.7437017441323942,0.8775267538644471,0.8448275862068966
50,4,156,58,0.6909163616229352,0.8489892984542211,0.7586206896551724
50,4,157,58,0.6876047803695632,0.8192627824019025,0.7586206896551724
50,4,158,58,0.6233658371527885,0.7990487514863258,0.896551724137931
50,4,159,58,0.6720908056230582,0.8228299643281807,0.8448275862068966
50,4,160,58,0.5856532037281984,0.7550535077288941,0.7758620689655172
50,4,161,58,0.6913470115967886,0.8263971462544589,0.8103448275862069
50,4,162,58,0.5220400504475684,0.7550535077288942,0.8620689655172413
50,4,163,58,0.5631978836629857,0.7348394768133175,0.7413793103448276
50,4,164,58,0.6327170937278909,0.8347205707491082,0.7931034482758621
50,4,165,58,0.6144452305515395,0.8002378121284186,0.8620689655172413
50,4,166,58,0.6007874742379035,0.7562425683709869,0.7586206896551724
50,4,167,58,0.7264142237534222,0.8692033293697978,0.8620689655172413
50,4,168,58,0.6763973053615921,0.8668252080856124,0.8448275862068966
50,4,169,58,0.6248519618685159,0.8049940546967895,0.8448275862068966
50,4,170,58,0.6041711526038943,0.8216409036860879,0.8103448275862069
50,4,171,58,0.5538466270878835,0.797859690844233,0.6896551724137931
50,4,172,58,0.5785167184471993,0.7407847800237812,0.7931034482758621
50,4,173,58,0.6592122061163934,0.8079667063020213,0.7931034482758621
50,4,174,58,0.6390538004860193,0.7728894173602854,0.7413793103448276
50,4,175,58,0.6658771417146021,0.8525564803804995,0.7413793103448276
50,4,176,58,0.6403457504075796,0.7966706302021404,0.8103448275862069
50,4,177,58,0.5695433502680831,0.7877526753864448,0.8275862068965517
50,4,178,58,0.6065704881725061,0.816884661117717,0.7758620689655172
50,4,179,58,0.5892920313845892,0.7913198573127229,0.7931034482758621
50,4,180,58,0.7557599434002893,0.8929845422116528,0.9137931034482759
50,4,181,58,0.714048417361346,0.8549346016646848,0.8103448275862069
50,4,182,58,0.6508043926297334,0.8240190249702735,0.7758620689655172
50,4,183,58,0.6995093591734384,0.8287752675386445,0.9310344827586207
50,4,184,58,0.7261681380540774,0.8810939357907253,0.8275862068965517
50,4,185,58,0.565166569257744,0.7134363852556481,0.8275862068965517
50,4,186,58,0.5729797902119413,0.7574316290130796,0.7241379310344828
50,4,187,58,0.6927620043680213,0.8299643281807372,0.8275862068965517
50,4,188,58,0.5990033529176536,0.7312722948870393,0.8103448275862069
50,4,189,58,0.678181426681842,0.8632580261593341,0.8620689655172413
50,4,190,58,0.738410901596481,0.8620689655172413,0.7586206896551724
50,4,191,58,0.6585969824055987,0.8442330558858502,0.8448275862068966
50,4,192,58,0.6378848934141316,0.8370986920332937,0.8620689655172413
50,4,193,58,0.7622196930080901,0.9036860879904876,0.8448275862068966
50,4,194,58,0.6859946476360392,0.8573127229488704,0.7241379310344828
50,4,195,58,0.7051893321849335,0.8489892984542212,0.8275862068965517
50,4,196,58,0.7273370451259652,0.8585017835909631,0.8620689655172413
50,4,197,58,0.7080193177273986,0.8692033293697978,0.8448275862068966
50,4,198,58,0.6515834321025405,0.8287752675386445,0.8275862068965517
50,4,199,58,0.6318557937801841,0.8002378121284186,0.8620689655172413
100,4,0,58,0.6939309114399089,0.8133174791914387,0.9310344827586207
100,4,1,58,0.7401950229167308,0.8787158145065398,0.8275862068965517
100,4,2,58,0.6763973053615921,0.812128418549346,0.8620689655172413
100,4,3,58,0.6907317973484266,0.8275862068965517,0.8793103448275862
100,4,4,58,0.7504075794395398,0.8335315101070154,0.8448275862068966
100,4,5,58,0.6984219754529516,0.8263971462544589,0.896551724137931
100,4,6,58,0.7348426589559816,0.8513674197384067,0.9310344827586207
100,4,7,58,0.7461626011258421,0.8715814506539834,0.8275862068965517
100,4,8,58,0.7280137807991632,0.8573127229488704,0.896551724137931
100,4,9,58,0.6893168045771941,0.8228299643281808,0.8448275862068966
100,4,10,58,0.7250607524070258,0.8370986920332938,0.8620689655172413
100,4,11,58,0.7990710264849735,0.882282996432818,0.8620689655172413
100,4,12,58,0.7259220523547326,0.8549346016646849,0.9310344827586207
100,4,13,58,0.7291826878710511,0.8489892984542211,0.896551724137931
100,4,14,58,0.6434833430742257,0.8192627824019024,0.8103448275862069
100,4,15,58,0.6956535113353226,0.8382877526753865,0.8793103448275862
100,4,16,58,0.7513919222369191,0.8608799048751486,0.8620689655172413
100,4,17,58,0.7305361592174476,0.8442330558858502,0.8793103448275862
100,4,18,58,0.6885170260543235,0.8513674197384067,0.7931034482758621
100,4,19,58,0.7605586145375127,0.8525564803804994,0.8793103448275862
100,4,20,58,0.6735673198191271,0.8478002378121284,0.8793103448275862
100,4,21,58,0.7281368236488357,0.8335315101070155,0.8620689655172413
100,4,22,58,0.7183549170998801,0.8394768133174791,0.8793103448275862
100,4,23,58,0.7146021101848719,0.8180737217598099,0.7758620689655172
100,4,24,58,0.6938693900150728,0.8097502972651605,0.8620689655172413
100,4,25,58,0.7158940601064322,0.8489892984542211,0.8448275862068966
100,4,26,58,0.711526038943062,0.8573127229488704,0.8448275862068966
100,4,27,58,0.6755975268387215,0.8156956004756243,0.896551724137931
100,4,28,58,0.7611738287858748,0.8573127229488704,0.9482758620689655
100,4,29,58,0.7500384508905227,0.8525564803804995,0.8620689655172413
100,4,30,58,0.6859946476360392,0.8489892984542212,0.9310344827586207
100,4,31,58,0.7071580177796918,0.8240190249702735,0.8448275862068966
100,4,32,58,0.7582208003937372,0.8799048751486326,0.8448275862068966
100,4,33,58,0.711526038943062,0.8537455410225921,0.8620689655172413
100,4,34,58,0.7128179888646221,0.8252080856123662,0.8448275862068966
100,4,35,58,0.6754744839890493,0.821640903686088,0.8793103448275862
100,4,36,58,0.7487580172225445,0.8567181926278241,0.8448275862068966
100,4,37,58,0.7414060938785493,0.8929845422116528,0.8448275862068966
100,4,38,58,0.761235350210711,0.882282996432818,0.8620689655172413
100,4,39,58,0.7742778922759852,0.8775267538644471,0.9137931034482759
100,4,40,58,0.7267218308776032,0.8394768133174791,0.8793103448275862
100,4,41,58,0.7464086868251869,0.8787158145065399,0.896551724137931
100,4,42,58,0.7505306222892123,0.8775267538644471,0.8275862068965517
100,4,43,58,0.7575440647205389,0.8727705112960761,0.9482758620689655
100,4,44,58,0.7378572087729552,0.8394768133174793,0.8620689655172413
100,4,45,58,0.719831431295949,0.8394768133174791,0.8793103448275862
100,4,46,58,0.6827340121197207,0.8287752675386445,0.8793103448275862
100,4,47,58,0.6691992986557569,0.8216409036860879,0.8620689655172413
100,4,48,58,0.661201513427051,0.7907253269916766,0.8448275862068966
100,4,49,58,0.7246301024331724,0.8382877526753865,0.8620689655172413
100,4,50,58,0.7321972376880249,0.8656361474435197,0.9655172413793104
100,4,51,58,0.6919007044203145,0.8097502972651606,0.8620689655172413
100,4,52,58,0.6979913254790981,0.8430439952437574,0.8448275862068966
100,4,53,58,0.7207542526684919,0.845422116527943,0.8620689655172413
100,4,54,58,0.7314589805899906,0.8216409036860881,0.7758620689655172
100,4,55,58,0.7205081669691472,0.8608799048751485,0.9137931034482759
100,4,56,58,0.7054969393091145,0.8442330558858501,0.9137931034482759
100,4,57,58,0.78812021286413,0.8763376932223543,0.9310344827586207
100,4,58,58,0.7505921437140485,0.8585017835909631,0.8793103448275862
100,4,59,58,0.7138638530868376,0.8275862068965517,0.896551724137931
100,4,60,58,0.7218001168907072,0.8454221165279429,0.8620689655172413
100,4,61,58,0.6995908825248394,0.8549346016646849,0.8620689655172413
100,4,62,58,0.7072810606293642,0.8525564803804995,0.8275862068965517
100,4,63,58,0.8379525669814514,0.9120095124851367,0.9310344827586207
100,4,64,58,0.7666492355962965,0.8656361474435197,0.896551724137931
100,4,65,58,0.6999600110738565,0.8133174791914387,0.8793103448275862
100,4,66,58,0.750161493740195,0.8549346016646849,0.9137931034482759
100,4,67,58,0.7194623027469317,0.8727705112960761,0.896551724137931
100,4,68,58,0.7238918453351381,0.8382877526753865,0.9137931034482759
100,4,69,58,0.726660309452767,0.8799048751486326,0.8448275862068966
100,4,70,58,0.7549601648774186,0.8644470868014269,0.8448275862068966
100,4,71,58,0.7481928081454368,0.8668252080856124,0.8448275862068966
100,4,72,58,0.7272140022762928,0.8799048751486326,0.8793103448275862
100,4,73,58,0.7082654034267434,0.8394768133174793,0.8275862068965517
100,4,74,58,0.7037743394137008,0.8335315101070154,0.8275862068965517
100,4,75,58,0.7181088314005353,0.8335315101070155,0.8103448275862069
100,4,76,58,0.742717401335015,0.8727705112960761,0.896551724137931
100,4,77,58,0.728813559322034,0.83115338882283,0.8103448275862069
100,4,78,58,0.7492386723676521,0.8644470868014269,0.8448275862068966
100,4,79,58,0.7150327601587254,0.8347205707491082,0.896551724137931
100,4,80,58,0.7466547725245317,0.8573127229488704,0.8275862068965517
100,4,81,58,0.7160171029561045,0.8430439952437575,0.8793103448275862
100,4,82,58,0.793041926851026,0.9001189060642093,0.8793103448275862
100,4,83,58,0.7557599434002893,0.8799048751486325,0.8103448275862069
100,4,84,58,0.7370574302500847,0.8549346016646849,0.8793103448275862
100,4,85,58,0.7977790765634133,0.8703923900118906,0.8103448275862069
100,4,86,58,0.7139253745116738,0.821640903686088,0.8793103448275862
100,4,87,58,0.766526192746624,0.8680142687277052,0.8793103448275862
100,4,88,58,0.6599095635054909,0.8145065398335315,0.9137931034482759
100,4,89,58,0.7433941370082132,0.8323424494649228,0.8793103448275862
100,4,90,58,0.7610507859362023,0.8727705112960761,0.8620689655172413
100,4,91,58,0.7394567658186963,0.8632580261593341,0.8103448275862069
100,4,92,58,0.7587129717924268,0.8810939357907254,0.8620689655172413
100,4,93,58,0.7183549170998801,0.8323424494649228,0.8448275862068966
100,4,94,58,0.6957150327601588,0.8299643281807372,0.8620689655172413
100,4,95,58,0.7725552923805716,0.8715814506539834,0.8620689655172413
100,4,96,58,0.7603740502630042,0.8692033293697978,0.8620689655172413
100,4,97,58,0.728813559322034,0.89179548156956,0.8793103448275862
100,4,98,58,0.7596973145898059,0.859690844233056,0.8620689655172413
100,4,99,58,0.7049432464855887,0.8513674197384067,0.8793103448275862
100,4,100,58,0.7176781814266818,0.8525564803804994,0.9137931034482759
100,4,101,58,0.7256144452305516,0.8430439952437575,0.896551724137931
100,4,102,58,0.7166938386293028,0.8573127229488703,0.8275862068965517
100,4,103,58,0.7281368236488357,0.8656361474435197,0.8620689655172413
100,4,104,58,0.7523147436094622,0.868014268727705,0.8793103448275862
100,4,105,58,0.7077732320280539,0.8275862068965517,0.896551724137931
100,4,106,58,0.7798148205112432,0.8656361474435197,0.8793103448275862
100,4,107,58,0.740871758589929,0.8703923900118906,0.9137931034482759
100,4,108,58,0.7419791442369806,0.8810939357907253,0.8620689655172413
100,4,109,58,0.7737857208772956,0.8989298454221165,0.9137931034482759
100,4,110,58,0.6955304684856503,0.8442330558858502,0.8448275862068966
100,4,111,58,0.7566827647728321,0.8810939357907254,0.896551724137931
100,4,112,58,0.6681534344335416,0.7966706302021404,0.8793103448275862
100,4,113,58,0.7128179888646221,0.8335315101070154,0.896551724137931
100,4,114,58,0.758774493217263,0.8751486325802617,0.8620689655172413
100,4,115,58,0.6915930972961334,0.8002378121284186,0.8448275862068966
100,4,116,58,0.768987049740072,0.8775267538644471,0.896551724137931
100,4,117,58,0.6901781045249008,0.8751486325802615,0.8448275862068966
100,4,118,58,0.7402565443415671,0.8585017835909632,0.9482758620689655
100,4,119,58,0.7287520378971978,0.8537455410225921,0.896551724137931
100,4,120,58,0.702851518041158,0.821640903686088,0.7931034482758621
100,4,121,58,0.8195576609554277,0.9262782401902496,0.9137931034482759
100,4,122,58,0.7325048448122059,0.8596908442330559,0.8103448275862069
100,4,123,58,0.7080193177273986,0.8180737217598097,0.8620689655172413
100,4,124,58,0.6843950905902981,0.83115338882283,0.9137931034482759
100,4,125,58,0.6830416192439017,0.8026159334126041,0.8448275862068966
100,4,126,58,0.6696914700544465,0.8585017835909631,0.8620689655172413
100,4,127,58,0.7165092743547942,0.8715814506539834,0.9310344827586207
100,4,128,58,0.7906425912824142,0.910820451843044,0.896551724137931
100,4,129,58,0.7381648158971363,0.8810939357907253,0.8793103448275862
100,4,130,58,0.7598818788643145,0.8929845422116528,0.8793103448275862
100,4,131,58,0.7841828416746133,0.8929845422116528,0.896551724137931
100,4,132,58,0.764311421452521,0.9072532699167657,0.8448275862068966
100,4,133,58,0.7041434679627181,0.8454221165279429,0.9310344827586207
100,4,134,58,0.7447476083546096,0.8668252080856124,0.8793103448275862
100,4,135,58,0.7243840167338277,0.8513674197384066,0.9482758620689655
100,4,136,58,0.7040204251130456,0.859690844233056,0.8793103448275862
100,4,137,58,0.7034052108646838,0.8347205707491082,0.8103448275862069
100,4,138,58,0.7475160724722385,0.8620689655172414,0.8793103448275862
100,4,139,58,0.7593281860407888,0.8787158145065398,0.9137931034482759
100,4,140,58,0.7988249407856286,0.882282996432818,0.8448275862068966
100,4,141,58,0.6947306899627795,0.8287752675386445,0.896551724137931
100,4,142,58,0.7518225722107724,0.8715814506539833,0.8275862068965517
100,4,143,58,0.7065536706620363,0.8204518430439952,0.8103448275862069
100,4,144,58,0.7154634101325787,0.8442330558858502,0.8448275862068966
100,4,145,58,0.7451167369036268,0.8394768133174791,0.7931034482758621
100,4,146,58,0.6551724137931034,0.8156956004756244,0.9310344827586207
100,4,147,58,0.7489925866683073,0.83115338882283,0.9655172413793104
100,4,148,58,0.7703405210864684,0.8846611177170035,0.8275862068965517
100,4,149,58,0.6923313543941679,0.816884661117717,0.8793103448275862
100,4,150,58,0.7262911809037498,0.8454221165279429,0.8793103448275862
100,4,151,58,0.752929957857824,0.8513674197384067,0.9310344827586207
100,4,152,58,0.7561290719493063,0.8620689655172413,0.8275862068965517
100,4,153,58,0.6936848257405642,0.8133174791914388,0.8620689655172413
100,4,154,58,0.7162016672306132,0.8656361474435197,0.8620689655172413
100,4,155,58,0.677258605309299,0.8145065398335316,0.8793103448275862
100,4,156,58,0.7219846811652157,0.8561236623067777,0.8620689655172413
100,4,157,58,0.6743670983419976,0.8382877526753865,0.8275862068965517
100,4,158,58,0.7036512965640284,0.8085612366230678,0.8620689655172413
100,4,159,58,0.6658771417146021,0.8109393579072534,0.9310344827586207
100,4,160,58,0.7656033713740811,0.8799048751486326,0.8793103448275862
100,4,161,58,0.7549601648774186,0.8573127229488704,0.8275862068965517
100,4,162,58,0.7433941370082132,0.8846611177170035,0.9137931034482759
100,4,163,58,0.688947676028177,0.8596908442330559,0.8620689655172413
100,4,164,58,0.7238303239103019,0.8644470868014268,0.8620689655172413
100,4,165,58,0.7426558799101787,0.89179548156956,0.8793103448275862
100,4,166,58,0.7662801070472793,0.8585017835909632,0.8275862068965517
100,4,167,58,0.7824602417791997,0.9024970273483947,0.8620689655172413
100,4,168,58,0.7718785567073734,0.8585017835909631,0.9137931034482759
100,4,169,58,0.6754744839890493,0.8252080856123662,0.8620689655172413
100,4,170,58,0.731274416315482,0.859690844233056,0.9137931034482759
100,4,171,58,0.7534836506813499,0.8834720570749108,0.9137931034482759
100,4,172,58,0.7155249315574149,0.821640903686088,0.896551724137931
100,4,173,58,0.7027899966163217,0.8561236623067777,0.8620689655172413
100,4,174,58,0.7035897751391923,0.8525564803804994,0.9310344827586207
100,4,175,58,0.7297979021194131,0.845422116527943,0.896551724137931
100,4,176,58,0.7123258174659326,0.8430439952437575,0.9137931034482759
100,4,177,58,0.7018056538189426,0.835909631391201,0.8448275862068966
100,4,178,58,0.6582484850349135,0.8406658739595718,0.8103448275862069
100,4,179,58,0.6940539542895814,0.8382877526753865,0.8103448275862069
100,4,180,58,0.7054354178842782,0.8442330558858502,0.9310344827586207
100,4,181,58,0.6437294287735704,0.7812128418549347,0.896551724137931
100,4,182,58,0.6774431695838077,0.8370986920332937,0.8275862068965517
100,4,183,58,0.7230920668122675,0.8489892984542212,0.9137931034482759
100,4,184,58,0.7318281091390076,0.8656361474435196,0.896551724137931
100,4,185,58,0.7393952443938603,0.8537455410225921,0.8793103448275862
100,4,186,58,0.7448706512042821,0.8656361474435196,0.8620689655172413
100,4,187,58,0.7413024085637825,0.8751486325802615,0.8448275862068966
100,4,188,58,0.7485004152696177,0.8585017835909631,0.8103448275862069
100,4,189,58,0.7466547725245317,0.8525564803804995,0.8793103448275862
100,4,190,58,0.7579131932695562,0.8727705112960761,0.8793103448275862
100,4,191,58,0.7515149650865914,0.8810939357907254,0.8620689655172413
100,4,192,58,0.7055584607339507,0.8454221165279429,0.896551724137931
100,4,193,58,0.7067273678058386,0.8228299643281808,0.896551724137931
100,4,194,58,0.7733550709034422,0.882282996432818,0.8620689655172413
100,4,195,58,0.7259220523547326,0.8466111771700356,0.896551724137931
100,4,196,58,0.7106647389953552,0.8478002378121284,0.7758620689655172
100,4,197,58,0.753852779230367,0.8573127229488704,0.9310344827586207
100,4,198,58,0.781352856132148,0.8703923900118906,0.896551724137931
100,4,199,58,0.8009781906548957,0.8953626634958383,0.8793103448275862
20,5,0,58,0.5716219340085318,0.7628676470588235,0.8620689655172413
20,5,1,58,0.7100912069991051,0.8737745098039216,0.8275862068965517
20,5,2,58,0.45942537243344234,0.7395833333333333,0.6379310344827587
20,5,3,58,0.540068294005224,0.7671568627450981,0.7586206896551724
20,5,4,58,0.5101362793055725,0.7015931372549019,0.7413793103448276
20,5,5,58,0.5971577101725677,0.8100490196078431,0.7413793103448276
20,5,6,58,0.5268856899256779,0.7297794117647058,0.7241379310344828
20,5,7,58,0.5713890214004669,0.7438725490196079,0.7586206896551724
20,5,8,58,0.6858628294628818,0.8462009803921569,0.7586206896551724
20,5,9,58,0.5068290884642381,0.758578431372549,0.7241379310344828
20,5,10,58,0.48008859908489493,0.7628676470588236,0.6896551724137931
20,5,11,58,0.5684139291479845,0.801470588235294,0.7758620689655172
20,5,12,58,0.5358455746687447,0.7873774509803922,0.8275862068965517
20,5,13,58,0.47044528235886757,0.8033088235294117,0.7413793103448276
20,5,14,58,0.6097763570159234,0.8345588235294118,0.8103448275862069
20,5,15,58,0.5743113340267412,0.8143382352941176,0.8103448275862069
20,5,16,58,0.3729851115336785,0.7107843137254902,0.7068965517241379
20,5,17,58,0.6169132813841856,0.8308823529411764,0.7758620689655172
20,5,18,58,0.6047863668522564,0.8455882352941176,0.8275862068965517
20,5,19,58,0.680334676551109,0.8357843137254902,0.7758620689655172
20,5,20,58,0.42244985869624796,0.7310049019607844,0.7241379310344828
20,5,21,58,0.5717230145868698,0.8057598039215687,0.7068965517241379
20,5,22,58,0.5082905230034356,0.7469362745098039,0.6896551724137931
20,5,23,58,0.49038668687270875,0.678921568627451,0.7413793103448276
20,5,24,58,0.6583302574789487,0.8406862745098039,0.7586206896551724
20,5,25,58,0.532129564120705,0.7855392156862745,0.7068965517241379
20,5,26,58,0.5263708380594116,0.7959558823529411,0.7586206896551724
20,5,27,58,0.599074088386223,0.75,0.7758620689655172
20,5,28,58,0.5430913833297921,0.7977941176470589,0.7586206896551724
20,5,29,58,0.44694988856242307,0.7254901960784313,0.7758620689655172
20,5,30,58,0.577928171037471,0.8063725490196079,0.7931034482758621
20,5,31,58,0.6210068136760498,0.8002450980392156,0.6724137931034483
20,5,32,58,0.60899792420444,0.8008578431372548,0.7931034482758621
20,5,33,58,0.5487879909081093,0.7389705882352942,0.7931034482758621
20,5,34,58,0.37578442247384874,0.6954656862745098,0.7241379310344828
20,5,35,58,0.6315465668493788,0.8204656862745099,0.7931034482758621
20,5,36,58,0.5791100789709389,0.8370098039215687,0.6724137931034483
20,5,37,58,0.6798837227990913,0.8615196078431372,0.7931034482758621
20,5,38,58,0.5799713921660512,0.7689950980392157,0.7586206896551724
20,5,39,58,0.495631577819887,0.7450980392156863,0.6724137931034483
20,5,40,58,0.6265438270732011,0.8535539215686274,0.7586206896551724
20,5,41,58,0.4981773998159118,0.7549019607843137,0.8103448275862069
20,5,42,58,0.4624400149843949,0.7242647058823529,0.7413793103448276
20,5,43,58,0.6199990789412388,0.8223039215686274,0.7586206896551724
20,5,44,58,0.6135318455898957,0.8272058823529411,0.7241379310344828
20,5,45,58,0.5889808360118488,0.8302696078431373,0.7931034482758621
20,5,46,58,0.5675920947363804,0.7677696078431372,0.7413793103448276
20,5,47,58,0.45004306653506937,0.6758578431372549,0.6206896551724138
20,5,48,58,0.5869939709926312,0.7843137254901961,0.7758620689655172
20,5,49,58,0.5611147854301974,0.7236519607843137,0.6724137931034483
20,5,50,58,0.6461069935629824,0.7665441176470588,0.6896551724137931
20,5,51,58,0.5542020428363507,0.8388480392156863,0.6896551724137931
20,5,52,58,0.39799434004311196,0.6721813725490197,0.603448275862069
20,5,53,58,0.5961792855901824,0.8247549019607844,0.7758620689655172
20,5,54,58,0.5087055496439127,0.7506127450980392,0.7413793103448276
20,5,55,58,0.43865450579653603,0.7879901960784313,0.7413793103448276
20,5,56,58,0.479427824858625,0.7285539215686275,0.7413793103448276
20,5,57,58,0.692046208190042,0.8008578431372548,0.6379310344827587
20,5,58,58,0.5406220208958651,0.7512254901960784,0.7758620689655172
20,5,59,58,0.5534774985388662,0.7977941176470589,0.7413793103448276
20,5,60,58,0.5063910309840097,0.7567401960784313,0.7586206896551724
20,5,61,58,0.5911901319634563,0.7928921568627452,0.6896551724137931
20,5,62,58,0.4816119362198673,0.7726715686274509,0.7586206896551724
20,5,63,58,0.43164095549347786,0.724264705882353,0.7586206896551724
20,5,64,58,0.5877539721076027,0.7542892156862745,0.7241379310344828
20,5,65,58,0.47917435730805036,0.8131127450980392,0.7758620689655172
20,5,66,58,0.569160963460653,0.764093137254902,0.7068965517241379
20,5,67,58,0.5979574886954383,0.8480392156862745,0.8275862068965517
20,5,68,58,0.6457785385101957,0.8774509803921569,0.7931034482758621
20,5,69,58,0.40679217442650434,0.7555147058823529,0.7586206896551724
20,5,70,58,0.6388273658738064,0.8155637254901962,0.7241379310344828
20,5,71,58,0.49357840550892756,0.7965686274509804,0.8448275862068966
20,5,72,58,0.5210262414881794,0.7113970588235294,0.8103448275862069
20,5,73,58,0.4636089580143562,0.7432598039215687,0.7758620689655172
20,5,74,58,0.5472023132055739,0.7781862745098039,0.6896551724137931
20,5,75,58,0.5710506483595299,0.7830882352941176,0.7931034482758621
20,5,76,58,0.6364279564965175,0.8566176470588236,0.6724137931034483
20,5,77,58,0.5059062387037423,0.7579656862745098,0.7241379310344828
20,5,78,58,0.556596374679162,0.8143382352941176,0.7586206896551724
20,5,79,58,0.34982158254523643,0.6764705882352942,0.7413793103448276
20,5,80,58,0.5847483699087582,0.8161764705882354,0.7931034482758621
20,5,81,58,0.5657771289573198,0.8045343137254901,0.6724137931034483
20,5,82,58,0.27588328569738163,0.6311274509803921,0.6724137931034483
20,5,83,58,0.3713604556749002,0.6973039215686275,0.6379310344827587
20,5,84,58,0.6403346871492827,0.8155637254901961,0.7068965517241379
20,5,85,58,0.5692575135673962,0.7794117647058824,0.7068965517241379
20,5,86,58,0.45878643438829203,0.6654411764705883,0.7068965517241379
20,5,87,58,0.5586846517725588,0.7745098039215687,0.7413793103448276
20,5,88,58,0.5827975523996906,0.7579656862745099,0.7586206896551724
20,5,89,58,0.5673326889865201,0.7892156862745098,0.7931034482758621
20,5,90,58,0.5354907178756031,0.8174019607843137,0.7758620689655172
20,5,91,58,0.5211573085414075,0.7567401960784313,0.7413793103448276
20,5,92,58,0.526531114460611,0.7647058823529411,0.7758620689655172
20,5,93,58,0.5461117266026717,0.8008578431372549,0.7931034482758621
20,5,94,58,0.6415552856165889,0.8480392156862745,0.8275862068965517
20,5,95,58,0.6131413808733427,0.764093137254902,0.6551724137931034
20,5,96,58,0.5776335420650318,0.7916666666666666,0.7241379310344828
20,5,97,58,0.6780385775899489,0.852328431372549,0.8448275862068966
20,5,98,58,0.464815812230595,0.7352941176470589,0.6724137931034483
20,5,99,58,0.5835845714880055,0.8192401960784315,0.7413793103448276
20,5,100,58,0.5423421206435143,0.7977941176470589,0.7931034482758621
20,5,101,58,0.3450429111938233,0.7022058823529412,0.7068965517241379
20,5,102,58,0.43511696945946726,0.7628676470588236,0.8103448275862069
20,5,103,58,0.5002307204841051,0.6942401960784315,0.7241379310344828
20,5,104,58,0.3883719145871119,0.7089460784313726,0.6896551724137931
20,5,105,58,0.6211086504722889,0.8694852941176471,0.7413793103448276
20,5,106,58,0.5195803990515057,0.7702205882352942,0.7413793103448276
20,5,107,58,0.5406195207481006,0.6997549019607843,0.7068965517241379
20,5,108,58,0.41181265905565684,0.721200980392157,0.7586206896551724
20,5,109,58,0.5738148717292916,0.8106617647058824,0.6896551724137931
20,5,110,58,0.5627537839502775,0.7922794117647058,0.7068965517241379
20,5,111,58,0.4442496129299608,0.7248774509803921,0.7586206896551724
20,5,112,58,0.5630124165476068,0.752450980392157,0.7586206896551724
20,5,113,58,0.6246673947552775,0.801470588235294,0.7241379310344828
20,5,114,58,0.39913252141439,0.7058823529411765,0.7241379310344828
20,5,115,58,0.5135658917158568,0.7886029411764706,0.6896551724137931
20,5,116,58,0.40174739892329364,0.6936274509803921,0.7241379310344828
20,5,117,58,0.604392901134691,0.7659313725490196,0.7241379310344828
20,5,118,58,0.5999261742901966,0.8002450980392157,0.6896551724137931
20,5,119,58,0.46142488024784967,0.7291666666666667,0.6896551724137931
20,5,120,58,0.5839395851006763,0.8014705882352942,0.6896551724137931
20,5,121,58,0.6049494748243113,0.8357843137254901,0.7586206896551724
20,5,122,58,0.613030237780307,0.7720588235294118,0.6724137931034483
20,5,123,58,0.30759055635299265,0.6243872549019608,0.6206896551724138
20,5,124,58,0.494962393849213,0.6991421568627452,0.7068965517241379
20,5,125,58,0.5369920335016627,0.7389705882352942,0.7413793103448276
20,5,126,58,0.5777347117289909,0.8216911764705882,0.6896551724137931
20,5,127,58,0.6448983358454582,0.8112745098039216,0.7758620689655172
20,5,128,58,0.5273859884104116,0.735906862745098,0.6724137931034483
20,5,129,58,0.4542951631384134,0.7248774509803921,0.6724137931034483
20,5,130,58,0.6508651856502268,0.8290441176470589,0.7586206896551724
20,5,131,58,0.5297076149941341,0.7867647058823529,0.7241379310344828
20,5,132,58,0.6413707185033505,0.8357843137254902,0.6896551724137931
20,5,133,58,0.5125586408594424,0.7236519607843138,0.7241379310344828
20,5,134,58,0.418690496381252,0.7732843137254902,0.7068965517241379
20,5,135,58,0.4386920144809723,0.6758578431372549,0.6551724137931034
20,5,136,58,0.5379125780553078,0.7757352941176471,0.7931034482758621
20,5,137,58,0.41818042034829306,0.6991421568627451,0.7586206896551724
20,5,138,58,0.30259778215431454,0.6887254901960784,0.7068965517241379
20,5,139,58,0.5423056223569265,0.7518382352941176,0.7413793103448276
20,5,140,58,0.6127816664218035,0.7935049019607843,0.8448275862068966
20,5,141,58,0.4997769814639777,0.7052696078431373,0.603448275862069
20,5,142,58,0.6046912257456523,0.8008578431372548,0.7241379310344828
20,5,143,58,0.5394896719957679,0.7800245098039216,0.7413793103448276
20,5,144,58,0.6941569128895255,0.8523284313725491,0.8620689655172413
20,5,145,58,0.5797957428607646,0.8137254901960784,0.7413793103448276
20,5,146,58,0.4213198001443943,0.678921568627451,0.7413793103448276
20,5,147,58,0.47218419803484074,0.7181372549019608,0.6379310344827587
20,5,148,58,0.460009843948423,0.7365196078431373,0.6896551724137931
20,5,149,58,0.6257844225921337,0.8339460784313726,0.7068965517241379
20,5,150,58,0.585557179735895,0.8272058823529411,0.7413793103448276
20,5,151,58,0.6000153817046826,0.8259803921568628,0.6724137931034483
20,5,152,58,0.45931645578673946,0.7622549019607843,0.7068965517241379
20,5,153,58,0.6078717874505856,0.7622549019607843,0.7931034482758621
20,5,154,58,0.6071241809960319,0.7573529411764706,0.8448275862068966
20,5,155,58,0.6955331353069223,0.8572303921568627,0.8275862068965517
20,5,156,58,0.4584243402407067,0.7371323529411765,0.7241379310344828
20,5,157,58,0.4879721916914426,0.75,0.7068965517241379
20,5,158,58,0.5557537912578057,0.8186274509803921,0.7758620689655172
20,5,159,58,0.4235703087353571,0.6636029411764706,0.7068965517241379
20,5,160,58,0.6127414793104612,0.7922794117647058,0.7068965517241379
20,5,161,58,0.48190362070132514,0.7855392156862745,0.7758620689655172
20,5,162,58,0.6232619665801121,0.8719362745098039,0.7586206896551724
20,5,163,58,0.5577482125448655,0.7579656862745099,0.8275862068965517
20,5,164,58,0.46747054661785975,0.7132352941176471,0.6896551724137931
20,5,165,58,0.6029285101905236,0.7469362745098039,0.7241379310344828
20,5,166,58,0.5883872958659556,0.8278186274509803,0.7758620689655172
20,5,167,58,0.4710840410743713,0.8186274509803921,0.7586206896551724
20,5,168,58,0.4823735698111021,0.6997549019607843,0.7068965517241379
20,5,169,58,0.5174110990512554,0.7628676470588235,0.7931034482758621
20,5,170,58,0.4439590868373227,0.7481617647058824,0.7241379310344828
20,5,171,58,0.5357000040901669,0.7383578431372548,0.6724137931034483
20,5,172,58,0.5550941309381632,0.7879901960784313,0.7931034482758621
20,5,173,58,0.5038452075719687,0.7677696078431373,0.6551724137931034
20,5,174,58,0.5387987393261993,0.8106617647058824,0.6724137931034483
20,5,175,58,0.5020610313683437,0.7855392156862745,0.7758620689655172
20,5,176,58,0.6334343326341003,0.8290441176470588,0.7586206896551724
20,5,177,58,0.4241594635331755,0.7009803921568628,0.6551724137931034
20,5,178,58,0.5215117471894996,0.7751225490196079,0.7758620689655172
20,5,179,58,0.7105854137176275,0.8602941176470589,0.7758620689655172
20,5,180,58,0.5781216364342774,0.8333333333333333,0.6896551724137931
20,5,181,58,0.2983219773642922,0.6262254901960784,0.6379310344827587
20,5,182,58,0.3064310223942483,0.6305147058823529,0.7068965517241379
20,5,183,58,0.47660503981675406,0.7432598039215685,0.6896551724137931
20,5,184,58,0.455345334935172,0.7536764705882353,0.6896551724137931
20,5,185,58,0.6382821660112354,0.8253676470588236,0.7413793103448276
20,5,186,58,0.520171647476818,0.7794117647058824,0.6896551724137931
20,5,187,58,0.5748035129953769,0.7677696078431372,0.7931034482758621
20,5,188,58,0.4228675136116153,0.732843137254902,0.6724137931034483
20,5,189,58,0.5746673850615317,0.7745098039215685,0.8103448275862069
20,5,190,58,0.555748673974714,0.7708333333333334,0.7586206896551724
20,5,191,58,0.42161929391180186,0.6936274509803921,0.6551724137931034
20,5,192,58,0.6519418602649237,0.8057598039215687,0.7241379310344828
20,5,193,58,0.593453919316101,0.7984068627450981,0.7413793103448276
20,5,194,58,0.6554593414805464,0.7794117647058825,0.6896551724137931
20,5,195,58,0.5557623391462846,0.7542892156862745,0.7758620689655172
20,5,196,58,0.5658212468177759,0.8302696078431373,0.7413793103448276
20,5,197,58,0.3119895412073259,0.6188725490196078,0.6379310344827587
20,5,198,58,0.48499577072320044,0.7457107843137255,0.7068965517241379
20,5,199,58,0.5675746343935405,0.78125,0.6896551724137931
50,5,0,58,0.7056199821587869,0.8345588235294118,0.8275862068965517
50,5,1,58,0.6920852686948231,0.8529411764705882,0.8620689655172413
50,5,2,58,0.6842720477406258,0.8541666666666666,0.7586206896551724
50,5,3,58,0.6019563813097912,0.8063725490196079,0.8103448275862069
50,5,4,58,0.6917161401458058,0.9019607843137255,0.8275862068965517
50,5,5,58,0.7347616778019679,0.8958333333333333,0.8793103448275862
50,5,6,58,0.5858992894275432,0.7818627450980392,0.7931034482758621
50,5,7,58,0.6912239687471163,0.8602941176470589,0.8620689655172413
50,5,8,58,0.6873481189824356,0.8247549019607843,0.7931034482758621
50,5,9,58,0.5460334061336861,0.8075980392156863,0.8448275862068966
50,5,10,58,0.7348426589559816,0.875,0.8275862068965517
50,5,11,58,0.662196041113747,0.8443627450980392,0.8448275862068966
50,5,12,58,0.6158602233227722,0.8026960784313725,0.7758620689655172
50,5,13,58,0.7715709495831924,0.9019607843137255,0.8275862068965517
50,5,14,58,0.7295322762602139,0.9025735294117646,0.7931034482758621
50,5,15,58,0.580854532590975,0.7806372549019608,0.7758620689655172
50,5,16,58,0.7098649604724847,0.8345588235294117,0.8275862068965517
50,5,17,58,0.6485073135485676,0.8161764705882353,0.7586206896551724
50,5,18,58,0.6765818696361009,0.8455882352941176,0.7413793103448276
50,5,19,58,0.7237688024854656,0.8296568627450981,0.7931034482758621
50,5,20,58,0.5460949275585223,0.7757352941176472,0.7586206896551724
50,5,21,58,0.6788581623550403,0.8075980392156863,0.8793103448275862
50,5,22,58,0.6162080687318521,0.8480392156862745,0.7413793103448276
50,5,23,58,0.7029745608908303,0.8455882352941176,0.8620689655172413
50,5,24,58,0.6775046910086439,0.8161764705882353,0.8275862068965517
50,5,25,58,0.686240733335384,0.875,0.7586206896551724
50,5,26,58,0.6274877726168139,0.7818627450980392,0.8103448275862069
50,5,27,58,0.7059275892829678,0.8799019607843137,0.7931034482758621
50,5,28,58,0.6689532129564121,0.821078431372549,0.7931034482758621
50,5,29,58,0.6105693807868591,0.8075980392156862,0.8103448275862069
50,5,30,58,0.7646190285767019,0.8982843137254902,0.8448275862068966
50,5,31,58,0.6736903626687994,0.8394607843137255,0.8793103448275862
50,5,32,58,0.6608323848780339,0.8774509803921569,0.8448275862068966
50,5,33,58,0.6342551293487957,0.8100490196078431,0.7758620689655172
50,5,34,58,0.6535728567473623,0.8198529411764706,0.7931034482758621
50,5,35,58,0.5846688609308192,0.7965686274509804,0.8103448275862069
50,5,36,58,0.6135839306038328,0.8284313725490197,0.8793103448275862
50,5,37,58,0.6347473007474854,0.8480392156862746,0.7758620689655172
50,5,38,58,0.6867329047340737,0.8443627450980392,0.8275862068965517
50,5,39,58,0.6226891014795904,0.7622549019607843,0.8103448275862069
50,5,40,58,0.6485280999107941,0.8553921568627452,0.8793103448275862
50,5,41,58,0.7437632655572304,0.8651960784313726,0.8620689655172413
50,5,42,58,0.6984834968777878,0.849264705882353,0.8620689655172413
50,5,43,58,0.6450829001199668,0.8419117647058824,0.8103448275862069
50,5,44,58,0.6491433141591559,0.8100490196078431,0.7241379310344828
50,5,45,58,0.6561567565904827,0.8602941176470588,0.7931034482758621
50,5,46,58,0.5977114029960935,0.7977941176470588,0.8103448275862069
50,5,47,58,0.6722549487852384,0.8235294117647058,0.7241379310344828
50,5,48,58,0.6748592697406873,0.8026960784313726,0.7586206896551724
50,5,49,58,0.7844904487987941,0.8602941176470589,0.8275862068965517
50,5,50,58,0.7844904487987941,0.9289215686274509,0.8620689655172413
50,5,51,58,0.6677843058845243,0.8492647058823529,0.7758620689655172
50,5,52,58,0.6170291303946599,0.7806372549019608,0.7586206896551724
50,5,53,58,0.7041434679627181,0.8786764705882353,0.8448275862068966
50,5,54,58,0.6266264726691071,0.823529411764706,0.7413793103448276
50,5,55,58,0.5573533483035468,0.8247549019607844,0.9137931034482759
50,5,56,58,0.6677843058845243,0.8406862745098039,0.7931034482758621
50,5,57,58,0.7259220523547326,0.8492647058823529,0.8103448275862069
50,5,58,58,0.5938355532314129,0.8100490196078431,0.8103448275862069
50,5,59,58,0.6332092651265805,0.8223039215686275,0.8793103448275862
50,5,60,58,0.7277676950998186,0.8970588235294118,0.7931034482758621
50,5,61,58,0.7305361592174476,0.8602941176470589,0.8448275862068966
50,5,62,58,0.6365314220677352,0.8333333333333333,0.7758620689655172
50,5,63,58,0.6543726352702329,0.8088235294117647,0.8448275862068966
50,5,64,58,0.6937877786630487,0.8474264705882353,0.7758620689655172
50,5,65,58,0.6460057214925098,0.8443627450980392,0.8620689655172413
50,5,66,58,0.6408994432311053,0.8063725490196079,0.8275862068965517
50,5,67,58,0.6685840844073949,0.8247549019607843,0.7413793103448276
50,5,68,58,0.5967362382852036,0.823529411764706,0.8275862068965517
50,5,69,58,0.6915729733041882,0.8443627450980392,0.8620689655172413
50,5,70,58,0.5964194530745333,0.7818627450980392,0.7758620689655172
50,5,71,58,0.6655695345904211,0.8345588235294118,0.7758620689655172
50,5,72,58,0.6461287643421822,0.829656862745098,0.7586206896551724
50,5,73,58,0.5900827463164047,0.7549019607843137,0.7586206896551724
50,5,74,58,0.6924543972438403,0.8443627450980392,0.8275862068965517
50,5,75,58,0.6810729336491433,0.8541666666666667,0.8103448275862069
50,5,76,58,0.7691100925897445,0.8958333333333333,0.7758620689655172
50,5,77,58,0.6746131840413425,0.8394607843137255,0.8275862068965517
50,5,78,58,0.6469077319005017,0.8002450980392157,0.8275862068965517
50,5,79,58,0.6827955335445569,0.8480392156862745,0.8620689655172413
50,5,80,58,0.7524377864591345,0.8811274509803921,0.8275862068965517
50,5,81,58,0.5840626298428353,0.8131127450980392,0.7586206896551724
50,5,82,58,0.7218001168907072,0.866421568627451,0.8275862068965517
50,5,83,58,0.6824264049955397,0.8553921568627452,0.896551724137931
50,5,84,58,0.6016487741856102,0.8100490196078431,0.8103448275862069
50,5,85,58,0.7496693223415055,0.8860294117647058,0.8448275862068966
50,5,86,58,0.7342889661324556,0.8823529411764706,0.7758620689655172
50,5,87,58,0.6864666165045933,0.8725490196078431,0.8448275862068966
50,5,88,58,0.6761512196622473,0.8321078431372549,0.8448275862068966
50,5,89,58,0.7383493801716449,0.8394607843137255,0.7413793103448276
50,5,90,58,0.6699990771786275,0.8419117647058825,0.8448275862068966
50,5,91,58,0.613645452028669,0.7916666666666666,0.7931034482758621
50,5,92,58,0.6415761789043035,0.8284313725490197,0.8275862068965517
50,5,93,58,0.6921467901196592,0.8357843137254901,0.7931034482758621
50,5,94,58,0.7123258174659326,0.8688725490196079,0.8103448275862069
50,5,95,58,0.6218278015318836,0.7855392156862745,0.8275862068965517
50,5,96,58,0.6824879264203759,0.857843137254902,0.8275862068965517
50,5,97,58,0.6260112584207451,0.7990196078431373,0.7931034482758621
50,5,98,58,0.6360490334049773,0.8308823529411764,0.7586206896551724
50,5,99,58,0.6533267710480176,0.8259803921568627,0.8103448275862069
50,5,100,58,0.6636008489956629,0.8296568627450981,0.7931034482758621
50,5,101,58,0.631240579531822,0.8259803921568627,0.7758620689655172
50,5,102,58,0.7350692896573652,0.875,0.7586206896551724
50,5,103,58,0.6646467132178782,0.8259803921568627,0.8448275862068966
50,5,104,58,0.642068350302993,0.8149509803921569,0.7758620689655172
50,5,105,58,0.6958380756098312,0.8468137254901961,0.8103448275862069
50,5,106,58,0.6743670983419976,0.8161764705882354,0.7758620689655172
50,5,107,58,0.7346580946814729,0.8713235294117647,0.8620689655172413
50,5,108,58,0.7516803298488187,0.8486519607843137,0.8448275862068966
50,5,109,58,0.7745854994001662,0.8909313725490196,0.7931034482758621
50,5,110,58,0.571626318865545,0.8112745098039216,0.7241379310344828
50,5,111,58,0.6885170260543235,0.9007352941176471,0.7931034482758621
50,5,112,58,0.7421021870866529,0.8823529411764706,0.7931034482758621
50,5,113,58,0.7534836506813499,0.892156862745098,0.8275862068965517
50,5,114,58,0.7758774493217263,0.9583333333333334,0.8793103448275862
50,5,115,58,0.6432987787997171,0.8627450980392156,0.8103448275862069
50,5,116,58,0.6837288709915573,0.8535539215686274,0.8448275862068966
50,5,117,58,0.6811344550739796,0.8480392156862745,0.8103448275862069
50,5,118,58,0.6915930972961334,0.8333333333333334,0.8793103448275862
50,5,119,58,0.5514472915192716,0.7352941176470589,0.7413793103448276
50,5,120,58,0.6436063859238982,0.8284313725490197,0.896551724137931
50,5,121,58,0.6119228521332555,0.795343137254902,0.7758620689655172
50,5,122,58,0.7432710941585408,0.9448529411764706,0.7758620689655172
50,5,123,58,0.6842105263157895,0.8223039215686274,0.7586206896551724
50,5,124,58,0.5482481774277893,0.8014705882352942,0.7931034482758621
50,5,125,58,0.6110000307607124,0.7843137254901961,0.7758620689655172
50,5,126,58,0.7139253745116738,0.8431372549019608,0.8103448275862069
50,5,127,58,0.6787351195053678,0.8468137254901962,0.8448275862068966
50,5,128,58,0.6760281768125751,0.8578431372549019,0.8275862068965517
50,5,129,58,0.689009197453013,0.8149509803921569,0.8103448275862069
50,5,130,58,0.5998031314405241,0.803921568627451,0.8275862068965517
50,5,131,58,0.5983266172444556,0.7879901960784313,0.7931034482758621
50,5,132,58,0.6560952351656465,0.8272058823529412,0.8103448275862069
50,5,133,58,0.6586176135839306,0.8137254901960784,0.7758620689655172
50,5,134,58,0.6399151004337262,0.7941176470588236,0.7241379310344828
50,5,135,58,0.712141253191424,0.8639705882352942,0.6896551724137931
50,5,136,58,0.7260255011086848,0.8737745098039215,0.8275862068965517
50,5,137,58,0.756313636223815,0.8700980392156862,0.7758620689655172
50,5,138,58,0.6704912485773171,0.8321078431372548,0.7931034482758621
50,5,139,58,0.5785871388167635,0.7990196078431373,0.7241379310344828
50,5,140,58,0.6462518071918546,0.8517156862745098,0.7758620689655172
50,5,141,58,0.6819957550216864,0.8541666666666666,0.7931034482758621
50,5,142,58,0.6277953797409949,0.7659313725490197,0.7931034482758621
50,5,143,58,0.6799655480020917,0.8909313725490196,0.8275862068965517
50,5,144,58,0.6172752160940048,0.8051470588235294,0.8275862068965517
50,5,145,58,0.7251837952566982,0.849264705882353,0.7586206896551724
50,5,146,58,0.6476767615389949,0.8088235294117647,0.7931034482758621
50,5,147,58,0.6786532753775021,0.8474264705882353,0.8275862068965517
50,5,148,58,0.680468185324346,0.8314950980392157,0.7931034482758621
50,5,149,58,0.6743670983419976,0.8455882352941176,0.8103448275862069
50,5,150,58,0.7430865298840322,0.8725490196078431,0.7586206896551724
50,5,151,58,0.5937125103817406,0.7977941176470589,0.7241379310344828
50,5,152,58,0.5995570457411794,0.8259803921568627,0.7758620689655172
50,5,153,58,0.6965148112830293,0.8884803921568627,0.8448275862068966
50,5,154,58,0.6264419083945986,0.7855392156862745,0.6896551724137931
50,5,155,58,0.6538804638715434,0.8529411764705882,0.8275862068965517
50,5,156,58,0.6567104494140085,0.8357843137254902,0.8448275862068966
50,5,157,58,0.6290258082377189,0.8075980392156863,0.7758620689655172
50,5,158,58,0.6998369682241843,0.8884803921568628,0.7758620689655172
50,5,159,58,0.6788581623550403,0.8504901960784313,0.8275862068965517
50,5,160,58,0.5686732904734074,0.8161764705882353,0.8275862068965517
50,5,161,58,0.6585046988489794,0.8296568627450981,0.7758620689655172
50,5,162,58,0.697929804054262,0.8321078431372548,0.8448275862068966
50,5,163,58,0.6743055769171615,0.8088235294117647,0.8275862068965517
50,5,164,58,0.7447898242879195,0.8664215686274509,0.8103448275862069
50,5,165,58,0.6751053554400321,0.8651960784313725,0.7931034482758621
50,5,166,58,0.680027069426928,0.8406862745098039,0.7931034482758621
50,5,167,58,0.6298255867605895,0.7818627450980393,0.8793103448275862
50,5,168,58,0.571933925989726,0.7732843137254901,0.7413793103448276
50,5,169,58,0.7213694669168539,0.8529411764705882,0.8448275862068966
50,5,170,58,0.647605278538251,0.7928921568627452,0.7758620689655172
50,5,171,58,0.601587252760774,0.7916666666666667,0.7586206896551724
50,5,172,58,0.7034052108646838,0.8480392156862745,0.896551724137931
50,5,173,58,0.6039865883293858,0.7830882352941176,0.7241379310344828
50,5,174,58,0.712756467439786,0.883578431372549,0.8103448275862069
50,5,175,58,0.7059275892829678,0.8884803921568628,0.8275862068965517
50,5,176,58,0.736872865975576,0.8933823529411764,0.8448275862068966
50,5,177,58,0.6736288412439633,0.8651960784313725,0.8103448275862069
50,5,178,58,0.7051893321849335,0.8688725490196079,0.8275862068965517
50,5,179,58,0.7142439670469686,0.8780637254901961,0.8620689655172413
50,5,180,58,0.6051340419375496,0.818014705882353,0.8620689655172413
50,5,181,58,0.6030022455320065,0.803921568627451,0.7931034482758621
50,5,182,58,0.722353809714233,0.8419117647058824,0.8103448275862069
50,5,183,58,0.6446522501461134,0.7757352941176471,0.7758620689655172
50,5,184,58,0.6887429442345331,0.8186274509803921,0.8103448275862069
50,5,185,58,0.6981143683287706,0.849264705882353,0.8448275862068966
50,5,186,58,0.7224153311390693,0.8676470588235294,0.8448275862068966
50,5,187,58,0.5409271278722816,0.7720588235294118,0.7758620689655172
50,5,188,58,0.7283829093481805,0.8860294117647058,0.7931034482758621
50,5,189,58,0.8028238333999816,0.8860294117647058,0.7931034482758621
50,5,190,58,0.6231197514534437,0.8112745098039216,0.8448275862068966
50,5,191,58,0.7267218308776032,0.8897058823529412,0.8103448275862069
50,5,192,58,0.6952843827863054,0.8357843137254902,0.8620689655172413
50,5,193,58,0.5579685625519087,0.7769607843137255,0.8275862068965517
50,5,194,58,0.6599095635054909,0.8051470588235294,0.8448275862068966
50,5,195,58,0.640530314682088,0.8063725490196079,0.8448275862068966
50,5,196,58,0.6620628133747577,0.821078431372549,0.7758620689655172
50,5,197,58,0.6440469416453068,0.7769607843137255,0.6896551724137931
50,5,198,58,0.658433049309422,0.8517156862745098,0.7758620689655172
50,5,199,58,0.708142360577071,0.8762254901960784,0.8620689655172413
100,5,0,58,0.6539419852963796,0.8406862745098039,0.8275862068965517
100,5,1,58,0.6683379987080501,0.8382352941176471,0.8620689655172413
100,5,2,58,0.7202620812698023,0.8762254901960784,0.9482758620689655
100,5,3,58,0.7737857208772956,0.9117647058823529,0.8275862068965517
100,5,4,58,0.7596973145898059,0.892156862745098,0.9310344827586207
100,5,5,58,0.739333722969024,0.8737745098039216,0.8448275862068966
100,5,6,58,0.7350272232304901,0.875,0.8793103448275862
100,5,7,58,0.6994063182503307,0.8553921568627452,0.8275862068965517
100,5,8,58,0.7666492355962965,0.8897058823529411,0.896551724137931
100,5,9,58,0.7500999723153589,0.9105392156862745,0.9137931034482759
100,5,10,58,0.7500384508905227,0.8933823529411764,0.9310344827586207
100,5,11,58,0.7404411086160756,0.8627450980392157,0.9137931034482759
100,5,12,58,0.7056199821587869,0.8553921568627451,0.8103448275862069
100,5,13,58,0.7649881571257191,0.8995098039215687,0.8448275862068966
100,5,14,58,0.7580977575440647,0.8958333333333334,0.8448275862068966
100,5,15,58,0.7319511519886801,0.8860294117647058,0.8793103448275862
100,5,16,58,0.7275216094004738,0.9080882352941176,0.9137931034482759
100,5,17,58,0.7149712387338891,0.8553921568627451,0.896551724137931
100,5,18,58,0.6928850472176937,0.8664215686274509,0.8620689655172413
100,5,19,58,0.7191546956227507,0.8946078431372549,0.8620689655172413
100,5,20,58,0.7691100925897445,0.8823529411764706,0.8620689655172413
100,5,21,58,0.7340428804331108,0.8860294117647058,0.896551724137931
100,5,22,58,0.7470854224983852,0.8860294117647058,0.8793103448275862
100,5,23,58,0.7500384508905227,0.8700980392156863,0.8103448275862069
100,5,24,58,0.7668953212956413,0.8799019607843137,0.8620689655172413
100,5,25,58,0.7438247869820666,0.8529411764705883,0.8275862068965517
100,5,26,58,0.7192777384724232,0.8615196078431373,0.8448275862068966
100,5,27,58,0.7200270699284377,0.8927696078431373,0.8793103448275862
100,5,28,58,0.7721246424067183,0.8909313725490196,0.9137931034482759
100,5,29,58,0.7787689562890276,0.9031862745098039,0.8103448275862069
100,5,30,58,0.7688640068903997,0.9056372549019608,0.8448275862068966
100,5,31,58,0.7203236026946385,0.8811274509803921,0.8103448275862069
100,5,32,58,0.7255529238057153,0.8909313725490197,0.896551724137931
100,5,33,58,0.7320126734135163,0.8713235294117646,0.7586206896551724
100,5,34,58,0.7209388169430005,0.8725490196078431,0.8448275862068966
100,5,35,58,0.7312128948906458,0.8872549019607843,0.8620689655172413
100,5,36,58,0.7246301024331724,0.8848039215686274,0.8793103448275862
100,5,37,58,0.6946691685379435,0.8480392156862746,0.8275862068965517
100,5,38,58,0.7188470884985696,0.8517156862745099,0.8620689655172413
100,5,39,58,0.7490541080931434,0.8884803921568627,0.8275862068965517
100,5,40,58,0.735642437478852,0.8713235294117647,0.8448275862068966
100,5,41,58,0.7611738287858748,0.8823529411764706,0.8793103448275862
100,5,42,58,0.7760620135962351,0.9387254901960784,0.7931034482758621
100,5,43,58,0.7666492355962965,0.9129901960784313,0.8620689655172413
100,5,44,58,0.7255529238057153,0.8909313725490196,0.8793103448275862
100,5,45,58,0.7916884555046295,0.9252450980392156,0.896551724137931
100,5,46,58,0.7113414746685535,0.8602941176470589,0.8620689655172413
100,5,47,58,0.749853886616014,0.8982843137254902,0.9137931034482759
100,5,48,58,0.7310898520409734,0.8529411764705882,0.8275862068965517
100,5,49,58,0.7429634870343598,0.8688725490196079,0.896551724137931
100,5,50,58,0.6723368913224032,0.8321078431372548,0.8275862068965517
100,5,51,58,0.7316435448644991,0.8737745098039216,0.8275862068965517
100,5,52,58,0.7115875603678982,0.866421568627451,0.9482758620689655
100,5,53,58,0.6690147343812483,0.8296568627450981,0.8275862068965517
100,5,54,58,0.7568673290473408,0.8639705882352942,0.8620689655172413
100,5,55,58,0.7452397797532991,0.9178921568627452,0.8620689655172413
100,5,56,58,0.7118951674920793,0.8774509803921569,0.8793103448275862
100,5,57,58,0.771755513857701,0.9068627450980392,0.7586206896551724
100,5,58,58,0.6933772186163831,0.8517156862745098,0.8448275862068966
100,5,59,58,0.7555138577009444,0.9252450980392157,0.896551724137931
100,5,60,58,0.7352117875049986,0.8602941176470589,0.8448275862068966
100,5,61,58,0.7034052108646838,0.8700980392156863,0.7758620689655172
100,5,62,58,0.7403795871912394,0.9056372549019608,0.9137931034482759
100,5,63,58,0.7625888215571074,0.8762254901960784,0.8448275862068966
100,5,64,58,0.7244455381586639,0.8946078431372549,0.9137931034482759
100,5,65,58,0.7108493032698637,0.8394607843137255,0.8793103448275862
100,5,66,58,0.7320741948383525,0.875,0.8103448275862069
100,5,67,58,0.7236457596357934,0.8725490196078431,0.8275862068965517
100,5,68,58,0.7543449506290567,0.9093137254901961,0.8103448275862069
100,5,69,58,0.8058999046417916,0.946078431372549,0.8793103448275862
100,5,70,58,0.7024208680673045,0.8627450980392156,0.8793103448275862
100,5,71,58,0.7299824663939218,0.8884803921568627,0.896551724137931
100,5,72,58,0.7644344643021933,0.9178921568627452,0.9137931034482759
100,5,73,58,0.7795687348118984,0.8958333333333334,0.8793103448275862
100,5,74,58,0.7276446522501463,0.8676470588235294,0.8448275862068966
100,5,75,58,0.6813190193484882,0.8357843137254902,0.8275862068965517
100,5,76,58,0.7611123073610385,0.9031862745098039,0.896551724137931
100,5,77,58,0.8020855763019472,0.9399509803921569,0.9137931034482759
100,5,78,58,0.7670798855701498,0.8860294117647058,0.8448275862068966
100,5,79,58,0.745178258328463,0.8909313725490196,0.896551724137931
100,5,80,58,0.7421637085114892,0.8762254901960784,0.896551724137931
100,5,81,58,0.7106647389953552,0.8529411764705883,0.8793103448275862
100,5,82,58,0.7614814359100558,0.9056372549019608,0.9137931034482759
100,5,83,58,0.742717401335015,0.8946078431372549,0.8620689655172413
100,5,84,58,0.7857208772955182,0.9154411764705882,0.9310344827586207
100,5,85,58,0.7249377095573534,0.8590686274509804,0.9137931034482759
100,5,86,58,0.7352117875049986,0.9007352941176471,0.9137931034482759
100,5,87,58,0.7376111230736105,0.866421568627451,0.8620689655172413
100,5,88,58,0.7604970931126765,0.8700980392156863,0.8448275862068966
100,5,89,58,0.7437017441323942,0.8713235294117647,0.8620689655172413
100,5,90,58,0.7041434679627181,0.8517156862745098,0.8448275862068966
100,5,91,58,0.7597588360146421,0.9093137254901962,0.896551724137931
100,5,92,58,0.81094466147836,0.9068627450980392,0.8448275862068966
100,5,93,58,0.786274570119044,0.9313725490196079,0.896551724137931
100,5,94,58,0.8263250176874097,0.9338235294117647,0.896551724137931
100,5,95,58,0.7261681380540774,0.8811274509803922,0.8793103448275862
100,5,96,58,0.679104248054385,0.8406862745098039,0.8448275862068966
100,5,97,58,0.8482881663539328,0.9424019607843137,0.8275862068965517
100,5,98,58,0.7172475314528286,0.8345588235294117,0.8448275862068966
100,5,99,58,0.713064074563967,0.8786764705882353,0.8793103448275862
100,5,100,58,0.7426558799101787,0.9191176470588235,0.9137931034482759
100,5,101,58,0.7154634101325787,0.8835784313725491,0.9137931034482759
100,5,102,58,0.7040204251130456,0.8504901960784315,0.8620689655172413
100,5,103,58,0.8073764188378604,0.9166666666666666,0.8793103448275862
100,5,104,58,0.680334676551109,0.8296568627450981,0.7931034482758621
100,5,105,58,0.7555138577009444,0.8566176470588236,0.8793103448275862
100,5,106,58,0.7520071364852812,0.8799019607843138,0.8275862068965517
100,5,107,58,0.7531145221323327,0.8786764705882353,0.8793103448275862
100,5,108,58,0.653757421021871,0.8345588235294118,0.8793103448275862
100,5,109,58,0.7143560244855272,0.8504901960784315,0.9310344827586207
100,5,110,58,0.6907933187732628,0.8737745098039216,0.7758620689655172
100,5,111,58,0.6910394044726076,0.8627450980392157,0.8448275862068966
100,5,112,58,0.7056199821587869,0.8700980392156863,0.8275862068965517
100,5,113,58,0.7117106032175705,0.8517156862745098,0.8448275862068966
100,5,114,58,0.7512073579624104,0.883578431372549,0.8275862068965517
100,5,115,58,0.72143098834169,0.8823529411764706,0.8448275862068966
100,5,116,58,0.7612968716355472,0.8602941176470589,0.8793103448275862
100,5,117,58,0.7144175459103633,0.8872549019607843,0.8620689655172413
100,5,118,58,0.74425543695592,0.8970588235294118,0.8620689655172413
100,5,119,58,0.764311421452521,0.9215686274509803,0.8620689655172413
100,5,120,58,0.7154018887077425,0.8848039215686274,0.8793103448275862
100,5,121,58,0.7044510750868991,0.8700980392156863,0.8448275862068966
100,5,122,58,0.6986065397274602,0.8700980392156863,0.8448275862068966
100,5,123,58,0.8182657110338677,0.8970588235294117,0.8275862068965517
100,5,124,58,0.7467162939493679,0.8443627450980392,0.8620689655172413
100,5,125,58,0.7072195392045281,0.8799019607843137,0.896551724137931
100,5,126,58,0.7508997508382296,0.8982843137254902,0.9137931034482759
100,5,127,58,0.8203574394782983,0.9129901960784313,0.8448275862068966
100,5,128,58,0.8125442185241011,0.9276960784313726,0.8793103448275862
100,5,129,58,0.7274600879756375,0.8860294117647058,0.8620689655172413
100,5,130,58,0.7664031498969517,0.9129901960784315,0.7758620689655172
100,5,131,58,0.7042049893875542,0.8602941176470589,0.8448275862068966
100,5,132,58,0.789965855609216,0.8872549019607843,0.8793103448275862
100,5,133,58,0.7576671075702114,0.8884803921568627,0.896551724137931
100,5,134,58,0.7235227167861209,0.8774509803921569,0.8620689655172413
100,5,135,58,0.7458549940016611,0.8946078431372548,0.896551724137931
100,5,136,58,0.7358885231781969,0.8762254901960784,0.8448275862068966
100,5,137,58,0.7637577286289952,0.8884803921568628,0.8275862068965517
100,5,138,58,0.7540988649297118,0.8602941176470589,0.8793103448275862
100,5,139,58,0.6585046988489794,0.8504901960784313,0.896551724137931
100,5,140,58,0.7066043249561661,0.8615196078431373,0.8448275862068966
100,5,141,58,0.8095296687071273,0.9019607843137254,0.8620689655172413
100,5,142,58,0.728505952197853,0.883578431372549,0.8448275862068966
100,5,143,58,0.7888584699621644,0.9068627450980392,0.8793103448275862
100,5,144,58,0.716447752929958,0.8700980392156863,0.8275862068965517
100,5,145,58,0.7604355716878403,0.8799019607843137,0.896551724137931
100,5,146,58,0.769294656864253,0.8823529411764706,0.7758620689655172
100,5,147,58,0.6799040265772556,0.8529411764705882,0.8620689655172413
100,5,148,58,0.7158325386815959,0.8639705882352942,0.9310344827586207
100,5,149,58,0.6485280999107941,0.8026960784313725,0.8103448275862069
100,5,150,58,0.7251837952566982,0.8774509803921569,0.8275862068965517
100,5,151,58,0.7437632655572304,0.9068627450980392,0.8620689655172413
100,5,152,58,0.743947829831739,0.8786764705882354,0.8448275862068966
100,5,153,58,0.6885170260543235,0.8553921568627451,0.9137931034482759
100,5,154,58,0.7061121535574765,0.8517156862745098,0.8793103448275862
100,5,155,58,0.7136177673874928,0.8799019607843137,0.8103448275862069
100,5,156,58,0.7657264142237535,0.8958333333333333,0.8793103448275862
100,5,157,58,0.7494232366421607,0.8897058823529411,0.8448275862068966
100,5,158,58,0.708142360577071,0.8566176470588235,0.8448275862068966
100,5,159,58,0.66704604878649,0.8455882352941176,0.8275862068965517
100,5,160,58,0.6966378541327017,0.8970588235294118,0.9482758620689655
100,5,161,58,0.7301055092435942,0.892156862745098,0.8793103448275862
100,5,162,58,0.7484388938447816,0.8811274509803921,0.8275862068965517
100,5,163,58,0.76092774308653,0.9044117647058824,0.896551724137931
100,5,164,58,0.7541603863545481,0.883578431372549,0.7931034482758621
100,5,165,58,0.7302900735181027,0.8394607843137255,0.8275862068965517
100,5,166,58,0.6961456827340122,0.8590686274509803,0.8275862068965517
100,5,167,58,0.7582208003937372,0.8615196078431372,0.8103448275862069
100,5,168,58,0.7310283306161371,0.8590686274509804,0.7758620689655172
100,5,169,58,0.7345965732566367,0.892156862745098,0.8275862068965517
100,5,170,58,0.7688640068903997,0.9240196078431372,0.9482758620689655
100,5,171,58,0.7387800301454982,0.8933823529411765,0.9137931034482759
100,5,172,58,0.7446245655049372,0.8431372549019608,0.8275862068965517
100,5,173,58,0.7809222061582947,0.9105392156862746,0.8793103448275862
100,5,174,58,0.7433326155833769,0.8848039215686274,0.8793103448275862
100,5,175,58,0.7105416961456827,0.892156862745098,0.8103448275862069
100,5,176,58,0.7265987880279308,0.8872549019607844,0.9137931034482759
100,5,177,58,0.7506536651388847,0.9068627450980392,0.896551724137931
100,5,178,58,0.7693561782890893,0.9178921568627452,0.8620689655172413
100,5,179,58,0.7524993078839706,0.892156862745098,0.9310344827586207
100,5,180,58,0.672644498446584,0.8651960784313726,0.896551724137931
100,5,181,58,0.8025777477006367,0.9093137254901961,0.9137931034482759
100,5,182,58,0.7254914023808792,0.8639705882352942,0.7931034482758621
100,5,183,58,0.738410901596481,0.8615196078431373,0.8275862068965517
100,5,184,58,0.7351502660801624,0.8823529411764706,0.8448275862068966
100,5,185,58,0.7664031498969517,0.8848039215686274,0.8275862068965517
100,5,186,58,0.7013134824202529,0.8615196078431372,0.9137931034482759
100,5,187,58,0.686240733335384,0.8541666666666667,0.896551724137931
100,5,188,58,0.760620135962349,0.9056372549019608,0.8620689655172413
100,5,189,58,0.7230305453874313,0.8811274509803921,0.8793103448275862
100,5,190,58,0.7560675505244702,0.8737745098039216,0.8793103448275862
100,5,191,58,0.7483158509951092,0.8786764705882353,0.9310344827586207
100,5,192,58,0.7195853455966041,0.892156862745098,0.8448275862068966
100,5,193,58,0.7202005598449661,0.8872549019607844,0.8793103448275862
100,5,194,58,0.7125103817404411,0.8725490196078431,0.8448275862068966
100,5,195,58,0.6990371897013136,0.8419117647058824,0.8448275862068966
100,5,196,58,0.7080193177273986,0.8615196078431372,0.8793103448275862
100,5,197,58,0.7409948014396014,0.9031862745098039,0.8275862068965517
100,5,198,58,0.6802731551262728,0.8995098039215687,0.8620689655172413
100,5,199,58,0.7647420714263743,0.9301470588235294,0.8275862068965517
20,6,0,58,0.500530647306685,0.7729988052568697,0.7241379310344828
20,6,1,58,0.533725065006526,0.7311827956989247,0.7413793103448276
20,6,2,58,0.5500938201728752,0.7610513739545998,0.7241379310344828
20,6,3,58,0.5551026692058959,0.8249701314217442,0.7758620689655172
20,6,4,58,0.4670071070456428,0.6953405017921147,0.7586206896551724
20,6,5,58,0.6363244851616574,0.8219832735961767,0.7068965517241379
20,6,6,58,0.5129120076894419,0.7025089605734767,0.6896551724137931
20,6,7,58,0.5212108171183932,0.7371565113500598,0.6724137931034483
20,6,8,58,0.5223797961097464,0.7037037037037037,0.6551724137931034
20,6,9,58,0.46652413989553065,0.7096774193548386,0.5862068965517241
20,6,10,58,0.5163572604698916,0.7204301075268817,0.7241379310344828
20,6,11,58,0.5039990158653846,0.7156511350059738,0.6551724137931034
20,6,12,58,0.6122373654187724,0.8303464755077657,0.7241379310344828
20,6,13,58,0.627945612715507,0.8578255675029868,0.7413793103448276
20,6,14,58,0.5150266080162417,0.7025089605734767,0.7413793103448276
20,6,15,58,0.47849760081702014,0.7526881720430108,0.7068965517241379
20,6,16,58,0.6751876464373369,0.8303464755077659,0.7931034482758621
20,6,17,58,0.5372441054513677,0.7252090800477897,0.6896551724137931
20,6,18,58,0.47428325357742307,0.7377538829151732,0.7586206896551724
20,6,19,58,0.49061014817313836,0.6971326164874552,0.6896551724137931
20,6,20,58,0.5474428983756233,0.7604540023894863,0.8448275862068966
20,6,21,58,0.6916960180463472,0.8279569892473118,0.7413793103448276
20,6,22,58,0.45962408183709563,0.7825567502986858,0.7241379310344828
20,6,23,58,0.6811554082218757,0.8494623655913978,0.7931034482758621
20,6,24,58,0.340193183377398,0.6302270011947432,0.6206896551724138
20,6,25,58,0.556500607599238,0.7144563918757467,0.6724137931034483
20,6,26,58,0.5530638614650726,0.7508960573476703,0.7241379310344828
20,6,27,58,0.527039498219094,0.7712066905615292,0.7068965517241379
20,6,28,58,0.3911592353231944,0.6654719235364397,0.6206896551724138
20,6,29,58,0.47940570303608243,0.6965352449223416,0.7586206896551724
20,6,30,58,0.48601839695765175,0.7341696535244923,0.7586206896551724
20,6,31,58,0.37377341659232827,0.6523297491039426,0.6206896551724138
20,6,32,58,0.39079010109671775,0.6762246117084827,0.6724137931034483
20,6,33,58,0.377931925541111,0.6553166069295101,0.6379310344827587
20,6,34,58,0.6082716828626019,0.8476702508960573,0.7758620689655172
20,6,35,58,0.5171183364606725,0.7479091995221028,0.8620689655172413
20,6,36,58,0.5308765400446438,0.8231780167264039,0.6379310344827587
20,6,37,58,0.5275154572579902,0.7371565113500597,0.6551724137931034
20,6,38,58,0.5323838381360905,0.7168458781362007,0.7586206896551724
20,6,39,58,0.6135507197180157,0.8536439665471922,0.8275862068965517
20,6,40,58,0.6743059301187717,0.7861409796893668,0.7758620689655172
20,6,41,58,0.5877195692053887,0.7658303464755077,0.7586206896551724
20,6,42,58,0.4871956565782285,0.6660692951015531,0.7413793103448276
20,6,43,58,0.7157930358991477,0.8225806451612903,0.8620689655172413
20,6,44,58,0.5642737415614559,0.7837514934289127,0.7586206896551724
20,6,45,58,0.5014380854831231,0.7084826762246117,0.7758620689655172
20,6,46,58,0.47142967057801904,0.7598566308243728,0.7931034482758621
20,6,47,58,0.41697428345064014,0.6845878136200717,0.6896551724137931
20,6,48,58,0.5381444570037255,0.7550776583034647,0.7931034482758621
20,6,49,58,0.559115308370115,0.7628434886499402,0.6724137931034483
20,6,50,58,0.6115913507130245,0.8160095579450417,0.8103448275862069
20,6,51,58,0.5966439547285844,0.7305854241338112,0.7068965517241379
20,6,52,58,0.5312701889650385,0.7712066905615291,0.7931034482758621
20,6,53,58,0.5636853039916229,0.7467144563918757,0.8103448275862069
20,6,54,58,0.5000538321338353,0.7275985663082437,0.7241379310344828
20,6,55,58,0.34317706426966743,0.6804062126642771,0.603448275862069
20,6,56,58,0.6791866620661514,0.8112305854241338,0.7586206896551724
20,6,57,58,0.5263481721593405,0.7287933094384708,0.7413793103448276
20,6,58,58,0.4175587549656208,0.611111111111111,0.7068965517241379
20,6,59,58,0.5325458351233849,0.7604540023894862,0.8103448275862069
20,6,60,58,0.5397323529560609,0.7622461170848267,0.7068965517241379
20,6,61,58,0.4857955861512611,0.6600955794504182,0.7068965517241379
20,6,62,58,0.6188725685278034,0.7951015531660692,0.7413793103448276
20,6,63,58,0.5192180507250864,0.7485065710872163,0.7068965517241379
20,6,64,58,0.6138915377280137,0.7634408602150538,0.7413793103448276
20,6,65,58,0.4646405610753946,0.6702508960573476,0.8275862068965517
20,6,66,58,0.4606179922719026,0.6702508960573477,0.7586206896551724
20,6,67,58,0.42536567364337313,0.6373954599761051,0.6206896551724138
20,6,68,58,0.5790485565998595,0.7383512544802866,0.6724137931034483
20,6,69,58,0.5391288300815876,0.7234169653524493,0.7241379310344828
20,6,70,58,0.40692773941109034,0.7377538829151733,0.6206896551724138
20,6,71,58,0.6504552728560521,0.7885304659498208,0.8448275862068966
20,6,72,58,0.5750365306437135,0.7508960573476703,0.7758620689655172
20,6,73,58,0.5511290246814768,0.7777777777777778,0.6724137931034483
20,6,74,58,0.5832064373607226,0.7956989247311828,0.7758620689655172
20,6,75,58,0.5779767140591444,0.7712066905615291,0.7586206896551724
20,6,76,58,0.3683206700913959,0.6415770609318996,0.6551724137931034
20,6,77,58,0.4247942786957171,0.6881720430107526,0.7241379310344828
20,6,78,58,0.4196197860973945,0.6362007168458781,0.7241379310344828
20,6,79,58,0.5583942173136837,0.7371565113500597,0.7068965517241379
20,6,80,58,0.47794389096072276,0.7168458781362007,0.6896551724137931
20,6,81,58,0.5783499449026548,0.7216248506571087,0.6896551724137931
20,6,82,58,0.5229628718201114,0.7849462365591398,0.7068965517241379
20,6,83,58,0.5308991356239812,0.7514934289127837,0.7931034482758621
20,6,84,58,0.44175459103632847,0.6523297491039426,0.7068965517241379
20,6,85,58,0.47716751009227687,0.7246117084826763,0.7758620689655172
20,6,86,58,0.6609655936921579,0.7706093189964158,0.7758620689655172
20,6,87,58,0.48345022786501374,0.7270011947431302,0.6379310344827587
20,6,88,58,0.5805647843278445,0.7640382317801673,0.7758620689655172
20,6,89,58,0.5639006389145622,0.7747909199522103,0.7758620689655172
20,6,90,58,0.4324914641956849,0.7090800477897252,0.7413793103448276
20,6,91,58,0.42896473235152144,0.7186379928315412,0.6896551724137931
20,6,92,58,0.5256471385028898,0.7299880525686977,0.7068965517241379
20,6,93,58,0.4858953465375093,0.6487455197132617,0.7413793103448276
20,6,94,58,0.44890488516379135,0.6624850657108721,0.6896551724137931
20,6,95,58,0.7172388338572576,0.9121863799283154,0.7931034482758621
20,6,96,58,0.48683401032016466,0.6475507765830346,0.7413793103448276
20,6,97,58,0.5275397990696541,0.7317801672640383,0.7413793103448276
20,6,98,58,0.5824065973263637,0.7586618876941459,0.8620689655172413
20,6,99,58,0.310041989054929,0.6230585424133811,0.6724137931034483
20,6,100,58,0.6086903028859552,0.7604540023894862,0.7068965517241379
20,6,101,58,0.5096513220222307,0.7544802867383512,0.6896551724137931
20,6,102,58,0.6070692477727894,0.7879330943847072,0.8103448275862069
20,6,103,58,0.6674459747165599,0.8530465949820789,0.7758620689655172
20,6,104,58,0.471015272984331,0.7538829151732378,0.6896551724137931
20,6,105,58,0.46990787030490083,0.7198327359617682,0.7413793103448276
20,6,106,58,0.44086931115539657,0.6953405017921146,0.7586206896551724
20,6,107,58,0.6671075702113262,0.8219832735961768,0.7586206896551724
20,6,108,58,0.5621029656849417,0.7873357228195937,0.7413793103448276
20,6,109,58,0.5465255775323756,0.7455197132616488,0.7413793103448276
20,6,110,58,0.43881506111570506,0.6917562724014337,0.7586206896551724
20,6,111,58,0.6403752986898938,0.7927120669056152,0.7758620689655172
20,6,112,58,0.5253783686502016,0.7252090800477897,0.7241379310344828
20,6,113,58,0.4468746156907008,0.6660692951015532,0.7758620689655172
20,6,114,58,0.45192647898608007,0.7228195937873358,0.6724137931034483
20,6,115,58,0.43274835817290813,0.6505376344086021,0.6551724137931034
20,6,116,58,0.4689542735531692,0.7066905615292711,0.7241379310344828
20,6,117,58,0.4630623707152313,0.7019115890083631,0.6379310344827587
20,6,118,58,0.5496354641712996,0.7598566308243727,0.7068965517241379
20,6,119,58,0.4536114189423194,0.6475507765830347,0.6724137931034483
20,6,120,58,0.3811120514708697,0.6618876941457587,0.6896551724137931
20,6,121,58,0.4318080447571715,0.64336917562724,0.6724137931034483
20,6,122,58,0.44967392663087113,0.7084826762246117,0.7413793103448276
20,6,123,58,0.5337763014707125,0.7258064516129032,0.6896551724137931
20,6,124,58,0.5240248556681414,0.8082437275985662,0.6896551724137931
20,6,125,58,0.44119049497095914,0.7180406212664276,0.7068965517241379
20,6,126,58,0.5392211150576371,0.7526881720430109,0.6896551724137931
20,6,127,58,0.5421293885426102,0.7210274790919953,0.7413793103448276
20,6,128,58,0.6180537398642358,0.8261648745519714,0.8103448275862069
20,6,129,58,0.43622437213889753,0.6642771804062126,0.6206896551724138
20,6,130,58,0.4098991019535065,0.6857825567502986,0.6896551724137931
20,6,131,58,0.48201184393389757,0.7497013142174432,0.8103448275862069
20,6,132,58,0.5778755355939924,0.7013142174432496,0.7068965517241379
20,6,133,58,0.5881104366793193,0.7915173237753882,0.7758620689655172
20,6,134,58,0.7177617820548717,0.8321385902031063,0.8793103448275862
20,6,135,58,0.5564562030072291,0.7735961768219832,0.7758620689655172
20,6,136,58,0.6309734377909221,0.8637992831541219,0.7931034482758621
20,6,137,58,0.38669886341993376,0.7437275985663082,0.6896551724137931
20,6,138,58,0.5903343906334158,0.7825567502986858,0.7931034482758621
20,6,139,58,0.3423104726861047,0.6015531660692951,0.6551724137931034
20,6,140,58,0.49174831203810837,0.7538829151732377,0.7068965517241379
20,6,141,58,0.4486964551419893,0.6947431302270012,0.6896551724137931
20,6,142,58,0.4711618321080317,0.7132616487455197,0.7241379310344828
20,6,143,58,0.4839349709110173,0.7180406212664278,0.7241379310344828
20,6,144,58,0.5367294207042987,0.7335722819593787,0.7241379310344828
20,6,145,58,0.47292246648779424,0.7789725209080048,0.7413793103448276
20,6,146,58,0.6054667706722829,0.8100358422939069,0.8103448275862069
20,6,147,58,0.6008336811948664,0.7879330943847073,0.7068965517241379
20,6,148,58,0.5261781717759646,0.7574671445639187,0.6551724137931034
20,6,149,58,0.3893135641908107,0.6553166069295101,0.6551724137931034
20,6,150,58,0.5270232858593006,0.7670250896057348,0.7241379310344828
20,6,151,58,0.6226275800547542,0.7562724014336918,0.7241379310344828
20,6,152,58,0.4093390959771743,0.6989247311827957,0.6724137931034483
20,6,153,58,0.5904175965679557,0.7759856630824372,0.7586206896551724
20,6,154,58,0.588061583963,0.7592592592592593,0.7931034482758621
20,6,155,58,0.7173113904429526,0.8637992831541219,0.8103448275862069
20,6,156,58,0.4428072658443995,0.6839904420549582,0.7068965517241379
20,6,157,58,0.5060600469971583,0.7084826762246117,0.7413793103448276
20,6,158,58,0.537051278107601,0.7861409796893668,0.8448275862068966
20,6,159,58,0.4388458227743882,0.7216248506571087,0.7413793103448276
20,6,160,58,0.5787676511400253,0.6768219832735962,0.7413793103448276
20,6,161,58,0.4883023409761974,0.7078853046594982,0.7068965517241379
20,6,162,58,0.5844842966563106,0.7837514934289128,0.7068965517241379
20,6,163,58,0.5287929127640357,0.7753882915173237,0.6551724137931034
20,6,164,58,0.5112895289733006,0.7275985663082438,0.7068965517241379
20,6,165,58,0.5451721061859793,0.7204301075268817,0.7586206896551724
20,6,166,58,0.5735248901555554,0.7514934289127837,0.7413793103448276
20,6,167,58,0.6820279362092293,0.8243727598566309,0.8275862068965517
20,6,168,58,0.553964470327502,0.7795698924731183,0.7413793103448276
20,6,169,58,0.5461369280760053,0.7777777777777778,0.7758620689655172
20,6,170,58,0.472953227673334,0.7264038231780167,0.7413793103448276
20,6,171,58,0.47057556922977395,0.6947431302270013,0.6896551724137931
20,6,172,58,0.3441921990062127,0.6409796893667862,0.7413793103448276
20,6,173,58,0.46252518577536583,0.6780167264038232,0.6551724137931034
20,6,174,58,0.4772042104861329,0.7556750298685782,0.6896551724137931
20,6,175,58,0.6713628744045863,0.8655913978494624,0.7586206896551724
20,6,176,58,0.48064233449329735,0.7025089605734767,0.6724137931034483
20,6,177,58,0.6067000965123621,0.8506571087216249,0.8275862068965517
20,6,178,58,0.557879842320844,0.7443249701314217,0.7586206896551724
20,6,179,58,0.6040759831086825,0.7992831541218639,0.7586206896551724
20,6,180,58,0.41800732104955557,0.6845878136200716,0.7586206896551724
20,6,181,58,0.6625649872570355,0.8237753882915173,0.7241379310344828
20,6,182,58,0.5628412795628116,0.7676224611708483,0.8103448275862069
20,6,183,58,0.5220561095124171,0.7664277180406213,0.7241379310344828
20,6,184,58,0.5543951401733807,0.7652329749103943,0.7068965517241379
20,6,185,58,0.5688358430006694,0.7873357228195937,0.7413793103448276
20,6,186,58,0.6658053024474164,0.9074074074074074,0.7758620689655172
20,6,187,58,0.4458902426128387,0.7347670250896058,0.7241379310344828
20,6,188,58,0.6171286196194349,0.8518518518518519,0.8620689655172413
20,6,189,58,0.5095674666382352,0.6714456391875746,0.6896551724137931
20,6,190,58,0.3812907593781398,0.6666666666666666,0.7586206896551724
20,6,191,58,0.4872721684799884,0.7753882915173238,0.7758620689655172
20,6,192,58,0.5460586024424415,0.7437275985663083,0.6724137931034483
20,6,193,58,0.5857019813279372,0.7795698924731183,0.7413793103448276
20,6,194,58,0.6197954324832579,0.8016726403823178,0.7586206896551724
20,6,195,58,0.5133813217637576,0.7520908004778972,0.7758620689655172
20,6,196,58,0.5061830936318911,0.7066905615292713,0.6724137931034483
20,6,197,58,0.7113435368643466,0.8649940262843488,0.8103448275862069
20,6,198,58,0.5726809911931355,0.7831541218637992,0.6896551724137931
20,6,199,58,0.5555247941597279,0.7879330943847072,0.8275862068965517
50,6,0,58,0.6218278015318836,0.7909199522102748,0.8103448275862069
50,6,1,58,0.5742190504701219,0.7550776583034646,0.7586206896551724
50,6,2,58,0.64422160017226,0.7992831541218638,0.7931034482758621
50,6,3,58,0.7576055861453752,0.8554360812425329,0.8620689655172413
50,6,4,58,0.689624411701375,0.8231780167264038,0.7413793103448276
50,6,5,58,0.6578178350610601,0.7550776583034647,0.7241379310344828
50,6,6,58,0.5772247685256391,0.7837514934289127,0.7931034482758621
50,6,7,58,0.7336737518840938,0.8255675029868578,0.7931034482758621
50,6,8,58,0.6302044081524288,0.7885304659498207,0.7586206896551724
50,6,9,58,0.74117936571411,0.8351254480286738,0.896551724137931
50,6,10,58,0.6570795779630257,0.8542413381123058,0.7758620689655172
50,6,11,58,0.6621858562244302,0.8375149342891277,0.8620689655172413
50,6,12,58,0.6949767756621245,0.8315412186379928,0.7758620689655172
50,6,13,58,0.7381032944723,0.8458781362007168,0.8103448275862069
50,6,14,58,0.7341659232827833,0.8434886499402628,0.8103448275862069
50,6,15,58,0.6042941954535668,0.7897252090800478,0.8103448275862069
50,6,16,58,0.6288412439632103,0.8327359617682198,0.896551724137931
50,6,17,58,0.6251499584730383,0.7789725209080048,0.7758620689655172
50,6,18,58,0.6591713064074564,0.7753882915173238,0.8620689655172413
50,6,19,58,0.6832261835184104,0.8172043010752688,0.7586206896551724
50,6,20,58,0.6288412439632103,0.8076463560334528,0.8275862068965517
50,6,21,58,0.7040204251130456,0.8410991636798089,0.8793103448275862
50,6,22,58,0.5858377680027069,0.7825567502986858,0.7758620689655172
50,6,23,58,0.6561567565904827,0.8148148148148149,0.8448275862068966
50,6,24,58,0.7184164385247163,0.8375149342891278,0.7931034482758621
50,6,25,58,0.6082315666430835,0.8076463560334528,0.8448275862068966
50,6,26,58,0.6684610415577226,0.7861409796893668,0.7758620689655172
50,6,27,58,0.680334676551109,0.8195937873357229,0.7413793103448276
50,6,28,58,0.7343617823899514,0.8213859020310633,0.8275862068965517
50,6,29,58,0.6800885908517642,0.8267622461170848,0.8275862068965517
50,6,30,58,0.7152173244332339,0.8410991636798089,0.8793103448275862
50,6,31,58,0.5927896890091975,0.7120669056152926,0.7758620689655172
50,6,32,58,0.6274877726168139,0.8124253285543608,0.7931034482758621
50,6,33,58,0.6042941954535668,0.8112305854241338,0.8275862068965517
50,6,34,58,0.7320741948383525,0.8626045400238949,0.8620689655172413
50,6,35,58,0.5952505460026454,0.7491039426523297,0.7931034482758621
50,6,36,58,0.6625549847734474,0.8315412186379928,0.8793103448275862
50,6,37,58,0.6659386631394384,0.8219832735961767,0.8103448275862069
50,6,38,58,0.6792272909040574,0.8363201911589008,0.8620689655172413
50,6,39,58,0.7683718354917101,0.9080047789725209,0.8793103448275862
50,6,40,58,0.6293949367867361,0.8207885304659499,0.8275862068965517
50,6,41,58,0.7014980466947616,0.7945041816009558,0.7241379310344828
50,6,42,58,0.6592943492571288,0.8076463560334529,0.8275862068965517
50,6,43,58,0.7040819465378819,0.8446833930704898,0.7413793103448276
50,6,44,58,0.7718289063773414,0.8554360812425328,0.8275862068965517
50,6,45,58,0.6313021009566583,0.7873357228195937,0.7758620689655172
50,6,46,58,0.6591097849826203,0.7777777777777777,0.9310344827586207
50,6,47,58,0.6858716047863669,0.8351254480286738,0.8793103448275862
50,6,48,58,0.709065181949614,0.8542413381123058,0.7586206896551724
50,6,49,58,0.6801501122766004,0.8028673835125447,0.7758620689655172
50,6,50,58,0.6816266264726691,0.8195937873357229,0.8448275862068966
50,6,51,58,0.6935002614660556,0.8458781362007168,0.8620689655172413
50,6,52,58,0.7214925097665262,0.8195937873357229,0.8620689655172413
50,6,53,58,0.7141714602110185,0.8554360812425328,0.8620689655172413
50,6,54,58,0.6532037281983452,0.8506571087216249,0.8103448275862069
50,6,55,58,0.7423482727859977,0.8745519713261648,0.8448275862068966
50,6,56,58,0.7082654034267434,0.8422939068100359,0.8448275862068966
50,6,57,58,0.6678458273093606,0.8590203106332138,0.8103448275862069
50,6,58,58,0.5932818604078871,0.8016726403823178,0.8448275862068966
50,6,59,58,0.7189701313482421,0.8387096774193549,0.8620689655172413
50,6,60,58,0.7388415515703345,0.8494623655913978,0.7758620689655172
50,6,61,58,0.5911901319634563,0.7909199522102748,0.8448275862068966
50,6,62,58,0.7582823218185735,0.8853046594982079,0.8620689655172413
50,6,63,58,0.6273647297671414,0.7992831541218638,0.8793103448275862
50,6,64,58,0.6681534344335416,0.7741935483870969,0.7758620689655172
50,6,65,58,0.5935894675320681,0.7538829151732378,0.7758620689655172
50,6,66,58,0.7709557353348304,0.8673835125448028,0.8275862068965517
50,6,67,58,0.6869789904334185,0.8458781362007168,0.8275862068965517
50,6,68,58,0.6600326063551633,0.8172043010752689,0.7931034482758621
50,6,69,58,0.5657904856322362,0.7658303464755079,0.8448275862068966
50,6,70,58,0.7333046233350765,0.8148148148148148,0.8448275862068966
50,6,71,58,0.7400719800670584,0.845878136200717,0.896551724137931
50,6,72,58,0.6106309022116954,0.7443249701314217,0.7931034482758621
50,6,73,58,0.6269340797932881,0.8160095579450418,0.7758620689655172
50,6,74,58,0.6813805407733244,0.8578255675029868,0.8275862068965517
50,6,75,58,0.6795964194530746,0.8183990442054958,0.8103448275862069
50,6,76,58,0.6021409455842998,0.7909199522102747,0.7241379310344828
50,6,77,58,0.6066105788434567,0.7604540023894862,0.7413793103448276
50,6,78,58,0.7190931741979145,0.8434886499402628,0.7758620689655172
50,6,79,58,0.6965763327078656,0.8124253285543608,0.8103448275862069
50,6,80,58,0.7108493032698637,0.8399044205495818,0.8275862068965517
50,6,81,58,0.7314589805899906,0.8399044205495818,0.8448275862068966
50,6,82,58,0.6900550616752285,0.7885304659498208,0.8275862068965517
50,6,83,58,0.6689532129564121,0.8207885304659498,0.7586206896551724
50,6,84,58,0.6988526254268049,0.8637992831541219,0.7758620689655172
50,6,85,58,0.7287520378971978,0.8649940262843488,0.8620689655172413
50,6,86,58,0.673546918577907,0.8333333333333333,0.8448275862068966
50,6,87,58,0.7541603863545481,0.8733572281959378,0.8275862068965517
50,6,88,58,0.6912239687471163,0.8195937873357229,0.8103448275862069
50,6,89,58,0.689009197453013,0.8542413381123058,0.9310344827586207
50,6,90,58,0.6968023748459422,0.8243727598566307,0.8103448275862069
50,6,91,58,0.7821526346550187,0.8661887694145758,0.8275862068965517
50,6,92,58,0.7315317533202962,0.8667861409796893,0.8620689655172413
50,6,93,58,0.653757421021871,0.8076463560334528,0.8620689655172413
50,6,94,58,0.726352702328586,0.8721624850657108,0.7758620689655172
50,6,95,58,0.6869174690085823,0.7956989247311828,0.7413793103448276
50,6,96,58,0.679411855178566,0.8076463560334528,0.8275862068965517
50,6,97,58,0.6437909501984067,0.7861409796893668,0.8275862068965517
50,6,98,58,0.6311175366821495,0.7610513739545998,0.8275862068965517
50,6,99,58,0.6573256636623706,0.7849462365591398,0.7241379310344828
50,6,100,58,0.7105416961456827,0.8614097968936678,0.7758620689655172
50,6,101,58,0.7125521018422833,0.8321385902031062,0.8448275862068966
50,6,102,58,0.6010335599372482,0.8016726403823178,0.8793103448275862
50,6,103,58,0.5239472146174906,0.7156511350059738,0.6379310344827587
50,6,104,58,0.6837183549171,0.8100358422939068,0.8793103448275862
50,6,105,58,0.7233381525116123,0.8458781362007168,0.8620689655172413
50,6,106,58,0.6597249992309823,0.8124253285543608,0.8620689655172413
50,6,107,58,0.6095850379894798,0.7753882915173238,0.8103448275862069
50,6,108,58,0.6150604447999016,0.7706093189964157,0.7586206896551724
50,6,109,58,0.739333722969024,0.8626045400238949,0.8103448275862069
50,6,110,58,0.6253345227475469,0.7933094384707288,0.7931034482758621
50,6,111,58,0.7405026300409119,0.8542413381123057,0.8275862068965517
50,6,112,58,0.6730751484204375,0.8243727598566308,0.8275862068965517
50,6,113,58,0.6760693357921649,0.8566308243727598,0.8275862068965517
50,6,114,58,0.7515149650865914,0.8673835125448028,0.7586206896551724
50,6,115,58,0.6727675412962565,0.8088410991636797,0.8793103448275862
50,6,116,58,0.6549878495185949,0.7861409796893668,0.8103448275862069
50,6,117,58,0.7020517395182874,0.8160095579450417,0.8275862068965517
50,6,118,58,0.7790765634132087,0.9175627240143369,0.8620689655172413
50,6,119,58,0.7104186532960105,0.845878136200717,0.8103448275862069
50,6,120,58,0.6359162078193732,0.8195937873357229,0.7241379310344828
50,6,121,58,0.6633442561878501,0.7759856630824373,0.8275862068965517
50,6,122,58,0.6548648066689224,0.8016726403823178,0.8275862068965517
50,6,123,58,0.780368513334769,0.9127837514934289,0.8620689655172413
50,6,124,58,0.6783044695315145,0.8291517323775388,0.7931034482758621
50,6,125,58,0.6879431534105003,0.8387096774193548,0.8275862068965517
50,6,126,58,0.6866098618844013,0.7909199522102749,0.7758620689655172
50,6,127,58,0.6765203482112646,0.8279569892473118,0.8448275862068966
50,6,128,58,0.6706758128518256,0.8327359617682198,0.8103448275862069
50,6,129,58,0.7280137807991632,0.8518518518518519,0.8275862068965517
50,6,130,58,0.6864252976098927,0.8255675029868579,0.7241379310344828
50,6,131,58,0.6792272909040574,0.7789725209080047,0.8103448275862069
50,6,132,58,0.6829185763942294,0.8805256869772998,0.8275862068965517
50,6,133,58,0.6748592697406873,0.8291517323775389,0.7586206896551724
50,6,134,58,0.7192162170475869,0.8661887694145759,0.8620689655172413
50,6,135,58,0.6178076503799179,0.8136200716845878,0.8103448275862069
50,6,136,58,0.7696637854132703,0.8793309438470729,0.8620689655172413
50,6,137,58,0.6526500353748194,0.7718040621266428,0.8793103448275862
50,6,138,58,0.5897136177673876,0.7586618876941458,0.7931034482758621
50,6,139,58,0.7011904395705805,0.8363201911589009,0.8103448275862069
50,6,140,58,0.6523424282506383,0.7753882915173238,0.8103448275862069
50,6,141,58,0.6282875511396845,0.7777777777777778,0.7931034482758621
50,6,142,58,0.6907317973484266,0.8195937873357229,0.7758620689655172
50,6,143,58,0.6599710849303271,0.7885304659498208,0.8275862068965517
50,6,144,58,0.7271524808514566,0.8100358422939068,0.8448275862068966
50,6,145,58,0.6585560921590945,0.8076463560334528,0.8448275862068966
50,6,146,58,0.7849826201974839,0.8518518518518517,0.8793103448275862
50,6,147,58,0.7137408102371652,0.8183990442054958,0.8103448275862069
50,6,148,58,0.6477283213879234,0.8088410991636799,0.896551724137931
50,6,149,58,0.6551108923682674,0.8339307048984469,0.8448275862068966
50,6,150,58,0.6234369473336884,0.7980884109916367,0.7068965517241379
50,6,151,58,0.7721861638315544,0.875746714456392,0.8103448275862069
50,6,152,58,0.6378331821662816,0.7921146953405017,0.896551724137931
50,6,153,58,0.6340705650742872,0.7909199522102748,0.7931034482758621
50,6,154,58,0.739641330093205,0.8195937873357229,0.8103448275862069
50,6,155,58,0.7050047679104249,0.8363201911589009,0.8103448275862069
50,6,156,58,0.6841490048909533,0.8207885304659498,0.8620689655172413
50,6,157,58,0.6405918361069243,0.8040621266427719,0.8275862068965517
50,6,158,58,0.6995293611000032,0.8219832735961767,0.8448275862068966
50,6,159,58,0.7131255959888032,0.8566308243727598,0.8448275862068966
50,6,160,58,0.7030976037405027,0.8470728793309439,0.8275862068965517
50,6,161,58,0.6883324617798149,0.8494623655913978,0.7758620689655172
50,6,162,58,0.7545295149035652,0.8614097968936678,0.8793103448275862
50,6,163,58,0.6541880709957244,0.8052568697729987,0.7931034482758621
50,6,164,58,0.6734034702337118,0.7939068100358423,0.8620689655172413
50,6,165,58,0.650066135531699,0.8291517323775388,0.8448275862068966
50,6,166,58,0.6573256636623706,0.8243727598566308,0.7931034482758621
50,6,167,58,0.6728290627210927,0.7992831541218638,0.7758620689655172
50,6,168,58,0.6879018118059614,0.8100358422939067,0.8103448275862069
50,6,169,58,0.7004629559251699,0.8249701314217444,0.8793103448275862
50,6,170,58,0.5691039404472609,0.7168458781362007,0.7758620689655172
50,6,171,58,0.6773816481589714,0.7885304659498208,0.7931034482758621
50,6,172,58,0.6554800209172844,0.8219832735961768,0.8448275862068966
50,6,173,58,0.5902057891660771,0.7718040621266428,0.7931034482758621
50,6,174,58,0.7067273678058386,0.8040621266427718,0.7586206896551724
50,6,175,58,0.7039589036882095,0.8267622461170848,0.8620689655172413
50,6,176,58,0.7179242671260267,0.8076463560334528,0.8103448275862069
50,6,177,58,0.7255529238057153,0.8291517323775388,0.8448275862068966
50,6,178,58,0.6061398381986527,0.7861409796893667,0.7758620689655172
50,6,179,58,0.572549140238088,0.7801672640382318,0.7413793103448276
50,6,180,58,0.7454858654526438,0.8781362007168458,0.8793103448275862
50,6,181,58,0.7103571318711742,0.8506571087216248,0.8448275862068966
50,6,182,58,0.7649266357008829,0.9008363201911589,0.7413793103448276
50,6,183,58,0.5451105847611432,0.7168458781362007,0.7586206896551724
50,6,184,58,0.621099097232669,0.7724014336917562,0.7931034482758621
50,6,185,58,0.6065704881725061,0.7586618876941458,0.7758620689655172
50,6,186,58,0.7453013011781354,0.8410991636798089,0.8103448275862069
50,6,187,58,0.6832261835184104,0.8243727598566308,0.8620689655172413
50,6,188,58,0.769602263988434,0.8446833930704899,0.8448275862068966
50,6,189,58,0.6418936586575259,0.8225806451612903,0.7586206896551724
50,6,190,58,0.7166938386293028,0.8052568697729987,0.7931034482758621
50,6,191,58,0.6610169491525425,0.8279569892473118,0.7758620689655172
50,6,192,58,0.6795964194530746,0.8088410991636799,0.9310344827586207
50,6,193,58,0.6572026208126981,0.7897252090800477,0.8620689655172413
50,6,194,58,0.5622221881096277,0.7258064516129032,0.7241379310344828
50,6,195,58,0.5806699683164663,0.7646356033452808,0.7586206896551724
50,6,196,58,0.6531830137506064,0.7921146953405017,0.8448275862068966
50,6,197,58,0.7070349749300194,0.8458781362007168,0.8620689655172413
50,6,198,58,0.637146636316097,0.7933094384707289,0.7586206896551724
50,6,199,58,0.7450552154787906,0.8470728793309438,0.8103448275862069
100,6,0,58,0.7377956873481191,0.8494623655913979,0.9137931034482759
100,6,1,58,0.7230305453874313,0.8291517323775388,0.8103448275862069
100,6,2,58,0.7728628995047526,0.8697729988052568,0.8793103448275862
100,6,3,58,0.7411178442892739,0.8410991636798087,0.8793103448275862
100,6,4,58,0.7574825432957029,0.8434886499402628,0.896551724137931
100,6,5,58,0.7363191731520502,0.8422939068100359,0.896551724137931
100,6,6,58,0.7270909594266205,0.8410991636798087,0.8448275862068966
100,6,7,58,0.753237564982005,0.9020310633213859,0.8620689655172413
100,6,8,58,0.75477560060291,0.8626045400238949,0.8793103448275862
100,6,9,58,0.7681872712172014,0.8853046594982079,0.9137931034482759
100,6,10,58,0.673259712694946,0.8183990442054958,0.8448275862068966
100,6,11,58,0.6828570549693931,0.8028673835125448,0.896551724137931
100,6,12,58,0.739026115844843,0.8291517323775388,0.8620689655172413
100,6,13,58,0.6629241133224646,0.8279569892473119,0.8620689655172413
100,6,14,58,0.7491771509428159,0.862604540023895,0.9310344827586207
100,6,15,58,0.7270909594266205,0.8602150537634408,0.8620689655172413
100,6,16,58,0.680027069426928,0.8148148148148148,0.896551724137931
100,6,17,58,0.7225998954135778,0.8363201911589009,0.8620689655172413
100,6,18,58,0.7632040358054694,0.8829151732377538,0.9137931034482759
100,6,19,58,0.7623427358577626,0.8661887694145759,0.8620689655172413
100,6,20,58,0.844043188040235,0.918757467144564,0.896551724137931
100,6,21,58,0.7409948014396014,0.8793309438470729,0.9482758620689655
100,6,22,58,0.7667107570211326,0.8458781362007167,0.8793103448275862
100,6,23,58,0.7478236795964195,0.8458781362007168,0.8275862068965517
100,6,24,58,0.760312528838168,0.8781362007168458,0.8275862068965517
100,6,25,58,0.7473930296225662,0.8566308243727598,0.896551724137931
100,6,26,58,0.7472699867728937,0.8649940262843488,0.9137931034482759
100,6,27,58,0.7441323941062475,0.8578255675029869,0.8793103448275862
100,6,28,58,0.752253222184626,0.9068100358422939,0.8275862068965517
100,6,29,58,0.6896859331262112,0.8231780167264038,0.896551724137931
100,6,30,58,0.7961179980928359,0.8745519713261649,0.8275862068965517
100,6,31,58,0.7219231597403797,0.8482676224611708,0.8793103448275862
100,6,32,58,0.6982989326032791,0.7670250896057347,0.8448275862068966
100,6,33,58,0.8126057399489373,0.9187574671445639,0.9137931034482759
100,6,34,58,0.7291826878710511,0.8458781362007168,0.9310344827586207
100,6,35,58,0.729121166446215,0.8566308243727597,0.9310344827586207
100,6,36,58,0.7571749361715219,0.8757467144563919,0.896551724137931
100,6,37,58,0.7288750807468701,0.8410991636798087,0.8275862068965517
100,6,38,58,0.7457934725768248,0.8614097968936679,0.8620689655172413
100,6,39,58,0.7115875603678982,0.8040621266427717,0.8275862068965517
100,6,40,58,0.7198929527207851,0.8375149342891278,0.8793103448275862
100,6,41,58,0.6660617059891107,0.8255675029868579,0.8793103448275862
100,6,42,58,0.7181088314005353,0.8542413381123058,0.8620689655172413
100,6,43,58,0.6725829770217479,0.8160095579450418,0.8620689655172413
100,6,44,58,0.8222030822233845,0.8876941457586619,0.8793103448275862
100,6,45,58,0.6820572764465227,0.8040621266427718,0.8793103448275862
100,6,46,58,0.7369959088252485,0.8303464755077659,0.8448275862068966
100,6,47,58,0.7420406656618167,0.8637992831541219,0.8103448275862069
100,6,48,58,0.7577286289950477,0.8685782556750298,0.9137931034482759
100,6,49,58,0.7604355716878403,0.8757467144563919,0.8793103448275862
100,6,50,58,0.7835676274262513,0.8626045400238949,0.8620689655172413
100,6,51,58,0.7625273001322712,0.8315412186379928,0.8448275862068966
100,6,52,58,0.7807376418837861,0.8590203106332139,0.8793103448275862
100,6,53,58,0.7227229382632503,0.8255675029868579,0.8793103448275862
100,6,54,58,0.7959949552431634,0.9020310633213859,0.9137931034482759
100,6,55,58,0.7492386723676521,0.8399044205495818,0.8448275862068966
100,6,56,58,0.7635731643544864,0.8637992831541219,0.8793103448275862
100,6,57,58,0.70346673228952,0.8291517323775387,0.8620689655172413
100,6,58,58,0.7011289181457443,0.8327359617682198,0.7758620689655172
100,6,59,58,0.7955027838444739,0.8960573476702509,0.8793103448275862
100,6,60,58,0.7728013780799164,0.8554360812425328,0.8793103448275862
100,6,61,58,0.7179857885508628,0.8279569892473118,0.8448275862068966
100,6,62,58,0.7275216094004738,0.8327359617682197,0.8448275862068966
100,6,63,58,0.7282598664985082,0.8375149342891278,0.8793103448275862
100,6,64,58,0.760620135962349,0.8721624850657109,0.8793103448275862
100,6,65,58,0.8086683687594205,0.8864994026284349,0.8275862068965517
100,6,66,58,0.7589590574917716,0.8590203106332138,0.896551724137931
100,6,67,58,0.7419791442369806,0.8434886499402628,0.8448275862068966
100,6,68,58,0.7879971700144576,0.9008363201911589,0.8448275862068966
100,6,69,58,0.7425328370605064,0.8745519713261649,0.8103448275862069
100,6,70,58,0.7803069919099328,0.8936678614097968,0.9137931034482759
100,6,71,58,0.7926112768771726,0.900836320191159,0.8103448275862069
100,6,72,58,0.7358270017533607,0.8363201911589009,0.896551724137931
100,6,73,58,0.7779076563413209,0.8637992831541219,0.896551724137931
100,6,74,58,0.7728013780799164,0.8673835125448028,0.9310344827586207
100,6,75,58,0.7166938386293028,0.8195937873357227,0.9137931034482759
100,6,76,58,0.7526838721584792,0.8530465949820788,0.896551724137931
100,6,77,58,0.7246916238580086,0.8363201911589009,0.9137931034482759
100,6,78,58,0.7457319511519888,0.8494623655913978,0.8793103448275862
100,6,79,58,0.8231259035959274,0.8829151732377538,0.9137931034482759
100,6,80,58,0.7528684364329878,0.8637992831541219,0.8103448275862069
100,6,81,58,0.733181580485404,0.8518518518518517,0.8793103448275862
100,6,82,58,0.796733212341198,0.8769414575866189,0.8620689655172413
100,6,83,58,0.7397028515180413,0.8602150537634409,0.8620689655172413
100,6,84,58,0.7224153311390693,0.8351254480286738,0.8448275862068966
100,6,85,58,0.6725214555969117,0.7968936678614098,0.8103448275862069
100,6,86,58,0.7512688793872466,0.8769414575866188,0.9137931034482759
100,6,87,58,0.774831585099511,0.8482676224611708,0.7931034482758621
100,6,88,58,0.7462856439755146,0.8637992831541218,0.896551724137931
100,6,89,58,0.7472084653480575,0.8291517323775388,0.8793103448275862
100,6,90,58,0.788735427112492,0.8829151732377538,0.9482758620689655
100,6,91,58,0.7163247100802855,0.8434886499402628,0.8620689655172413
100,6,92,58,0.8205420037528071,0.9008363201911589,0.8448275862068966
100,6,93,58,0.7421637085114892,0.8554360812425328,0.9310344827586207
100,6,94,58,0.7133716816881479,0.8255675029868578,0.8275862068965517
100,6,95,58,0.705989110707804,0.8458781362007168,0.896551724137931
100,6,96,58,0.7438247869820666,0.8745519713261649,0.9310344827586207
100,6,97,58,0.7270294380017842,0.8578255675029869,0.8620689655172413
100,6,98,58,0.7601279645636593,0.8924731182795699,0.8793103448275862
100,6,99,58,0.7639422929035037,0.8829151732377538,0.8793103448275862
100,6,100,58,0.6941154757144177,0.8410991636798087,0.9137931034482759
100,6,101,58,0.7704635639361408,0.8554360812425329,0.8793103448275862
100,6,102,58,0.7670798855701498,0.8614097968936678,0.8620689655172413
100,6,103,58,0.7259835737795688,0.8542413381123057,0.8793103448275862
100,6,104,58,0.7537297363806946,0.8243727598566307,0.9137931034482759
100,6,105,58,0.7313359377403182,0.8458781362007168,0.8620689655172413
100,6,106,58,0.6993447968254946,0.8530465949820788,0.8620689655172413
100,6,107,58,0.7518840936356087,0.8733572281959379,0.8448275862068966
100,6,108,58,0.6910394044726076,0.8339307048984468,0.8448275862068966
100,6,109,58,0.7923651911778278,0.8805256869772998,0.9137931034482759
100,6,110,58,0.7075271463287091,0.8028673835125447,0.8448275862068966
100,6,111,58,0.6922083115444955,0.8422939068100358,0.896551724137931
100,6,112,58,0.70783475345289,0.8422939068100359,0.896551724137931
100,6,113,58,0.7547140791780739,0.8661887694145758,0.7931034482758621
100,6,114,58,0.6360392506690455,0.7909199522102748,0.7931034482758621
100,6,115,58,0.7224153311390693,0.8518518518518519,0.896551724137931
100,6,116,58,0.7548986434525825,0.8399044205495818,0.8620689655172413
100,6,117,58,0.6973761112307362,0.8327359617682198,0.8275862068965517
100,6,118,58,0.7796302562367345,0.8781362007168458,0.896551724137931
100,6,119,58,0.7514534436617554,0.8673835125448028,0.9137931034482759
100,6,120,58,0.6474822356885785,0.7992831541218638,0.8620689655172413
100,6,121,58,0.7580362361192287,0.8351254480286738,0.7931034482758621
100,6,122,58,0.7219231597403797,0.8399044205495818,0.8275862068965517
100,6,123,58,0.7594512288904612,0.8805256869772998,0.8620689655172413
100,6,124,58,0.7218616383155435,0.8697729988052568,0.9482758620689655
100,6,125,58,0.7274600879756375,0.8339307048984467,0.9137931034482759
100,6,126,58,0.7473930296225662,0.8733572281959379,0.8448275862068966
100,6,127,58,0.7786459134393553,0.8649940262843487,0.896551724137931
100,6,128,58,0.7150942815835615,0.8661887694145759,0.8793103448275862
100,6,129,58,0.7483773724199453,0.8649940262843488,0.7586206896551724
100,6,130,58,0.7147251530345443,0.8327359617682198,0.8793103448275862
100,6,131,58,0.7288750807468701,0.8363201911589009,0.8793103448275862
100,6,132,58,0.7210003383678366,0.8422939068100359,0.8448275862068966
100,6,133,58,0.6872250761327633,0.8291517323775388,0.7931034482758621
100,6,134,58,0.7141714602110185,0.8207885304659498,0.896551724137931
100,6,135,58,0.7537912578055308,0.8327359617682198,0.9137931034482759
100,6,136,58,0.7462241225506784,0.8482676224611708,0.8448275862068966
100,6,137,58,0.8004860192562061,0.899641577060932,0.9310344827586207
100,6,138,58,0.713064074563967,0.8399044205495818,0.8620689655172413
100,6,139,58,0.780368513334769,0.8984468339307049,0.896551724137931
100,6,140,58,0.736872865975576,0.8602150537634409,0.9310344827586207
100,6,141,58,0.7002060967732012,0.8219832735961768,0.8620689655172413
100,6,142,58,0.6962687255836846,0.8231780167264038,0.896551724137931
100,6,143,58,0.7455473868774801,0.8626045400238949,0.8448275862068966
100,6,144,58,0.7542834292042204,0.8470728793309439,0.8448275862068966
100,6,145,58,0.7486849795441263,0.851851851851852,0.8620689655172413
100,6,146,58,0.7549601648774186,0.8649940262843488,0.9137931034482759
100,6,147,58,0.6691377772309207,0.8231780167264039,0.8448275862068966
100,6,148,58,0.6301947153096066,0.7634408602150538,0.7586206896551724
100,6,149,58,0.7323202805376973,0.8614097968936679,0.8620689655172413
100,6,150,58,0.7657264142237535,0.8817204301075269,0.8448275862068966
100,6,151,58,0.8423821095696578,0.8853046594982079,0.9482758620689655
100,6,152,58,0.7307207234919562,0.8554360812425328,0.896551724137931
100,6,153,58,0.7168168814789752,0.8805256869772999,0.9310344827586207
100,6,154,58,0.7512073579624104,0.8399044205495818,0.8793103448275862
100,6,155,58,0.7166938386293028,0.8315412186379928,0.8793103448275862
100,6,156,58,0.6907317973484266,0.8351254480286738,0.8275862068965517
100,6,157,58,0.7508997508382296,0.8470728793309439,0.8793103448275862
100,6,158,58,0.6988526254268049,0.8410991636798089,0.896551724137931
100,6,159,58,0.7496078009166692,0.8590203106332138,0.896551724137931
100,6,160,58,0.8018394906026024,0.8781362007168458,0.8620689655172413
100,6,161,58,0.739641330093205,0.8327359617682198,0.8793103448275862
100,6,162,58,0.7077732320280539,0.8291517323775388,0.8275862068965517
100,6,163,58,0.7787074348641916,0.875746714456392,0.9137931034482759
100,6,164,58,0.7054969393091145,0.8207885304659498,0.896551724137931
100,6,165,58,0.7831984988772341,0.8936678614097968,0.8793103448275862
100,6,166,58,0.6954689470608141,0.8148148148148149,0.8448275862068966
100,6,167,58,0.7340428804331108,0.8351254480286738,0.896551724137931
100,6,168,58,0.7542834292042204,0.8434886499402628,0.8103448275862069
100,6,169,58,0.8067612045894984,0.8984468339307048,0.896551724137931
100,6,170,58,0.7273985665508015,0.8327359617682198,0.9310344827586207
100,6,171,58,0.7566827647728321,0.888888888888889,0.896551724137931
100,6,172,58,0.6709218985511705,0.8100358422939068,0.8620689655172413
100,6,173,58,0.7811067704328032,0.8637992831541218,0.9137931034482759
100,6,174,58,0.7463471654003506,0.8960573476702509,0.9137931034482759
100,6,175,58,0.736872865975576,0.8458781362007168,0.896551724137931
100,6,176,58,0.7566212433479961,0.8566308243727598,0.8620689655172413
100,6,177,58,0.7319511519886801,0.8422939068100359,0.9137931034482759
100,6,178,58,0.8157433326155834,0.9259259259259259,0.9137931034482759
100,6,179,58,0.7854132701713372,0.8697729988052568,0.9655172413793104
100,6,180,58,0.7907041127072505,0.8793309438470729,0.896551724137931
100,6,181,58,0.7400104586422223,0.8578255675029869,0.896551724137931
100,6,182,58,0.7365652588513951,0.8590203106332138,0.896551724137931
100,6,183,58,0.7427789227598511,0.8470728793309439,0.8793103448275862
100,6,184,58,0.7747700636746747,0.8637992831541219,0.9137931034482759
100,6,185,58,0.7083884462764158,0.8458781362007168,0.9310344827586207
100,6,186,58,0.7258605309298964,0.8207885304659498,0.896551724137931
100,6,187,58,0.7520686579101172,0.8566308243727597,0.8620689655172413
100,6,188,58,0.7185394813743886,0.8422939068100358,0.8793103448275862
100,6,189,58,0.7134947245378204,0.8279569892473119,0.8275862068965517
100,6,190,58,0.8235565535697807,0.91636798088411,0.896551724137931
100,6,191,58,0.780368513334769,0.8817204301075268,0.9137931034482759
100,6,192,58,0.7561290719493063,0.8518518518518517,0.8448275862068966
100,6,193,58,0.7345965732566367,0.8542413381123058,0.8620689655172413
100,6,194,58,0.732812451936387,0.8661887694145758,0.896551724137931
100,6,195,58,0.7374880802239381,0.8697729988052568,0.8448275862068966
100,6,196,58,0.7675720569688395,0.8458781362007168,0.8620689655172413
100,6,197,58,0.7318281091390076,0.8279569892473118,0.8793103448275862
100,6,198,58,0.676950998185118,0.8267622461170848,0.8448275862068966
100,6,199,58,0.7448091297794458,0.8733572281959379,0.896551724137931
20,7,0,58,0.492639935008683,0.7431302270011947,0.7413793103448276
20,7,1,58,0.5536705785295829,0.7126642771804063,0.7068965517241379
20,7,2,58,0.588255198998642,0.8231780167264039,0.7931034482758621
20,7,3,58,0.4422535645046844,0.7198327359617682,0.6551724137931034
20,7,4,58,0.5769088808178474,0.7980884109916367,0.7758620689655172
20,7,5,58,0.5324227884886522,0.7921146953405017,0.6724137931034483
20,7,6,58,0.39414913270771323,0.6427718040621266,0.7413793103448276
20,7,7,58,0.5414583878703105,0.8058542413381123,0.7068965517241379
20,7,8,58,0.5284319008932601,0.7377538829151732,0.7413793103448276
20,7,9,58,0.37886641584593034,0.7048984468339307,0.6896551724137931
20,7,10,58,0.5401215109956841,0.7461170848267621,0.6724137931034483
20,7,11,58,0.5500184572554367,0.7891278375149342,0.7413793103448276
20,7,12,58,0.47526762665528516,0.7622461170848267,0.6724137931034483
20,7,13,58,0.5561092656747084,0.7915173237753882,0.7241379310344828
20,7,14,58,0.5957427174013351,0.7526881720430106,0.7758620689655172
20,7,15,58,0.6261343012704176,0.8375149342891278,0.8793103448275862
20,7,16,58,0.7176694970788222,0.8835125448028673,0.6896551724137931
20,7,17,58,0.6382736560175089,0.8231780167264038,0.8275862068965517
20,7,18,58,0.6301412015494992,0.8255675029868579,0.7931034482758621
20,7,19,58,0.5418749525110477,0.8004778972520907,0.7068965517241379
20,7,20,58,0.7058678773953164,0.8590203106332138,0.8448275862068966
20,7,21,58,0.5335773843427095,0.7102747909199523,0.7241379310344828
20,7,22,58,0.6216008370112199,0.7765830346475507,0.7586206896551724
20,7,23,58,0.529162052668234,0.7544802867383513,0.6896551724137931
20,7,24,58,0.4073151226241185,0.7054958183990442,0.8275862068965517
20,7,25,58,0.5520794883872107,0.7771804062126642,0.7931034482758621
20,7,26,58,0.5968684634299352,0.7861409796893668,0.7413793103448276
20,7,27,58,0.4253303198095449,0.7622461170848267,0.6551724137931034
20,7,28,58,0.46760797364317086,0.7419354838709677,0.8448275862068966
20,7,29,58,0.5176264306620378,0.7347670250896057,0.6724137931034483
20,7,30,58,0.3912267751328101,0.7114695340501792,0.7241379310344828
20,7,31,58,0.5227101443694421,0.7903225806451613,0.8103448275862069
20,7,32,58,0.523234532574269,0.7628434886499402,0.7586206896551724
20,7,33,58,0.44643708573808755,0.7724014336917562,0.7586206896551724
20,7,34,58,0.5210717364345551,0.7419354838709677,0.7241379310344828
20,7,35,58,0.5809339242320428,0.8100358422939068,0.7586206896551724
20,7,36,58,0.5365756124108828,0.7317801672640383,0.7068965517241379
20,7,37,58,0.5402279404487215,0.8303464755077657,0.7931034482758621
20,7,38,58,0.45677721230647894,0.7634408602150538,0.6896551724137931
20,7,39,58,0.6087638618312377,0.7813620071684588,0.7241379310344828
20,7,40,58,0.5938139256589293,0.8088410991636797,0.7931034482758621
20,7,41,58,0.5252391645390507,0.7670250896057348,0.7068965517241379
20,7,42,58,0.5547865143513312,0.7688172043010751,0.7586206896551724
20,7,43,58,0.5380131350898609,0.6983273596176822,0.7586206896551724
20,7,44,58,0.5317378532397562,0.7174432497013142,0.8103448275862069
20,7,45,58,0.5277243718607451,0.8004778972520908,0.7241379310344828
20,7,46,58,0.5982127751911107,0.8082437275985662,0.7068965517241379
20,7,47,58,0.4444957175559174,0.7508960573476703,0.7586206896551724
20,7,48,58,0.4508736313195156,0.6965352449223416,0.7758620689655172
20,7,49,58,0.4536799205014437,0.7550776583034647,0.6379310344827587
20,7,50,58,0.42553256986008076,0.7090800477897252,0.7586206896551724
20,7,51,58,0.5699432456800996,0.8237753882915173,0.7241379310344828
20,7,52,58,0.4316475946425218,0.7371565113500597,0.7241379310344828
20,7,53,58,0.5468668297180944,0.7849462365591398,0.7586206896551724
20,7,54,58,0.5699124844945599,0.8040621266427718,0.8103448275862069
20,7,55,58,0.5282165659703207,0.8321385902031062,0.7931034482758621
20,7,56,58,0.669240352602345,0.8094384707287934,0.7758620689655172
20,7,57,58,0.6486095733350606,0.7951015531660692,0.6896551724137931
20,7,58,58,0.43097746719726243,0.7120669056152927,0.7758620689655172
20,7,59,58,0.5667661263034853,0.8446833930704898,0.7068965517241379
20,7,60,58,0.5367294207042987,0.7479091995221028,0.8103448275862069
20,7,61,58,0.4471069549970778,0.7216248506571087,0.7931034482758621
20,7,62,58,0.5744651399544397,0.8142174432497012,0.7586206896551724
20,7,63,58,0.598504893953566,0.7688172043010753,0.8448275862068966
20,7,64,58,0.504345151655897,0.7270011947431303,0.7068965517241379
20,7,65,58,0.510781629702544,0.7586618876941458,0.7758620689655172
20,7,66,58,0.4827045234894281,0.7072879330943846,0.6896551724137931
20,7,67,58,0.4624021410332069,0.7729988052568698,0.7758620689655172
20,7,68,58,0.6306852271576213,0.8261648745519713,0.8103448275862069
20,7,69,58,0.514958087143624,0.7586618876941458,0.8103448275862069
20,7,70,58,0.3921743544460055,0.6786140979689366,0.7241379310344828
20,7,71,58,0.5140967474518665,0.8034647550776582,0.7068965517241379
20,7,72,58,0.5488887185725021,0.7933094384707288,0.6724137931034483
20,7,73,58,0.4969853576856173,0.7538829151732377,0.7931034482758621
20,7,74,58,0.5763415722723633,0.7610513739545997,0.7068965517241379
20,7,75,58,0.4657479467224461,0.7168458781362007,0.7758620689655172
20,7,76,58,0.511989911224523,0.8148148148148149,0.7068965517241379
20,7,77,58,0.4014642324790037,0.6792114695340501,0.6724137931034483
20,7,78,58,0.457955856828383,0.6881720430107527,0.7241379310344828
20,7,79,58,0.49872335283736,0.7114695340501792,0.8275862068965517
20,7,80,58,0.467638735301854,0.7228195937873357,0.7068965517241379
20,7,81,58,0.3919710840133846,0.6827956989247311,0.7241379310344828
20,7,82,58,0.43889008604309243,0.7204301075268816,0.7241379310344828
20,7,83,58,0.636520241472567,0.7921146953405018,0.7241379310344828
20,7,84,58,0.330964685772441,0.6421744324970132,0.6896551724137931
20,7,85,58,0.4388630840690271,0.6821983273596177,0.7068965517241379
20,7,86,58,0.5899652393729884,0.8464755077658304,0.7758620689655172
20,7,87,58,0.546626267040985,0.7449223416965353,0.8275862068965517
20,7,88,58,0.440715505227698,0.7395459976105138,0.6551724137931034
20,7,89,58,0.648844865411152,0.8279569892473119,0.7413793103448276
20,7,90,58,0.4943090933801797,0.7753882915173238,0.6551724137931034
20,7,91,58,0.6073488472964101,0.8231780167264039,0.7758620689655172
20,7,92,58,0.4813179759703519,0.6845878136200716,0.7413793103448276
20,7,93,58,0.5214328560839471,0.7718040621266428,0.7241379310344828
20,7,94,58,0.43197268448737275,0.7431302270011947,0.7758620689655172
20,7,95,58,0.5786883231481699,0.7909199522102749,0.8103448275862069
20,7,96,58,0.5941398145216221,0.7927120669056152,0.7068965517241379
20,7,97,58,0.5948381939568447,0.7670250896057348,0.7931034482758621
20,7,98,58,0.5586009600280468,0.7491039426523297,0.7758620689655172
20,7,99,58,0.41474782089340984,0.7132616487455197,0.6551724137931034
20,7,100,58,0.5950136118949787,0.8040621266427719,0.7241379310344828
20,7,101,58,0.5329149750275832,0.8106332138590203,0.6551724137931034
20,7,102,58,0.5151575742338422,0.7759856630824372,0.7586206896551724
20,7,103,58,0.49901562715870784,0.7616487455197132,0.7931034482758621
20,7,104,58,0.5178030361902589,0.7550776583034647,0.7931034482758621
20,7,105,58,0.5498115825279565,0.7801672640382318,0.7413793103448276
20,7,106,58,0.5333989572589015,0.7168458781362007,0.7413793103448276
20,7,107,58,0.41010812561566756,0.7915173237753883,0.7586206896551724
20,7,108,58,0.5242643794441099,0.7574671445639187,0.6896551724137931
20,7,109,58,0.4755913746962381,0.7837514934289127,0.6896551724137931
20,7,110,58,0.6570378251477115,0.7610513739545997,0.7586206896551724
20,7,111,58,0.5618395760807138,0.7694145758661888,0.8103448275862069
20,7,112,58,0.3626491942161267,0.6851851851851851,0.6379310344827587
20,7,113,58,0.5449735452313936,0.7443249701314218,0.7586206896551724
20,7,114,58,0.4782207458888714,0.7305854241338112,0.6724137931034483
20,7,115,58,0.5565621299703174,0.7658303464755079,0.7241379310344828
20,7,116,58,0.5017995016764588,0.7574671445639187,0.7758620689655172
20,7,117,58,0.6015257313359378,0.8219832735961767,0.7758620689655172
20,7,118,58,0.385732304541553,0.6893667861409797,0.7758620689655172
20,7,119,58,0.6401907258988029,0.8076463560334528,0.8103448275862069
20,7,120,58,0.563179673423502,0.7718040621266428,0.7413793103448276
20,7,121,58,0.6045989393501067,0.8022700119474312,0.7586206896551724
20,7,122,58,0.42217300376809924,0.7431302270011947,0.6724137931034483
20,7,123,58,0.39875724815150754,0.6708482676224612,0.6724137931034483
20,7,124,58,0.5022148396617596,0.7610513739545998,0.7241379310344828
20,7,125,58,0.32675536449459824,0.6493428912783751,0.7068965517241379
20,7,126,58,0.47385987899404935,0.7234169653524493,0.7758620689655172
20,7,127,58,0.4856958289488866,0.6606929510155316,0.7068965517241379
20,7,128,58,0.6513681038037623,0.7939068100358423,0.7586206896551724
20,7,129,58,0.5548821779614735,0.8195937873357229,0.7758620689655172
20,7,130,58,0.33889076871020335,0.6606929510155317,0.7241379310344828
20,7,131,58,0.5302920775193889,0.7873357228195939,0.7586206896551724
20,7,132,58,0.3541282147608831,0.6571087216248506,0.7586206896551724
20,7,133,58,0.6264207823310421,0.8745519713261649,0.7241379310344828
20,7,134,58,0.4055247089702479,0.7078853046594982,0.7413793103448276
20,7,135,58,0.3392192457277059,0.6672640382317802,0.6724137931034483
20,7,136,58,0.49486280323647713,0.7389486260454002,0.7931034482758621
20,7,137,58,0.6260805376847982,0.8237753882915173,0.8275862068965517
20,7,138,58,0.6840267637828928,0.8739545997610514,0.8103448275862069
20,7,139,58,0.6208933188615066,0.8213859020310633,0.7586206896551724
20,7,140,58,0.6350842120119545,0.8494623655913978,0.7241379310344828
20,7,141,58,0.3990402364383404,0.6529271206690561,0.6896551724137931
20,7,142,58,0.5768911322328529,0.7664277180406213,0.8448275862068966
20,7,143,58,0.26876874596020567,0.5776583034647551,0.6724137931034483
20,7,144,58,0.5144808281519683,0.7431302270011947,0.7758620689655172
20,7,145,58,0.5233092884018703,0.7658303464755077,0.7586206896551724
20,7,146,58,0.5203334566261586,0.7694145758661888,0.6896551724137931
20,7,147,58,0.5305852501226539,0.7001194743130226,0.6724137931034483
20,7,148,58,0.5411898612133613,0.7287933094384708,0.7241379310344828
20,7,149,58,0.564001600722931,0.7287933094384706,0.6896551724137931
20,7,150,58,0.6001599609090366,0.8112305854241337,0.7758620689655172
20,7,151,58,0.46662360056530877,0.7407407407407408,0.7068965517241379
20,7,152,58,0.5704969470198147,0.7986857825567504,0.7758620689655172
20,7,153,58,0.46173014409401547,0.7210274790919952,0.8103448275862069
20,7,154,58,0.3802448629829114,0.7048984468339307,0.7068965517241379
20,7,155,58,0.5232865758597447,0.7287933094384706,0.6724137931034483
20,7,156,58,0.4408588927653716,0.7747909199522102,0.6724137931034483
20,7,157,58,0.542929216273536,0.7610513739545998,0.7586206896551724
20,7,158,58,0.6276608837718084,0.7945041816009557,0.7586206896551724
20,7,159,58,0.6094165800251037,0.8859020310633214,0.7413793103448276
20,7,160,58,0.5735907104468349,0.7759856630824373,0.8448275862068966
20,7,161,58,0.4704832814146671,0.7383512544802867,0.7241379310344828
20,7,162,58,0.4923095855657724,0.7317801672640383,0.7758620689655172
20,7,163,58,0.5727865649201462,0.7419354838709677,0.7241379310344828
20,7,164,58,0.5653417854631035,0.8178016726403823,0.7241379310344828
20,7,165,58,0.5684314158480593,0.7807646356033452,0.7931034482758621
20,7,166,58,0.4929787594596976,0.7395459976105138,0.7413793103448276
20,7,167,58,0.5929309711184868,0.7885304659498208,0.7758620689655172
20,7,168,58,0.5005460111024709,0.7186379928315412,0.7241379310344828
20,7,169,58,0.580164882764963,0.7855436081242533,0.7758620689655172
20,7,170,58,0.5086982618523531,0.8178016726403824,0.7758620689655172
20,7,171,58,0.5783062120644911,0.7921146953405018,0.7068965517241379
20,7,172,58,0.637966039430677,0.8578255675029869,0.7758620689655172
20,7,173,58,0.5899163285675342,0.7574671445639187,0.7931034482758621
20,7,174,58,0.5092905946749567,0.7353643966547192,0.6724137931034483
20,7,175,58,0.5080595548115657,0.7945041816009558,0.8103448275862069
20,7,176,58,0.4535261098422013,0.7556750298685783,0.7931034482758621
20,7,177,58,0.5061149243581078,0.8267622461170848,0.7931034482758621
20,7,178,58,0.5074057554778305,0.7879330943847073,0.7241379310344828
20,7,179,58,0.6772074996571348,0.8309438470728793,0.7413793103448276
20,7,180,58,0.44164513371455855,0.6851851851851851,0.7413793103448276
20,7,181,58,0.6433701955634329,0.7759856630824373,0.7241379310344828
20,7,182,58,0.4945399735457873,0.7395459976105138,0.7758620689655172
20,7,183,58,0.624944245425135,0.8070489844683394,0.7931034482758621
20,7,184,58,0.5052680156113515,0.7335722819593787,0.7758620689655172
20,7,185,58,0.5961609452802219,0.8399044205495819,0.7758620689655172
20,7,186,58,0.5099517036753588,0.7168458781362007,0.7068965517241379
20,7,187,58,0.5996985360287886,0.7550776583034647,0.7068965517241379
20,7,188,58,0.37049341718034007,0.7019115890083631,0.6724137931034483
20,7,189,58,0.26138583431656953,0.6475507765830346,0.5862068965517241
20,7,190,58,0.4795742588709318,0.7359617682198327,0.7413793103448276
20,7,191,58,0.59907097046353,0.8482676224611708,0.8103448275862069
20,7,192,58,0.5015380831707295,0.7323775388291516,0.7241379310344828
20,7,193,58,0.4700996679965093,0.7192353643966547,0.7068965517241379
20,7,194,58,0.5170727208057404,0.7443249701314217,0.7413793103448276
20,7,195,58,0.5826476153080077,0.7915173237753883,0.8620689655172413
20,7,196,58,0.42942180921607387,0.7275985663082436,0.6896551724137931
20,7,197,58,0.46960025844950354,0.7180406212664276,0.7586206896551724
20,7,198,58,0.5128583735661433,0.7222222222222221,0.7931034482758621
20,7,199,58,0.33327693644647693,0.6905615292712066,0.6551724137931034
50,7,0,58,0.6743055769171615,0.8434886499402628,0.8448275862068966
50,7,1,58,0.7225383739887415,0.8733572281959379,0.7241379310344828
50,7,2,58,0.630932972407641,0.8148148148148148,0.8448275862068966
50,7,3,58,0.6747466048139565,0.8446833930704898,0.8448275862068966
50,7,4,58,0.6920237472699868,0.8757467144563919,0.8793103448275862
50,7,5,58,0.6629856347473008,0.8793309438470728,0.8620689655172413
50,7,6,58,0.5516318557937802,0.7574671445639187,0.8620689655172413
50,7,7,58,0.6439139930480792,0.8064516129032259,0.8620689655172413
50,7,8,58,0.6733212341197823,0.7813620071684587,0.8275862068965517
50,7,9,58,0.5635670122120029,0.7347670250896058,0.8275862068965517
50,7,10,58,0.6305023224337876,0.8219832735961768,0.7758620689655172
50,7,11,58,0.568857854747916,0.8195937873357227,0.7931034482758621
50,7,12,58,0.5603063766956843,0.7252090800477897,0.7586206896551724
50,7,13,58,0.7085114891260882,0.8482676224611708,0.8620689655172413
50,7,14,58,0.645759635793165,0.8100358422939068,0.7758620689655172
50,7,15,58,0.5735950044603034,0.8255675029868579,0.7931034482758621
50,7,16,58,0.653757421021871,0.8554360812425329,0.8103448275862069
50,7,17,58,0.7041235370043978,0.8518518518518519,0.8793103448275862
50,7,18,58,0.6021409455842998,0.8028673835125448,0.8793103448275862
50,7,19,58,0.6731366698452736,0.8136200716845878,0.8275862068965517
50,7,20,58,0.710295610446338,0.8590203106332139,0.7758620689655172
50,7,21,58,0.6567719708388448,0.8016726403823178,0.8448275862068966
50,7,22,58,0.5608379347603399,0.7652329749103942,0.7586206896551724
50,7,23,58,0.6744901411916701,0.8470728793309438,0.8448275862068966
50,7,24,58,0.6957150327601588,0.8781362007168458,0.8448275862068966
50,7,25,58,0.7017441323941063,0.866188769414576,0.8103448275862069
50,7,26,58,0.6593967732296317,0.8458781362007167,0.7931034482758621
50,7,27,58,0.75477560060291,0.8853046594982078,0.8448275862068966
50,7,28,58,0.6721011428575397,0.8464755077658304,0.8793103448275862
50,7,29,58,0.6725214555969117,0.8685782556750298,0.8448275862068966
50,7,30,58,0.6317327509305116,0.8267622461170847,0.7586206896551724
50,7,31,58,0.6771355624596267,0.8590203106332138,0.896551724137931
50,7,32,58,0.7146131012734452,0.8566308243727598,0.896551724137931
50,7,33,58,0.5998646528653604,0.7968936678614098,0.7413793103448276
50,7,34,58,0.7588975360669354,0.8793309438470729,0.8448275862068966
50,7,35,58,0.6752899197145407,0.8207885304659498,0.8620689655172413
50,7,36,58,0.6467439785905442,0.8183990442054958,0.8620689655172413
50,7,37,58,0.7065428035313299,0.8805256869772999,0.9482758620689655
50,7,38,58,0.6219508443815559,0.7956989247311828,0.8103448275862069
50,7,39,58,0.6936233043157279,0.8470728793309439,0.8275862068965517
50,7,40,58,0.7557599434002893,0.8745519713261649,0.8448275862068966
50,7,41,58,0.7155249315574149,0.8829151732377538,0.8448275862068966
50,7,42,58,0.6148758805253931,0.8160095579450418,0.7758620689655172
50,7,43,58,0.7440093512565752,0.8805256869772998,0.7931034482758621
50,7,44,58,0.7450051525866976,0.8829151732377539,0.8275862068965517
50,7,45,58,0.701005875296072,0.8458781362007168,0.8103448275862069
50,7,46,58,0.5518164200682889,0.7670250896057347,0.7586206896551724
50,7,47,58,0.6931311329170384,0.8172043010752689,0.8103448275862069
50,7,48,58,0.6594890567862509,0.8446833930704899,0.7931034482758621
50,7,49,58,0.6773201267341352,0.8231780167264038,0.7931034482758621
50,7,50,58,0.5065981728136824,0.7096774193548387,0.7931034482758621
50,7,51,58,0.658125442185241,0.8375149342891278,0.8448275862068966
50,7,52,58,0.6631086775969732,0.8363201911589009,0.8275862068965517
50,7,53,58,0.7540988649297118,0.9020310633213859,0.8620689655172413
50,7,54,58,0.6363468577932266,0.7765830346475507,0.8620689655172413
50,7,55,58,0.6905472330739181,0.8685782556750298,0.8103448275862069
50,7,56,58,0.6499838504544746,0.8237753882915173,0.8448275862068966
50,7,57,58,0.7195238241717679,0.8375149342891279,0.8103448275862069
50,7,58,58,0.6331477437017442,0.8255675029868579,0.8275862068965517
50,7,59,58,0.7401950229167308,0.8578255675029868,0.8275862068965517
50,7,60,58,0.6258266941462366,0.7849462365591398,0.8103448275862069
50,7,61,58,0.6581869636100772,0.8195937873357227,0.8103448275862069
50,7,62,58,0.6255190870220555,0.8207885304659498,0.8620689655172413
50,7,63,58,0.7470239010735489,0.8733572281959379,0.9137931034482759
50,7,64,58,0.6383770648128211,0.8303464755077659,0.8793103448275862
50,7,65,58,0.703159125165339,0.7897252090800478,0.8448275862068966
50,7,66,58,0.6830416192439017,0.8446833930704899,0.8448275862068966
50,7,67,58,0.5646128764342182,0.7837514934289128,0.7413793103448276
50,7,68,58,0.6098926451136608,0.8088410991636799,0.8103448275862069
50,7,69,58,0.6909778830477715,0.8829151732377539,0.8448275862068966
50,7,70,58,0.71706296717832,0.8255675029868578,0.8448275862068966
50,7,71,58,0.6125995878064536,0.8016726403823178,0.8793103448275862
50,7,72,58,0.666738441662309,0.8207885304659498,0.7758620689655172
50,7,73,58,0.6764588267864284,0.8267622461170848,0.8103448275862069
50,7,74,58,0.5927281675843613,0.8004778972520907,0.8448275862068966
50,7,75,58,0.6653336820387993,0.8536439665471923,0.8793103448275862
50,7,76,58,0.6915930972961334,0.8255675029868579,0.8793103448275862
50,7,77,58,0.5558153126826418,0.8243727598566308,0.8275862068965517
50,7,78,58,0.7000215324986927,0.8219832735961767,0.7586206896551724
50,7,79,58,0.6428066074010275,0.8363201911589009,0.8448275862068966
50,7,80,58,0.713679288812329,0.8960573476702509,0.8793103448275862
50,7,81,58,0.6626780276231198,0.8112305854241338,0.7931034482758621
50,7,82,58,0.6965148112830293,0.8566308243727598,0.7931034482758621
50,7,83,58,0.5094281583561476,0.7287933094384706,0.7413793103448276
50,7,84,58,0.6057091882247994,0.8279569892473118,0.8275862068965517
50,7,85,58,0.5733489187609586,0.7550776583034647,0.7931034482758621
50,7,86,58,0.5734104401857948,0.7921146953405018,0.8275862068965517
50,7,87,58,0.663047156172137,0.8124253285543609,0.8103448275862069
50,7,88,58,0.5902673105909134,0.7956989247311829,0.7068965517241379
50,7,89,58,0.6156141376234274,0.8076463560334528,0.8275862068965517
50,7,90,58,0.6873481189824356,0.8685782556750299,0.7758620689655172
50,7,91,58,0.6575717493617154,0.8506571087216249,0.7413793103448276
50,7,92,58,0.5938970746562491,0.7980884109916367,0.8103448275862069
50,7,93,58,0.6680919130087054,0.8494623655913979,0.7931034482758621
50,7,94,58,0.6149374019502293,0.7873357228195937,0.8448275862068966
50,7,95,58,0.6468670214402166,0.8279569892473119,0.8448275862068966
50,7,96,58,0.6666769202374727,0.8207885304659498,0.7586206896551724
50,7,97,58,0.6992832754006584,0.8566308243727598,0.7931034482758621
50,7,98,58,0.6816266264726691,0.7909199522102748,0.8448275862068966
50,7,99,58,0.4966317019902181,0.7168458781362006,0.8275862068965517
50,7,100,58,0.6223199729305732,0.8172043010752688,0.8448275862068966
50,7,101,58,0.5915592605124734,0.7789725209080048,0.7758620689655172
50,7,102,58,0.6927620043680213,0.8853046594982079,0.7931034482758621
50,7,103,58,0.6848872619889877,0.8626045400238949,0.8620689655172413
50,7,104,58,0.6779353409824972,0.8506571087216248,0.8448275862068966
50,7,105,58,0.6486511427604663,0.8028673835125448,0.7931034482758621
50,7,106,58,0.705312375034606,0.8960573476702509,0.8448275862068966
50,7,107,58,0.6066721012145362,0.8064516129032258,0.8103448275862069
50,7,108,58,0.6823648835707037,0.8781362007168458,0.8275862068965517
50,7,109,58,0.6608323848780339,0.8446833930704899,0.7758620689655172
50,7,110,58,0.6181365160417116,0.7873357228195937,0.8620689655172413
50,7,111,58,0.6995908825248394,0.8028673835125448,0.8103448275862069
50,7,112,58,0.6143221877018673,0.8399044205495818,0.7413793103448276
50,7,113,58,0.5970961887477315,0.7658303464755077,0.7758620689655172
50,7,114,58,0.6349933864468302,0.8040621266427719,0.896551724137931
50,7,115,58,0.589445837312288,0.7837514934289127,0.8448275862068966
50,7,116,58,0.7570518933218494,0.9008363201911588,0.8275862068965517
50,7,117,58,0.6624934633486113,0.8494623655913979,0.9137931034482759
50,7,118,58,0.6966378541327017,0.8506571087216248,0.8275862068965517
50,7,119,58,0.6165984804208066,0.8255675029868578,0.8275862068965517
50,7,120,58,0.6344396936233044,0.8231780167264038,0.7758620689655172
50,7,121,58,0.5550770555846074,0.7634408602150539,0.7758620689655172
50,7,122,58,0.7539143006552033,0.8649940262843488,0.7586206896551724
50,7,123,58,0.6672306130609985,0.8566308243727598,0.8793103448275862
50,7,124,58,0.6701221200282999,0.8351254480286738,0.8275862068965517
50,7,125,58,0.658433049309422,0.8148148148148148,0.8103448275862069
50,7,126,58,0.6612630348518873,0.8518518518518519,0.8275862068965517
50,7,127,58,0.7107877818450276,0.8542413381123058,0.896551724137931
50,7,128,58,0.7152173244332339,0.8518518518518517,0.8448275862068966
50,7,129,58,0.6153680519240826,0.7825567502986858,0.9137931034482759
50,7,130,58,0.7202620812698023,0.8518518518518519,0.8620689655172413
50,7,131,58,0.5118274939247593,0.8076463560334528,0.7931034482758621
50,7,132,58,0.6740594912178167,0.8518518518518519,0.7931034482758621
50,7,133,58,0.7650496785505553,0.8817204301075269,0.7931034482758621
50,7,134,58,0.6471131071395614,0.8363201911589009,0.8448275862068966
50,7,135,58,0.6685840844073949,0.8243727598566308,0.7413793103448276
50,7,136,58,0.6375772862899506,0.8124253285543608,0.896551724137931
50,7,137,58,0.7297979021194131,0.8888888888888888,0.896551724137931
50,7,138,58,0.635854686394537,0.7945041816009557,0.9137931034482759
50,7,139,58,0.7019902180934511,0.8924731182795699,0.8620689655172413
50,7,140,58,0.7068504106555109,0.8446833930704899,0.8448275862068966
50,7,141,58,0.6391153219108555,0.8243727598566307,0.8793103448275862
50,7,142,58,0.6005413885385587,0.7789725209080047,0.7931034482758621
50,7,143,58,0.5195176720292842,0.7622461170848268,0.8620689655172413
50,7,144,58,0.6117998092835831,0.7574671445639187,0.7413793103448276
50,7,145,58,0.5718108831400536,0.7956989247311828,0.7413793103448276
50,7,146,58,0.7656648927989174,0.910394265232975,0.8793103448275862
50,7,147,58,0.7199544741456213,0.8578255675029868,0.8620689655172413
50,7,148,58,0.7108493032698637,0.8649940262843488,0.7586206896551724
50,7,149,58,0.6835337906425913,0.8219832735961768,0.896551724137931
50,7,150,58,0.6463748500415271,0.8195937873357227,0.8793103448275862
50,7,151,58,0.6958380756098312,0.8494623655913979,0.8793103448275862
50,7,152,58,0.6784275123811868,0.8363201911589009,0.8275862068965517
50,7,153,58,0.7014980466947616,0.8399044205495818,0.8275862068965517
50,7,154,58,0.6127841520809622,0.8172043010752688,0.7758620689655172
50,7,155,58,0.6803961979759451,0.8590203106332138,0.8275862068965517
50,7,156,58,0.5801162754929405,0.7765830346475507,0.7241379310344828
50,7,157,58,0.52314743609462,0.7789725209080048,0.8275862068965517
50,7,158,58,0.6076778738195577,0.83273596176822,0.8793103448275862
50,7,159,58,0.5988803100679813,0.7646356033452808,0.7758620689655172
50,7,160,58,0.6261746928467243,0.8243727598566308,0.8103448275862069
50,7,161,58,0.6520348211264573,0.7873357228195939,0.7931034482758621
50,7,162,58,0.5747023901073549,0.7873357228195937,0.8103448275862069
50,7,163,58,0.6953459042111416,0.8661887694145759,0.7758620689655172
50,7,164,58,0.6599710849303271,0.8602150537634409,0.8103448275862069
50,7,165,58,0.6919622258451507,0.8136200716845877,0.8103448275862069
50,7,166,58,0.7124488603156051,0.8685782556750299,0.8275862068965517
50,7,167,58,0.703159125165339,0.8697729988052568,0.8103448275862069
50,7,168,58,0.7090036605247779,0.8446833930704898,0.8103448275862069
50,7,169,58,0.5749484758066997,0.7777777777777778,0.8448275862068966
50,7,170,58,0.661201513427051,0.8494623655913978,0.8103448275862069
50,7,171,58,0.7176166600018457,0.8518518518518519,0.8448275862068966
50,7,172,58,0.669568427204774,0.8207885304659498,0.7758620689655172
50,7,173,58,0.6709834199760067,0.8148148148148149,0.8620689655172413
50,7,174,58,0.678489033806023,0.7849462365591398,0.8448275862068966
50,7,175,58,0.6024485527084807,0.8183990442054958,0.8103448275862069
50,7,176,58,0.6749207911655235,0.8231780167264039,0.8103448275862069
50,7,177,58,0.6478513642375958,0.8040621266427718,0.8103448275862069
50,7,178,58,0.7147976683866837,0.8512544802867383,0.8448275862068966
50,7,179,58,0.6245962656495125,0.8482676224611707,0.8103448275862069
50,7,180,58,0.49183303085299457,0.7060931899641577,0.7413793103448276
50,7,181,58,0.7021132609431235,0.8829151732377538,0.7758620689655172
50,7,182,58,0.5777784613491649,0.7670250896057347,0.7758620689655172
50,7,183,58,0.5350210710880065,0.7992831541218638,0.8275862068965517
50,7,184,58,0.7100495247469932,0.8685782556750299,0.7931034482758621
50,7,185,58,0.7326278876618783,0.8530465949820788,0.7586206896551724
50,7,186,58,0.6244732227998401,0.7956989247311828,0.7586206896551724
50,7,187,58,0.6060167953489803,0.8040621266427718,0.8620689655172413
50,7,188,58,0.6528961210741641,0.8100358422939068,0.8275862068965517
50,7,189,58,0.7208772955181643,0.8566308243727598,0.8103448275862069
50,7,190,58,0.5544003199114093,0.7765830346475507,0.8103448275862069
50,7,191,58,0.6452059429696392,0.8434886499402628,0.8448275862068966
50,7,192,58,0.7082654034267434,0.8626045400238949,0.7586206896551724
50,7,193,58,0.6901165831000647,0.8554360812425329,0.8448275862068966
50,7,194,58,0.7100495247469932,0.8590203106332138,0.8448275862068966
50,7,195,58,0.7534836506813499,0.8900836320191159,0.8620689655172413
50,7,196,58,0.4469839121474054,0.7096774193548386,0.8275862068965517
50,7,197,58,0.6439755144729152,0.8387096774193549,0.7931034482758621
50,7,198,58,0.6841490048909533,0.8781362007168458,0.8620689655172413
50,7,199,58,0.6588636992832755,0.8410991636798089,0.7758620689655172
100,7,0,58,0.7147251530345443,0.8817204301075269,0.8620689655172413
100,7,1,58,0.6775046910086439,0.8267622461170848,0.8448275862068966
100,7,2,58,0.679719462302747,0.8160095579450418,0.8620689655172413
100,7,3,58,0.7314589805899906,0.8649940262843487,0.8275862068965517
100,7,4,58,0.7278907379494911,0.8673835125448028,0.8793103448275862
100,7,5,58,0.7070964963548556,0.8327359617682198,0.896551724137931
100,7,6,58,0.7428404441846874,0.8590203106332138,0.8620689655172413
100,7,7,58,0.7147251530345443,0.8446833930704899,0.9137931034482759
100,7,8,58,0.7761235350210712,0.910394265232975,0.8793103448275862
100,7,9,58,0.6923928758190041,0.8339307048984468,0.896551724137931
100,7,10,58,0.7142329816358547,0.8805256869772998,0.8103448275862069
100,7,11,58,0.702851518041158,0.8399044205495818,0.9137931034482759
100,7,12,58,0.7216770740410348,0.9080047789725209,0.896551724137931
100,7,13,58,0.68064228367529,0.8482676224611708,0.8103448275862069
100,7,14,58,0.7469008582238765,0.8960573476702508,0.9310344827586207
100,7,15,58,0.7358270017533607,0.8817204301075269,0.8793103448275862
100,7,16,58,0.7105416961456827,0.8745519713261648,0.8275862068965517
100,7,17,58,0.7564366790734873,0.8614097968936679,0.8448275862068966
100,7,18,58,0.66704604878649,0.8279569892473118,0.8620689655172413
100,7,19,58,0.7123258174659326,0.8661887694145758,0.8275862068965517
100,7,20,58,0.7292442092958873,0.8506571087216248,0.8793103448275862
100,7,21,58,0.7190316527730783,0.8805256869772998,0.9310344827586207
100,7,22,58,0.6442831215970962,0.8112305854241338,0.8103448275862069
100,7,23,58,0.7516995293611002,0.8793309438470729,0.8793103448275862
100,7,24,58,0.684948783413824,0.8470728793309438,0.9137931034482759
100,7,25,58,0.7176781814266818,0.8769414575866189,0.8275862068965517
100,7,26,58,0.7336122304592575,0.8685782556750299,0.9655172413793104
100,7,27,58,0.7070349749300194,0.8793309438470728,0.9310344827586207
100,7,28,58,0.6832877049432465,0.8183990442054958,0.8793103448275862
100,7,29,58,0.7879356485896213,0.9199522102747909,0.8103448275862069
100,7,30,58,0.7191546956227507,0.8793309438470728,0.896551724137931
100,7,31,58,0.7345350518318006,0.8769414575866189,0.8620689655172413
100,7,32,58,0.7699713925374513,0.9068100358422939,0.8620689655172413
100,7,33,58,0.7815989418314929,0.8984468339307048,0.8793103448275862
100,7,34,58,0.7593281860407888,0.9259259259259259,0.9137931034482759
100,7,35,58,0.7136177673874928,0.8315412186379928,0.896551724137931
100,7,36,58,0.6436679073487342,0.8064516129032258,0.8793103448275862
100,7,37,58,0.7131871174136394,0.8339307048984468,0.8448275862068966
100,7,38,58,0.7040819465378819,0.8422939068100359,0.8793103448275862
100,7,39,58,0.721738595465871,0.8637992831541219,0.8620689655172413
100,7,40,58,0.680949890799471,0.8470728793309439,0.8620689655172413
100,7,41,58,0.7243840167338277,0.8697729988052569,0.8103448275862069
100,7,42,58,0.7234611953612846,0.8542413381123058,0.8793103448275862
100,7,43,58,0.7304131163677752,0.8912783751493429,0.8103448275862069
100,7,44,58,0.7117721246424068,0.8578255675029869,0.8620689655172413
100,7,45,58,0.7350272232304901,0.8470728793309439,0.8448275862068966
100,7,46,58,0.7134332031129842,0.8936678614097969,0.9137931034482759
100,7,47,58,0.7397643729428773,0.8709677419354839,0.896551724137931
100,7,48,58,0.6530191639238365,0.8076463560334527,0.8275862068965517
100,7,49,58,0.6958995970346674,0.8351254480286738,0.8793103448275862
100,7,50,58,0.6711064628256792,0.8291517323775388,0.9137931034482759
100,7,51,58,0.7215540311913624,0.8900836320191158,0.7931034482758621
100,7,52,58,0.769602263988434,0.8960573476702508,0.8620689655172413
100,7,53,58,0.6736903626687994,0.8279569892473118,0.896551724137931
100,7,54,58,0.7539758220800394,0.8721624850657109,0.896551724137931
100,7,55,58,0.7064812821064936,0.8375149342891278,0.8793103448275862
100,7,56,58,0.7502230151650313,0.8924731182795699,0.9310344827586207
100,7,57,58,0.7365037374265588,0.8709677419354839,0.8793103448275862
100,7,58,58,0.6594173921068013,0.8494623655913978,0.9137931034482759
100,7,59,58,0.6794733766034022,0.8829151732377538,0.8275862068965517
100,7,60,58,0.6560337137408102,0.8243727598566307,0.8275862068965517
100,7,61,58,0.7401335014918946,0.8912783751493428,0.8620689655172413
100,7,62,58,0.6596634778061461,0.8482676224611708,0.896551724137931
100,7,63,58,0.7624657787074349,0.9032258064516129,0.896551724137931
100,7,64,58,0.6925774400935126,0.8542413381123058,0.8448275862068966
100,7,65,58,0.7373650373742657,0.8757467144563919,0.896551724137931
100,7,66,58,0.7055584607339507,0.8709677419354839,0.8103448275862069
100,7,67,58,0.7248761881325172,0.8554360812425328,0.896551724137931
100,7,68,58,0.7440093512565752,0.9044205495818399,0.9137931034482759
100,7,69,58,0.7186010027992249,0.8470728793309439,0.8448275862068966
100,7,70,58,0.7700329139622875,0.8793309438470729,0.9137931034482759
100,7,71,58,0.7021747823679597,0.8315412186379929,0.8793103448275862
100,7,72,58,0.7150942815835615,0.8530465949820788,0.9137931034482759
100,7,73,58,0.7289366021717063,0.8805256869772998,0.896551724137931
100,7,74,58,0.7594512288904612,0.8697729988052569,0.9137931034482759
100,7,75,58,0.7446245655049372,0.9008363201911589,0.9310344827586207
100,7,76,58,0.7537297363806946,0.8781362007168458,0.8793103448275862
100,7,77,58,0.7438863084069027,0.8458781362007168,0.8275862068965517
100,7,78,58,0.7205696883939833,0.8410991636798089,0.8448275862068966
100,7,79,58,0.7048202036359162,0.8649940262843488,0.8793103448275862
100,7,80,58,0.7553292934264358,0.9115890083632019,0.9137931034482759
100,7,81,58,0.7034052108646838,0.8793309438470729,0.8620689655172413
100,7,82,58,0.7046356393614077,0.8590203106332138,0.8793103448275862
100,7,83,58,0.7456704297271526,0.9199522102747909,0.8793103448275862
100,7,84,58,0.7259220523547326,0.8614097968936678,0.8448275862068966
100,7,85,58,0.6541265495708881,0.8446833930704898,0.8620689655172413
100,7,86,58,0.7576055861453752,0.8996415770609318,0.9137931034482759
100,7,87,58,0.6817496693223416,0.8040621266427718,0.8793103448275862
100,7,88,58,0.6835337906425913,0.8183990442054958,0.7931034482758621
100,7,89,58,0.7278907379494911,0.8793309438470729,0.8620689655172413
100,7,90,58,0.7227844596880865,0.8661887694145758,0.896551724137931
100,7,91,58,0.7075271463287091,0.8709677419354839,0.8793103448275862
100,7,92,58,0.7540988649297118,0.8829151732377538,0.8620689655172413
100,7,93,58,0.7537297363806946,0.9032258064516129,0.8620689655172413
100,7,94,58,0.7252453166815344,0.8554360812425328,0.8448275862068966
100,7,95,58,0.6332707865514167,0.8231780167264038,0.9137931034482759
100,7,96,58,0.7155864529822512,0.8530465949820788,0.9482758620689655
100,7,97,58,0.7294287735703959,0.8554360812425328,0.8448275862068966
100,7,98,58,0.7141099387861823,0.867383512544803,0.8620689655172413
100,7,99,58,0.7006367467470547,0.8279569892473119,0.9137931034482759
100,7,100,58,0.6725214555969117,0.8255675029868578,0.8275862068965517
100,7,101,58,0.639545971884709,0.8375149342891279,0.8793103448275862
100,7,102,58,0.7422867513611616,0.8685782556750299,0.896551724137931
100,7,103,58,0.7002060967732012,0.8351254480286738,0.9137931034482759
100,7,104,58,0.709680396197976,0.8626045400238949,0.9310344827586207
100,7,105,58,0.7839367559752685,0.9008363201911589,0.8793103448275862
100,7,106,58,0.7468393367990404,0.8709677419354838,0.8620689655172413
100,7,107,58,0.7471469439232213,0.8829151732377538,0.9137931034482759
100,7,108,58,0.721123381217509,0.8781362007168458,0.896551724137931
100,7,109,58,0.7299824663939218,0.8817204301075269,0.8448275862068966
100,7,110,58,0.7070349749300194,0.8745519713261648,0.8620689655172413
100,7,111,58,0.7660955427727708,0.8900836320191159,0.8448275862068966
100,7,112,58,0.7621581715832539,0.9020310633213858,0.8793103448275862
100,7,113,58,0.741486972838291,0.8841099163679809,0.9310344827586207
100,7,114,58,0.7727398566550802,0.8960573476702509,0.896551724137931
100,7,115,58,0.7707096496354856,0.8984468339307048,0.896551724137931
100,7,116,58,0.689255283152358,0.8614097968936678,0.8448275862068966
100,7,117,58,0.6904241902242456,0.8422939068100358,0.896551724137931
100,7,118,58,0.7371189516749209,0.8494623655913979,0.9137931034482759
100,7,119,58,0.7010673967209081,0.8864994026284349,0.896551724137931
100,7,120,58,0.8042388261712142,0.9068100358422939,0.896551724137931
100,7,121,58,0.7022978252176322,0.8399044205495818,0.8620689655172413
100,7,122,58,0.6837183549171,0.8578255675029869,0.8620689655172413
100,7,123,58,0.7318896305638439,0.8721624850657108,0.8275862068965517
100,7,124,58,0.7590205789166078,0.8793309438470729,0.8275862068965517
100,7,125,58,0.7453628226029716,0.8888888888888888,0.8448275862068966
100,7,126,58,0.6864666165045933,0.8500597371565114,0.8793103448275862
100,7,127,58,0.6996524039496755,0.8446833930704898,0.9310344827586207
100,7,128,58,0.7268448737272756,0.8757467144563917,0.8448275862068966
100,7,129,58,0.6768894767602819,0.8554360812425328,0.8793103448275862
100,7,130,58,0.7291826878710511,0.8482676224611708,0.9137931034482759
100,7,131,58,0.7145405887600357,0.8494623655913978,0.9137931034482759
100,7,132,58,0.6789812052047125,0.8231780167264038,0.896551724137931
100,7,133,58,0.7073425820542004,0.8745519713261649,0.8620689655172413
100,7,134,58,0.7286905164723615,0.9091995221027478,0.7931034482758621
100,7,135,58,0.6930696114922021,0.8733572281959379,0.8275862068965517
100,7,136,58,0.7742163708511489,0.9211469534050178,0.8448275862068966
100,7,137,58,0.7336122304592575,0.8530465949820788,0.9482758620689655
100,7,138,58,0.7273985665508015,0.8446833930704899,0.8275862068965517
100,7,139,58,0.7082654034267434,0.8554360812425329,0.8448275862068966
100,7,140,58,0.6949767756621245,0.8399044205495818,0.9310344827586207
100,7,141,58,0.7626503429819437,0.9139784946236559,0.9482758620689655
100,7,142,58,0.7147866744593806,0.8841099163679809,0.896551724137931
100,7,143,58,0.711218431818881,0.8590203106332138,0.8620689655172413
100,7,144,58,0.7745239779753299,0.8948626045400239,0.8448275862068966
100,7,145,58,0.7213694669168539,0.8673835125448028,0.9310344827586207
100,7,146,58,0.7182318742502077,0.864994026284349,0.9137931034482759
100,7,147,58,0.7918730197791382,0.9056152927120669,0.9137931034482759
100,7,148,58,0.7048817250607524,0.8697729988052568,0.8620689655172413
100,7,149,58,0.6915930972961334,0.8697729988052568,0.9310344827586207
100,7,150,58,0.7330585376357317,0.8900836320191159,0.8620689655172413
100,7,151,58,0.6533267710480176,0.8267622461170848,0.9310344827586207
100,7,152,58,0.6920237472699868,0.8410991636798089,0.9310344827586207
100,7,153,58,0.6790427266295488,0.8363201911589009,0.8275862068965517
100,7,154,58,0.6887631117536683,0.8566308243727598,0.9137931034482759
100,7,155,58,0.7613583930603833,0.8637992831541218,0.8620689655172413
100,7,156,58,0.7086960534005968,0.8912783751493429,0.9137931034482759
100,7,157,58,0.6898089759758836,0.8637992831541219,0.9137931034482759
100,7,158,58,0.7345965732566367,0.8506571087216248,0.8620689655172413
100,7,159,58,0.7209388169430005,0.8805256869772999,0.8275862068965517
100,7,160,58,0.6654464917407488,0.8124253285543608,0.8448275862068966
100,7,161,58,0.7218616383155435,0.8805256869772998,0.8620689655172413
100,7,162,58,0.7232151096619398,0.860215053763441,0.8275862068965517
100,7,163,58,0.7603740502630042,0.8733572281959379,0.8793103448275862
100,7,164,58,0.6893168045771941,0.8351254480286738,0.8793103448275862
100,7,165,58,0.7558829862499616,0.8900836320191159,0.8793103448275862
100,7,166,58,0.7200159955704575,0.8637992831541219,0.9137931034482759
100,7,167,58,0.6926389615183489,0.8924731182795699,0.8793103448275862
100,7,168,58,0.7048202036359162,0.8542413381123058,0.8275862068965517
100,7,169,58,0.7040204251130456,0.8554360812425329,0.9310344827586207
100,7,170,58,0.6978682826294258,0.8757467144563919,0.896551724137931
100,7,171,58,0.7577901504198838,0.8912783751493428,0.8793103448275862
100,7,172,58,0.7513919222369191,0.8900836320191159,0.8620689655172413
100,7,173,58,0.6938078685902366,0.8661887694145758,0.8793103448275862
100,7,174,58,0.7094343104986313,0.8614097968936678,0.7758620689655172
100,7,175,58,0.6683995201328864,0.8542413381123058,0.8620689655172413
100,7,176,58,0.6615091205512319,0.8052568697729987,0.896551724137931
100,7,177,58,0.6883939832046512,0.8458781362007168,0.8275862068965517
100,7,178,58,0.7251222738318619,0.8494623655913979,0.9137931034482759
100,7,179,58,0.7289981235965426,0.8733572281959379,0.8793103448275862
100,7,180,58,0.7064197606816576,0.8781362007168458,0.9310344827586207
100,7,181,58,0.7697253068381065,0.8841099163679809,0.7758620689655172
100,7,182,58,0.7489310652434711,0.8876941457586619,0.9827586206896551
100,7,183,58,0.6994063182503307,0.8458781362007168,0.8448275862068966
100,7,184,58,0.7114645175182258,0.8697729988052568,0.8448275862068966
100,7,185,58,0.7329970162108955,0.875746714456392,0.896551724137931
100,7,186,58,0.7200775169952937,0.8864994026284349,0.9482758620689655
100,7,187,58,0.6758436125380664,0.8195937873357229,0.896551724137931
100,7,188,58,0.7504075794395398,0.8805256869772998,0.9310344827586207
100,7,189,58,0.6944846042634347,0.8470728793309438,0.896551724137931
100,7,190,58,0.752622350733643,0.9175627240143369,0.8793103448275862
100,7,191,58,0.7030976037405027,0.8685782556750299,0.8620689655172413
100,7,192,58,0.758159278968901,0.8936678614097968,0.8448275862068966
100,7,193,58,0.7066043249561661,0.885304659498208,0.896551724137931
100,7,194,58,0.7377341659232828,0.8888888888888888,0.896551724137931
100,7,195,58,0.6581869636100772,0.8088410991636799,0.8448275862068966
100,7,196,58,0.6940539542895814,0.8554360812425329,0.7758620689655172
100,7,197,58,0.7249992309821895,0.8506571087216248,0.8448275862068966
100,7,198,58,0.662124334799594,0.7980884109916367,0.8620689655172413
100,7,199,58,0.7470239010735489,0.8769414575866189,0.8793103448275862
20,8,0,58,0.5487125860202313,0.7102747909199523,0.6551724137931034
20,8,1,58,0.3947149852119519,0.6756272401433692,0.7068965517241379
20,8,2,58,0.6037190274027222,0.7921146953405017,0.7413793103448276
20,8,3,58,0.39754514487522835,0.6505376344086021,0.6896551724137931
20,8,4,58,0.6244924329274398,0.7968936678614098,0.7586206896551724
20,8,5,58,0.36646363989284225,0.6786140979689367,0.7241379310344828
20,8,6,58,0.4785210022560249,0.6457586618876942,0.6896551724137931
20,8,7,58,0.6069983856342885,0.8297491039426523,0.7068965517241379
20,8,8,58,0.5922234529687735,0.7694145758661888,0.7586206896551724
20,8,9,58,0.5519256800937945,0.7419354838709677,0.7068965517241379
20,8,10,58,0.5567552605070554,0.7222222222222222,0.6896551724137931
20,8,11,58,0.5326606888059481,0.7270011947431302,0.7586206896551724
20,8,12,58,0.7100009242219508,0.8506571087216248,0.8103448275862069
20,8,13,58,0.5404989704757226,0.6917562724014337,0.7241379310344828
20,8,14,58,0.5176115923292264,0.7252090800477897,0.7068965517241379
20,8,15,58,0.5783280787515013,0.7646356033452807,0.7931034482758621
20,8,16,58,0.6026301629118038,0.8183990442054958,0.7758620689655172
20,8,17,58,0.4944013783562294,0.7007168458781362,0.7586206896551724
20,8,18,58,0.5778974089056226,0.7574671445639188,0.7586206896551724
20,8,19,58,0.7213190397211061,0.8470728793309439,0.8103448275862069
20,8,20,58,0.5905098829635009,0.8046594982078853,0.7931034482758621
20,8,21,58,0.49277859008086705,0.7568697729988052,0.6551724137931034
20,8,22,58,0.5530553548187883,0.7526881720430108,0.6896551724137931
20,8,23,58,0.5598142052969948,0.7682198327359618,0.7586206896551724
20,8,24,58,0.49156374492487004,0.7395459976105137,0.7758620689655172
20,8,25,58,0.5571859237286201,0.7538829151732378,0.7068965517241379
20,8,26,58,0.41709091473318605,0.6726403823178017,0.6551724137931034
20,8,27,58,0.5979359245212531,0.7514934289127837,0.6724137931034483
20,8,28,58,0.5551898134762274,0.7562724014336918,0.7758620689655172
20,8,29,58,0.712062018759337,0.8440860215053764,0.8103448275862069
20,8,30,58,0.4787129324278024,0.7281959378733572,0.6206896551724138
20,8,31,58,0.5476805711955144,0.7616487455197133,0.7068965517241379
20,8,32,58,0.6201030538017428,0.7980884109916369,0.7758620689655172
20,8,33,58,0.424086749663202,0.6624850657108721,0.7241379310344828
20,8,34,58,0.5219945861950508,0.7514934289127837,0.6724137931034483
20,8,35,58,0.4925481028621414,0.7341696535244923,0.6896551724137931
20,8,36,58,0.47936630059492796,0.7192353643966547,0.7068965517241379
20,8,37,58,0.5946627707630465,0.7837514934289127,0.7586206896551724
20,8,38,58,0.3937184694861486,0.7222222222222222,0.7413793103448276
20,8,39,58,0.4154733527456264,0.7150537634408602,0.7068965517241379
20,8,40,58,0.43622437213889753,0.7013142174432497,0.6379310344827587
20,8,41,58,0.4974467825658651,0.7437275985663082,0.7413793103448276
20,8,42,58,0.5602485629085862,0.7072879330943848,0.7413793103448276
20,8,43,58,0.5800418361302302,0.7497013142174432,0.6724137931034483
20,8,44,58,0.5546327060579154,0.7777777777777778,0.6896551724137931
20,8,45,58,0.3699955396718609,0.6272401433691756,0.6379310344827587
20,8,46,58,0.496716142957473,0.6780167264038233,0.6896551724137931
20,8,47,58,0.6802940817787464,0.8416965352449224,0.7413793103448276
20,8,48,58,0.6754852813719929,0.7646356033452807,0.7586206896551724
20,8,49,58,0.585557179735895,0.7837514934289127,0.6896551724137931
20,8,50,58,0.6892870883289836,0.8596176821983273,0.8275862068965517
20,8,51,58,0.5759812971840491,0.7550776583034647,0.7758620689655172
20,8,52,58,0.4008675062190746,0.6487455197132617,0.6724137931034483
20,8,53,58,0.47383640536354893,0.6630824372759856,0.6206896551724138
20,8,54,58,0.6169676089698238,0.7789725209080047,0.7758620689655172
20,8,55,58,0.5200486027346591,0.7287933094384708,0.7068965517241379
20,8,56,58,0.6407247336070161,0.8243727598566308,0.8103448275862069
20,8,57,58,0.6135626067754355,0.7903225806451614,0.7758620689655172
20,8,58,58,0.5543336159096838,0.7849462365591398,0.7413793103448276
20,8,59,58,0.6107325777057804,0.7311827956989247,0.8275862068965517
20,8,60,58,0.4303182245152695,0.6236559139784945,0.6206896551724138
20,8,61,58,0.5998523443222047,0.7765830346475507,0.6896551724137931
20,8,62,58,0.6902194811404402,0.8363201911589008,0.8103448275862069
20,8,63,58,0.5365756124108828,0.7323775388291517,0.6379310344827587
20,8,64,58,0.45318772639186805,0.6678614097968937,0.7586206896551724
20,8,65,58,0.7176608128758184,0.867383512544803,0.8620689655172413
20,8,66,58,0.5040605391827511,0.7479091995221027,0.7413793103448276
20,8,67,58,0.592666646159525,0.7371565113500598,0.6724137931034483
20,8,68,58,0.5513804512522291,0.7371565113500598,0.7068965517241379
20,8,69,58,0.45147497616044796,0.6965352449223416,0.6551724137931034
20,8,70,58,0.47632084954192805,0.678016726403823,0.6896551724137931
20,8,71,58,0.5389134984708053,0.7789725209080047,0.8275862068965517
20,8,72,58,0.5076982240273819,0.6708482676224612,0.6551724137931034
20,8,73,58,0.3669558264317732,0.7156511350059737,0.7068965517241379
20,8,74,58,0.45690994434553456,0.6905615292712067,0.6896551724137931
20,8,75,58,0.6838421909918019,0.7998805256869772,0.7586206896551724
20,8,76,58,0.5988771828262887,0.8393070489844683,0.7241379310344828
20,8,77,58,0.4979389691047962,0.7461170848267622,0.6896551724137931
20,8,78,58,0.6600735193115057,0.8488649940262843,0.8275862068965517
20,8,79,58,0.5724260973884155,0.7431302270011947,0.7413793103448276
20,8,80,58,0.49339383271783677,0.7252090800477897,0.7068965517241379
20,8,81,58,0.5133742497455291,0.7007168458781362,0.6379310344827587
20,8,82,58,0.5482958043691781,0.7664277180406213,0.7931034482758621
20,8,83,58,0.5658386532210168,0.7437275985663083,0.7068965517241379
20,8,84,58,0.5184102863822326,0.7228195937873356,0.7413793103448276
20,8,85,58,0.5828014212357063,0.7562724014336918,0.6724137931034483
20,8,86,58,0.4983004445580707,0.7180406212664276,0.7241379310344828
20,8,87,58,0.5897226879821454,0.7586618876941458,0.8103448275862069
20,8,88,58,0.5914110818096623,0.8261648745519714,0.7413793103448276
20,8,89,58,0.45536483348726126,0.7371565113500598,0.6551724137931034
20,8,90,58,0.5977389839478948,0.7891278375149343,0.7758620689655172
20,8,91,58,0.5406669130157471,0.7861409796893667,0.7586206896551724
20,8,92,58,0.4497969732656038,0.6612903225806451,0.5862068965517241
20,8,93,58,0.5347073757903509,0.6923536439665472,0.6896551724137931
20,8,94,58,0.6176113211220156,0.8010752688172043,0.7931034482758621
20,8,95,58,0.5578848609485259,0.7712066905615292,0.7931034482758621
20,8,96,58,0.5876924497365233,0.7670250896057347,0.7931034482758621
20,8,97,58,0.4741909686013735,0.7688172043010753,0.7758620689655172
20,8,98,58,0.5403534693660246,0.7682198327359617,0.7413793103448276
20,8,99,58,0.598671056598067,0.7688172043010753,0.7586206896551724
20,8,100,58,0.5481588591295903,0.7538829151732378,0.7931034482758621
20,8,101,58,0.4963240948660372,0.7048984468339307,0.7241379310344828
20,8,102,58,0.6490801725790947,0.7813620071684588,0.7413793103448276
20,8,103,58,0.6344689693749849,0.7980884109916366,0.7931034482758621
20,8,104,58,0.6988126003060268,0.8100358422939068,0.7931034482758621
20,8,105,58,0.6680919130087054,0.8446833930704899,0.8103448275862069
20,8,106,58,0.654166796082313,0.8172043010752688,0.7413793103448276
20,8,107,58,0.5979359245212531,0.7658303464755077,0.7068965517241379
20,8,108,58,0.5342910316395537,0.7138590203106332,0.7068965517241379
20,8,109,58,0.6798425051524193,0.8076463560334528,0.7068965517241379
20,8,110,58,0.5742982394793499,0.7837514934289128,0.7241379310344828
20,8,111,58,0.4921628675989625,0.7622461170848268,0.6724137931034483
20,8,112,58,0.6604629707869539,0.8201911589008363,0.7758620689655172
20,8,113,58,0.6453180758559595,0.7837514934289128,0.7068965517241379
20,8,114,58,0.5463885815308204,0.7311827956989247,0.6896551724137931
20,8,115,58,0.47427595865154226,0.7246117084826762,0.6896551724137931
20,8,116,58,0.6016642843074699,0.7843488649940262,0.7413793103448276
20,8,117,58,0.4362618434450003,0.6708482676224612,0.7241379310344828
20,8,118,58,0.48664195523851334,0.6624850657108721,0.7068965517241379
20,8,119,58,0.4547733670193541,0.7538829151732377,0.7068965517241379
20,8,120,58,0.5164803052120505,0.7120669056152927,0.7586206896551724
20,8,121,58,0.522825150979497,0.7538829151732377,0.7413793103448276
20,8,122,58,0.38427464027040925,0.6618876941457587,0.7241379310344828
20,8,123,58,0.5564784055789067,0.7604540023894863,0.6724137931034483
20,8,124,58,0.6145067519763758,0.7538829151732378,0.8275862068965517
20,8,125,58,0.6148640337596012,0.8004778972520908,0.7586206896551724
20,8,126,58,0.3948258891987434,0.6732377538829152,0.6724137931034483
20,8,127,58,0.42909437697181707,0.6851851851851852,0.7413793103448276
20,8,128,58,0.6610988067604359,0.8285543608124253,0.8103448275862069
20,8,129,58,0.48767207619401864,0.7281959378733572,0.7931034482758621
20,8,130,58,0.6064139051291674,0.7992831541218638,0.7931034482758621
20,8,131,58,0.6045066529545614,0.7759856630824373,0.7413793103448276
20,8,132,58,0.42901965609523524,0.6236559139784946,0.6379310344827587
20,8,133,58,0.5621164352673502,0.7783751493428913,0.7413793103448276
20,8,134,58,0.46462409275090144,0.7275985663082438,0.6724137931034483
20,8,135,58,0.5257928573625766,0.7467144563918757,0.6724137931034483
20,8,136,58,0.5345535651311084,0.7078853046594982,0.6896551724137931
20,8,137,58,0.6843238590662443,0.8166069295101552,0.7241379310344828
20,8,138,58,0.4468814893629287,0.6547192353643966,0.7068965517241379
20,8,139,58,0.47477544011635414,0.6535244922341696,0.6379310344827587
20,8,140,58,0.5669901718682857,0.8148148148148148,0.7586206896551724
20,8,141,58,0.4274705841665353,0.6768219832735962,0.6724137931034483
20,8,142,58,0.4582942402787163,0.669653524492234,0.7068965517241379
20,8,143,58,0.656586479139088,0.8458781362007168,0.7758620689655172
20,8,144,58,0.30247008520717344,0.6511350059737157,0.6551724137931034
20,8,145,58,0.5788947506721608,0.7234169653524493,0.7586206896551724
20,8,146,58,0.6989171259692143,0.7956989247311828,0.7931034482758621
20,8,147,58,0.5728040359352945,0.7622461170848267,0.8275862068965517
20,8,148,58,0.4601565744888067,0.7186379928315412,0.6551724137931034
20,8,149,58,0.48675669947850636,0.7371565113500598,0.6896551724137931
20,8,150,58,0.5061293553031092,0.7281959378733571,0.7068965517241379
20,8,151,58,0.46869184084350396,0.7090800477897252,0.7068965517241379
20,8,152,58,0.45137970368755137,0.6594982078853046,0.6724137931034483
20,8,153,58,0.45850957520165564,0.7413381123058542,0.7758620689655172
20,8,154,58,0.45957211196355185,0.6792114695340501,0.6896551724137931
20,8,155,58,0.5558324107465598,0.7162485065710872,0.7068965517241379
20,8,156,58,0.5839755143168371,0.7473118279569892,0.7413793103448276
20,8,157,58,0.5987449246096098,0.7909199522102749,0.7931034482758621
20,8,158,58,0.578187243404747,0.7789725209080047,0.7068965517241379
20,8,159,58,0.5242548217416716,0.7132616487455197,0.7241379310344828
20,8,160,58,0.4459278632756257,0.7634408602150538,0.7068965517241379
20,8,161,58,0.47083070587109266,0.7389486260454002,0.7758620689655172
20,8,162,58,0.5614963415286808,0.7371565113500597,0.7068965517241379
20,8,163,58,0.7395296615606258,0.8608124253285543,0.8793103448275862
20,8,164,58,0.5069521350989709,0.7359617682198327,0.7068965517241379
20,8,165,58,0.7241994524593192,0.8279569892473118,0.7586206896551724
20,8,166,58,0.587723210922063,0.8058542413381123,0.7758620689655172
20,8,167,58,0.6874413604180745,0.8231780167264038,0.7586206896551724
20,8,168,58,0.6778639107427744,0.7724014336917563,0.7586206896551724
20,8,169,58,0.5133655295456644,0.6738351254480286,0.7241379310344828
20,8,170,58,0.4659776057329618,0.6989247311827957,0.6379310344827587
20,8,171,58,0.46813812247023123,0.6851851851851851,0.7413793103448276
20,8,172,58,0.5670383763631076,0.7485065710872162,0.6551724137931034
20,8,173,58,0.5993262009022273,0.7831541218637993,0.6551724137931034
20,8,174,58,0.5560084286306024,0.7807646356033453,0.7931034482758621
20,8,175,58,0.5438269991568696,0.7622461170848267,0.7413793103448276
20,8,176,58,0.5561178195568958,0.7724014336917563,0.7586206896551724
20,8,177,58,0.46907731829532806,0.6744324970131421,0.6551724137931034
20,8,178,58,0.7260366682406499,0.8434886499402627,0.7931034482758621
20,8,179,58,0.45924080248134314,0.7258064516129032,0.7586206896551724
20,8,180,58,0.5837909358473697,0.7939068100358422,0.7241379310344828
20,8,181,58,0.5254625713896515,0.7747909199522103,0.6896551724137931
20,8,182,58,0.3887966040968382,0.6995221027479093,0.6896551724137931
20,8,183,58,0.5956595967913131,0.7616487455197132,0.7586206896551724
20,8,184,58,0.4946167099670117,0.6917562724014337,0.6551724137931034
20,8,185,58,0.6680817702375154,0.8841099163679809,0.7241379310344828
20,8,186,58,0.5689061156869155,0.7270011947431303,0.7241379310344828
20,8,187,58,0.5781127438285619,0.7974910394265233,0.8275862068965517
20,8,188,58,0.6934814053178265,0.8506571087216249,0.7931034482758621
20,8,189,58,0.5007767443614729,0.7120669056152927,0.7241379310344828
20,8,190,58,0.6444875110715133,0.7998805256869772,0.7586206896551724
20,8,191,58,0.5326299276204083,0.7401433691756272,0.7241379310344828
20,8,192,58,0.5837242568018982,0.7622461170848268,0.6206896551724138
20,8,193,58,0.6019411520116712,0.7228195937873356,0.7241379310344828
20,8,194,58,0.5830654470561678,0.8052568697729987,0.7931034482758621
20,8,195,58,0.6357316435448646,0.8219832735961767,0.7068965517241379
20,8,196,58,0.5384520735905574,0.7222222222222222,0.7413793103448276
20,8,197,58,0.5142197959792605,0.7246117084826762,0.7068965517241379
20,8,198,58,0.4343720200559846,0.6798088410991636,0.7068965517241379
20,8,199,58,0.36760747558938517,0.6774193548387096,0.7068965517241379
50,8,0,58,0.7069119320803471,0.8506571087216248,0.8103448275862069
50,8,1,58,0.6939309114399089,0.8626045400238948,0.8103448275862069
50,8,2,58,0.6522809068258021,0.7395459976105137,0.7068965517241379
50,8,3,58,0.7250607524070258,0.8279569892473118,0.8793103448275862
50,8,4,58,0.6930696114922021,0.8351254480286738,0.7758620689655172
50,8,5,58,0.6950382970869605,0.8195937873357227,0.7413793103448276
50,8,6,58,0.6420068288781569,0.7813620071684588,0.7241379310344828
50,8,7,58,0.6111230736103849,0.7753882915173238,0.7586206896551724
50,8,8,58,0.7680027069426929,0.8733572281959379,0.9137931034482759
50,8,9,58,0.678181426681842,0.7849462365591398,0.7931034482758621
50,8,10,58,0.6810114122243072,0.8422939068100359,0.7241379310344828
50,8,11,58,0.667353655910671,0.7897252090800477,0.8103448275862069
50,8,12,58,0.7815989418314929,0.8566308243727598,0.8620689655172413
50,8,13,58,0.7622812144329264,0.8470728793309438,0.7931034482758621
50,8,14,58,0.7526838721584792,0.8578255675029869,0.8275862068965517
50,8,15,58,0.7565597219231598,0.8602150537634409,0.8103448275862069
50,8,16,58,0.609031345165954,0.8004778972520907,0.7413793103448276
50,8,17,58,0.6521371334422557,0.7974910394265232,0.7586206896551724
50,8,18,58,0.6522809068258021,0.7968936678614098,0.8275862068965517
50,8,19,58,0.6393614076102003,0.8016726403823178,0.7758620689655172
50,8,20,58,0.7187855670737335,0.8434886499402628,0.8103448275862069
50,8,21,58,0.6920237472699868,0.7813620071684587,0.8793103448275862
50,8,22,58,0.6597249992309823,0.8458781362007168,0.8103448275862069
50,8,23,58,0.7274600879756375,0.8793309438470729,0.7068965517241379
50,8,24,58,0.6820572764465227,0.7813620071684587,0.7758620689655172
50,8,25,58,0.6898704974007198,0.8148148148148149,0.8103448275862069
50,8,26,58,0.6583715278845859,0.7956989247311829,0.7931034482758621
50,8,27,58,0.6536343781721986,0.7909199522102748,0.7413793103448276
50,8,28,58,0.7297979021194131,0.8100358422939068,0.7758620689655172
50,8,29,58,0.6276723368913224,0.7933094384707288,0.7586206896551724
50,8,30,58,0.5846688609308192,0.7252090800477898,0.7758620689655172
50,8,31,58,0.6623190858559059,0.8040621266427718,0.7758620689655172
50,8,32,58,0.7395182872435326,0.8685782556750299,0.8275862068965517
50,8,33,58,0.70783475345289,0.8172043010752688,0.8103448275862069
50,8,34,58,0.7089421390999416,0.8016726403823178,0.7413793103448276
50,8,35,58,0.7449936940539544,0.8566308243727598,0.7931034482758621
50,8,36,58,0.7119566889169153,0.8410991636798089,0.7931034482758621
50,8,37,58,0.6675382201851795,0.7933094384707288,0.7758620689655172
50,8,38,58,0.6610169491525425,0.7598566308243727,0.7586206896551724
50,8,39,58,0.6656925774400936,0.8267622461170848,0.8103448275862069
50,8,40,58,0.6703066843028086,0.8136200716845877,0.7758620689655172
50,8,41,58,0.7008828324463995,0.8685782556750299,0.7413793103448276
50,8,42,58,0.7341659232827833,0.8231780167264038,0.8448275862068966
50,8,43,58,0.7449936940539544,0.8757467144563919,0.8620689655172413
50,8,44,58,0.679719462302747,0.7945041816009558,0.7931034482758621
50,8,45,58,0.6558491494663017,0.7956989247311828,0.8275862068965517
50,8,46,58,0.7795687348118984,0.8160095579450418,0.8103448275862069
50,8,47,58,0.6049494748243113,0.7980884109916369,0.7758620689655172
50,8,48,58,0.6652619274662401,0.8363201911589009,0.7758620689655172
50,8,49,58,0.689009197453013,0.8148148148148148,0.7413793103448276
50,8,50,58,0.7617084763347705,0.8984468339307049,0.7413793103448276
50,8,51,58,0.691470054446461,0.8422939068100358,0.8103448275862069
50,8,52,58,0.6458826786428374,0.7347670250896058,0.7758620689655172
50,8,53,58,0.6562384646884919,0.8076463560334528,0.8275862068965517
50,8,54,58,0.7376726444984467,0.8172043010752688,0.7931034482758621
50,8,55,58,0.702831567211729,0.8542413381123058,0.8793103448275862
50,8,56,58,0.6757820911132303,0.8243727598566308,0.7931034482758621
50,8,57,58,0.6827955335445569,0.7897252090800477,0.8103448275862069
50,8,58,58,0.7294902949952321,0.8399044205495818,0.8275862068965517
50,8,59,58,0.7553908148512721,0.8339307048984468,0.8103448275862069
50,8,60,58,0.5773478113753115,0.7359617682198327,0.7068965517241379
50,8,61,58,0.6416992217539759,0.7921146953405018,0.7931034482758621
50,8,62,58,0.65344981389769,0.7789725209080047,0.7068965517241379
50,8,63,58,0.6666153988126365,0.7741935483870968,0.7241379310344828
50,8,64,58,0.7666492355962965,0.8960573476702509,0.8275862068965517
50,8,65,58,0.7529914792826602,0.8673835125448028,0.8448275862068966
50,8,66,58,0.7304243506408661,0.8685782556750299,0.8448275862068966
50,8,67,58,0.7150327601587254,0.8076463560334527,0.8103448275862069
50,8,68,58,0.8166046325632902,0.9115890083632019,0.8620689655172413
50,8,69,58,0.66704604878649,0.7837514934289128,0.7758620689655172
50,8,70,58,0.6035559383555323,0.7299880525686977,0.7241379310344828
50,8,71,58,0.7203851241194748,0.8100358422939069,0.8448275862068966
50,8,72,58,0.7764311421452522,0.8518518518518519,0.7758620689655172
50,8,73,58,0.7054969393091145,0.8291517323775388,0.8448275862068966
50,8,74,58,0.7847365344981391,0.8876941457586619,0.7931034482758621
50,8,75,58,0.750161493740195,0.8888888888888888,0.8793103448275862
50,8,76,58,0.6731981912701099,0.7741935483870968,0.7758620689655172
50,8,77,58,0.7207542526684919,0.8769414575866189,0.8275862068965517
50,8,78,58,0.7222307668645607,0.8172043010752688,0.8103448275862069
50,8,79,58,0.80916054015811,0.8817204301075269,0.8275862068965517
50,8,80,58,0.7005752253222185,0.7968936678614098,0.7931034482758621
50,8,81,58,0.7742163708511489,0.8888888888888888,0.7931034482758621
50,8,82,58,0.7030360823156665,0.8279569892473118,0.8275862068965517
50,8,83,58,0.724814666707681,0.8482676224611708,0.7758620689655172
50,8,84,58,0.7467162939493679,0.8506571087216248,0.8620689655172413
50,8,85,58,0.6959611184595036,0.8231780167264038,0.7586206896551724
50,8,86,58,0.7185394813743886,0.8673835125448028,0.8103448275862069
50,8,87,58,0.7558214648251255,0.8088410991636797,0.8103448275862069
50,8,88,58,0.7063582392568213,0.8470728793309438,0.8448275862068966
50,8,89,58,0.6583100064597496,0.7956989247311828,0.8448275862068966
50,8,90,58,0.7206927312436557,0.7945041816009557,0.7931034482758621
50,8,91,58,0.5964809744993694,0.8028673835125448,0.7758620689655172
50,8,92,58,0.7294902949952321,0.8422939068100358,0.8103448275862069
50,8,93,58,0.5628287551139685,0.7168458781362007,0.7241379310344828
50,8,94,58,0.7119676393170286,0.8291517323775388,0.7931034482758621
50,8,95,58,0.7365652588513951,0.8554360812425328,0.8793103448275862
50,8,96,58,0.7322587591128611,0.8136200716845877,0.7931034482758621
50,8,97,58,0.7148899519433028,0.8345280764635603,0.7931034482758621
50,8,98,58,0.790581069857578,0.8363201911589008,0.8275862068965517
50,8,99,58,0.6864252976098927,0.8745519713261648,0.8103448275862069
50,8,100,58,0.69116244732228,0.8315412186379929,0.8620689655172413
50,8,101,58,0.6042941954535668,0.8064516129032259,0.7068965517241379
50,8,102,58,0.6381925005383126,0.7741935483870968,0.8103448275862069
50,8,103,58,0.7488080223937987,0.8434886499402628,0.7758620689655172
50,8,104,58,0.7446975407313003,0.8357228195937874,0.7758620689655172
50,8,105,58,0.7058660678581318,0.7885304659498208,0.8275862068965517
50,8,106,58,0.7042665108123904,0.8554360812425328,0.8448275862068966
50,8,107,58,0.7083884462764158,0.8399044205495819,0.8103448275862069
50,8,108,58,0.7391912885196888,0.8369175627240143,0.7931034482758621
50,8,109,58,0.648835707034975,0.8279569892473118,0.8448275862068966
50,8,110,58,0.811559875726722,0.908004778972521,0.8448275862068966
50,8,111,58,0.6962072041588484,0.8219832735961768,0.7758620689655172
50,8,112,58,0.6186382023894907,0.7395459976105138,0.7413793103448276
50,8,113,58,0.7016826109692701,0.8458781362007168,0.8275862068965517
50,8,114,58,0.620720415884832,0.7479091995221028,0.7068965517241379
50,8,115,58,0.7265372666030947,0.8721624850657108,0.7413793103448276
50,8,116,58,0.7016826109692701,0.8064516129032258,0.8275862068965517
50,8,117,58,0.667661263034852,0.7861409796893668,0.7413793103448276
50,8,118,58,0.73451558831765,0.8363201911589008,0.7758620689655172
50,8,119,58,0.7238303239103019,0.8219832735961767,0.7931034482758621
50,8,120,58,0.6743774705874797,0.8064516129032258,0.8275862068965517
50,8,121,58,0.6734442769694547,0.8040621266427718,0.7758620689655172
50,8,122,58,0.7459587493384292,0.8602150537634409,0.8275862068965517
50,8,123,58,0.7523147436094622,0.8709677419354838,0.8448275862068966
50,8,124,58,0.6788581623550403,0.8255675029868579,0.7931034482758621
50,8,125,58,0.7570020149471919,0.8440860215053764,0.8103448275862069
50,8,126,58,0.7324853500720279,0.8470728793309438,0.8275862068965517
50,8,127,58,0.4757144175459105,0.7287933094384706,0.6206896551724138
50,8,128,58,0.7346580946814729,0.8422939068100359,0.8103448275862069
50,8,129,58,0.7611738287858748,0.8506571087216248,0.896551724137931
50,8,130,58,0.7340428804331108,0.8554360812425328,0.8275862068965517
50,8,131,58,0.798332769386939,0.8637992831541218,0.8448275862068966
50,8,132,58,0.6567719708388448,0.8052568697729988,0.8620689655172413
50,8,133,58,0.731274416315482,0.8387096774193549,0.8275862068965517
50,8,134,58,0.6924543972438403,0.7825567502986858,0.7931034482758621
50,8,135,58,0.728198345073672,0.8064516129032259,0.8275862068965517
50,8,136,58,0.656218278015319,0.8518518518518519,0.8275862068965517
50,8,137,58,0.7054969393091145,0.8410991636798087,0.7931034482758621
50,8,138,58,0.7675531015873189,0.8494623655913978,0.8103448275862069
50,8,139,58,0.6899733916561224,0.8363201911589009,0.8103448275862069
50,8,140,58,0.7095573533483037,0.8781362007168458,0.8793103448275862
50,8,141,58,0.6767049124857731,0.8470728793309439,0.8448275862068966
50,8,142,58,0.7046971607862439,0.8315412186379929,0.8793103448275862
50,8,143,58,0.742409794210834,0.8769414575866188,0.896551724137931
50,8,144,58,0.8161124611646006,0.9044205495818399,0.8448275862068966
50,8,145,58,0.7613583930603833,0.8446833930704898,0.8448275862068966
50,8,146,58,0.721738595465871,0.7968936678614098,0.8275862068965517
50,8,147,58,0.677873819557661,0.8172043010752688,0.7241379310344828
50,8,148,58,0.7474545510474024,0.8363201911589009,0.7068965517241379
50,8,149,58,0.7091267033744502,0.8148148148148149,0.8103448275862069
50,8,150,58,0.7082038820019072,0.8207885304659498,0.7413793103448276
50,8,151,58,0.815620289765911,0.9044205495818399,0.896551724137931
50,8,152,58,0.7478351816563527,0.8787335722819594,0.8103448275862069
50,8,153,58,0.7690722287384326,0.8530465949820788,0.7758620689655172
50,8,154,58,0.6354855578455197,0.7945041816009558,0.8103448275862069
50,8,155,58,0.6679688701590331,0.8004778972520907,0.8103448275862069
50,8,156,58,0.590144267741241,0.7395459976105138,0.8275862068965517
50,8,157,58,0.7431480513088684,0.8399044205495818,0.8275862068965517
50,8,158,58,0.6923928758190041,0.7777777777777778,0.7586206896551724
50,8,159,58,0.708142360577071,0.7933094384707289,0.7931034482758621
50,8,160,58,0.7168784029038113,0.7956989247311828,0.7758620689655172
50,8,161,58,0.6493278784336646,0.7610513739545998,0.8275862068965517
50,8,162,58,0.6055246239502907,0.7789725209080048,0.8620689655172413
50,8,163,58,0.6880863760804702,0.8100358422939068,0.8103448275862069
50,8,164,58,0.7150942815835615,0.8207885304659498,0.7586206896551724
50,8,165,58,0.7225998954135778,0.8518518518518519,0.8793103448275862
50,8,166,58,0.6792888123288935,0.8148148148148148,0.8448275862068966
50,8,167,58,0.6650158417668953,0.8195937873357227,0.7758620689655172
50,8,168,58,0.6414531360546311,0.7753882915173239,0.7758620689655172
50,8,169,58,0.5839306038327848,0.6893667861409797,0.7068965517241379
50,8,170,58,0.646990064289889,0.7395459976105138,0.7241379310344828
50,8,171,58,0.7991325479098096,0.8195937873357229,0.7758620689655172
50,8,172,58,0.6157987018979361,0.7323775388291517,0.6724137931034483
50,8,173,58,0.6994063182503307,0.8219832735961768,0.7758620689655172
50,8,174,58,0.7038774475200799,0.8339307048984468,0.8448275862068966
50,8,175,58,0.6604632563290167,0.7718040621266428,0.7586206896551724
50,8,176,58,0.7024823894921407,0.8148148148148149,0.8448275862068966
50,8,177,58,0.6422529145775017,0.7825567502986857,0.7758620689655172
50,8,178,58,0.7400104586422223,0.8494623655913978,0.8448275862068966
50,8,179,58,0.7838137131255961,0.8757467144563919,0.7758620689655172
50,8,180,58,0.7224153311390693,0.8327359617682197,0.8793103448275862
50,8,181,58,0.8065582848516955,0.9169653524492234,0.8448275862068966
50,8,182,58,0.6932955996944131,0.8315412186379928,0.8275862068965517
50,8,183,58,0.7351502660801624,0.8661887694145758,0.8103448275862069
50,8,184,58,0.6667999630871452,0.8183990442054958,0.8103448275862069
50,8,185,58,0.7593897074656251,0.8614097968936678,0.8620689655172413
50,8,186,58,0.7478852010212558,0.8422939068100358,0.8275862068965517
50,8,187,58,0.6058937524993079,0.7682198327359617,0.7586206896551724
50,8,188,58,0.6314866652311668,0.7311827956989247,0.7068965517241379
50,8,189,58,0.7168279066323059,0.8010752688172043,0.8793103448275862
50,8,190,58,0.6714755913746964,0.7909199522102748,0.7931034482758621
50,8,191,58,0.7678796640930204,0.8733572281959379,0.8620689655172413
50,8,192,58,0.7018056538189426,0.8231780167264039,0.7758620689655172
50,8,193,58,0.6903011473745733,0.8494623655913978,0.8793103448275862
50,8,194,58,0.7544679934787291,0.8399044205495818,0.7586206896551724
50,8,195,58,0.7279019334266084,0.8506571087216248,0.8793103448275862
50,8,196,58,0.7691716140145807,0.8482676224611708,0.8793103448275862
50,8,197,58,0.7184779599495525,0.7921146953405018,0.8103448275862069
50,8,198,58,0.7605586145375127,0.8422939068100358,0.8620689655172413
50,8,199,58,0.6622268022992868,0.8482676224611708,0.7758620689655172
100,8,0,58,0.8207265680273156,0.945041816009558,0.9310344827586207
100,8,1,58,0.7693561782890893,0.8375149342891278,0.7931034482758621
100,8,2,58,0.7704020425113046,0.8602150537634409,0.8448275862068966
100,8,3,58,0.7998092835830078,0.8458781362007168,0.8620689655172413
100,8,4,58,0.7924882340275002,0.8566308243727598,0.8103448275862069
100,8,5,58,0.79427235534775,0.8482676224611708,0.8620689655172413
100,8,6,58,0.81094466147836,0.8829151732377538,0.896551724137931
100,8,7,58,0.8053462118182658,0.8888888888888888,0.896551724137931
100,8,8,58,0.7935956196745518,0.8793309438470728,0.8103448275862069
100,8,9,58,0.7665877141714602,0.8542413381123058,0.8620689655172413
100,8,10,58,0.8168507182626351,0.8960573476702509,0.896551724137931
100,8,11,58,0.7599434002891508,0.8303464755077659,0.8620689655172413
100,8,12,58,0.7486849795441263,0.8231780167264038,0.7931034482758621
100,8,13,58,0.8163585468639454,0.8948626045400239,0.896551724137931
100,8,14,58,0.7635116429296503,0.8685782556750299,0.8275862068965517
100,8,15,58,0.8517948875695962,0.9247311827956989,0.896551724137931
100,8,16,58,0.7795687348118984,0.8685782556750299,0.9137931034482759
100,8,17,58,0.7672029284198223,0.8315412186379928,0.8275862068965517
100,8,18,58,0.7307822449167924,0.8422939068100359,0.8103448275862069
100,8,19,58,0.7525608293088069,0.8829151732377538,0.9137931034482759
100,8,20,58,0.7715709495831924,0.8458781362007168,0.896551724137931
100,8,21,58,0.7937186625242242,0.8590203106332138,0.8448275862068966
100,8,22,58,0.7515149650865914,0.8637992831541218,0.8620689655172413
100,8,23,58,0.788427819988311,0.8685782556750298,0.8620689655172413
100,8,24,58,0.7929804054261897,0.8757467144563917,0.896551724137931
100,8,25,58,0.8252176320403581,0.8960573476702509,0.8620689655172413
100,8,26,58,0.7612968716355472,0.8470728793309439,0.7758620689655172
100,8,27,58,0.8076840259620415,0.8769414575866188,0.8448275862068966
100,8,28,58,0.7740933280014766,0.8661887694145758,0.8448275862068966
100,8,29,58,0.8443507951644161,0.9115890083632019,0.9310344827586207
100,8,30,58,0.7716939924328649,0.8637992831541218,0.8448275862068966
100,8,31,58,0.7855363130210097,0.8697729988052568,0.8275862068965517
100,8,32,58,0.75785167184472,0.8434886499402628,0.8793103448275862
100,8,33,58,0.7507151865637208,0.8590203106332138,0.8793103448275862
100,8,34,58,0.7863360915438803,0.8554360812425328,0.8620689655172413
100,8,35,58,0.7051893321849335,0.7956989247311828,0.8103448275862069
100,8,36,58,0.788735427112492,0.8781362007168458,0.8620689655172413
100,8,37,58,0.833215417269064,0.8948626045400239,0.8793103448275862
100,8,38,58,0.7791380848380449,0.8697729988052569,0.8620689655172413
100,8,39,58,0.7345965732566367,0.8267622461170848,0.8620689655172413
100,8,40,58,0.7566827647728321,0.8697729988052568,0.8448275862068966
100,8,41,58,0.7380417730474639,0.8160095579450418,0.8103448275862069
100,8,42,58,0.7966101694915255,0.8709677419354839,0.896551724137931
100,8,43,58,0.7954412624196376,0.8769414575866188,0.9137931034482759
100,8,44,58,0.7697253068381065,0.8446833930704898,0.8620689655172413
100,8,45,58,0.8142668184195148,0.8853046594982079,0.9482758620689655
100,8,46,58,0.8126672613737734,0.9091995221027479,0.9137931034482759
100,8,47,58,0.7357654803285244,0.8351254480286738,0.8103448275862069
100,8,48,58,0.7876895628902766,0.8709677419354838,0.896551724137931
100,8,49,58,0.7249377095573534,0.8112305854241338,0.7586206896551724
100,8,50,58,0.7078962748777262,0.8052568697729987,0.7758620689655172
100,8,51,58,0.783444584576579,0.8709677419354839,0.8793103448275862
100,8,52,58,0.7603740502630042,0.8602150537634409,0.8448275862068966
100,8,53,58,0.7564366790734873,0.8578255675029869,0.8103448275862069
100,8,54,58,0.7548371220277462,0.8793309438470729,0.8620689655172413
100,8,55,58,0.7931034482758621,0.8637992831541218,0.8448275862068966
100,8,56,58,0.7789535205635364,0.8339307048984468,0.8448275862068966
100,8,57,58,0.771755513857701,0.8243727598566308,0.8275862068965517
100,8,58,58,0.8284167461318405,0.8900836320191159,0.9137931034482759
100,8,59,58,0.7926727983020088,0.8697729988052569,0.8620689655172413
100,8,60,58,0.829155003229875,0.9103942652329748,0.896551724137931
100,8,61,58,0.8460118736349935,0.9020310633213858,0.8793103448275862
100,8,62,58,0.7753237564982005,0.8375149342891277,0.7586206896551724
100,8,63,58,0.7608662216616938,0.8578255675029869,0.8620689655172413
100,8,64,58,0.7049432464855887,0.8279569892473119,0.8103448275862069
100,8,65,58,0.8549940016610785,0.8876941457586619,0.9310344827586207
100,8,66,58,0.7294287735703959,0.8124253285543608,0.8275862068965517
100,8,67,58,0.7314589805899906,0.8112305854241337,0.8275862068965517
100,8,68,58,0.7067888892306746,0.8160095579450417,0.8103448275862069
100,8,69,58,0.7850441416223201,0.8841099163679809,0.8620689655172413
100,8,70,58,0.7575440647205389,0.8578255675029868,0.8793103448275862
100,8,71,58,0.7843674059491218,0.8709677419354839,0.9310344827586207
100,8,72,58,0.7354578732043434,0.8351254480286738,0.8793103448275862
100,8,73,58,0.7811682918576395,0.8494623655913978,0.8620689655172413
100,8,74,58,0.8119905257005753,0.8805256869772998,0.8448275862068966
100,8,75,58,0.8144513826940233,0.8614097968936678,0.896551724137931
100,8,76,58,0.7980866836875943,0.8697729988052569,0.9137931034482759
100,8,77,58,0.7383493801716449,0.8434886499402628,0.8448275862068966
100,8,78,58,0.7697253068381065,0.8578255675029868,0.8448275862068966
100,8,79,58,0.788735427112492,0.8542413381123057,0.8275862068965517
100,8,80,58,0.8351841028638225,0.9223416965352449,0.9482758620689655
100,8,81,58,0.8138976898704975,0.8530465949820789,0.8620689655172413
100,8,82,58,0.821157218001169,0.8829151732377538,0.896551724137931
100,8,83,58,0.7200775169952937,0.8518518518518519,0.8448275862068966
100,8,84,58,0.8129748684979544,0.8900836320191159,0.8448275862068966
100,8,85,58,0.80916054015811,0.897252090800478,0.8448275862068966
100,8,86,58,0.7668953212956413,0.8351254480286738,0.8448275862068966
100,8,87,58,0.7338583161586023,0.8530465949820788,0.8275862068965517
100,8,88,58,0.7274600879756375,0.8124253285543608,0.8275862068965517
100,8,89,58,0.7851671844719924,0.8578255675029869,0.7931034482758621
100,8,90,58,0.7927343197268449,0.8888888888888888,0.8275862068965517
100,8,91,58,0.758159278968901,0.8422939068100358,0.8620689655172413
100,8,92,58,0.7248761881325172,0.8219832735961768,0.8103448275862069
100,8,93,58,0.7517610507859364,0.8709677419354839,0.896551724137931
100,8,94,58,0.8194346181057555,0.8936678614097968,0.8620689655172413
100,8,95,58,0.7354578732043434,0.8434886499402628,0.896551724137931
100,8,96,58,0.7853517487465009,0.8530465949820789,0.8793103448275862
100,8,97,58,0.7344735304069644,0.8148148148148149,0.7758620689655172
100,8,98,58,0.7361961303023778,0.8506571087216248,0.8793103448275862
100,8,99,58,0.7979021194130858,0.8506571087216249,0.7931034482758621
100,8,100,58,0.7509612722630656,0.8399044205495818,0.8103448275862069
100,8,101,58,0.8258328462887201,0.9139784946236559,0.9482758620689655
100,8,102,58,0.8020240548771109,0.8781362007168458,0.8620689655172413
100,8,103,58,0.7604355716878403,0.8279569892473118,0.8448275862068966
100,8,104,58,0.7655418499492449,0.899641577060932,0.8448275862068966
100,8,105,58,0.7993786336091545,0.8709677419354838,0.8620689655172413
100,8,106,58,0.7689255283152359,0.8841099163679809,0.8620689655172413
100,8,107,58,0.8027623119751455,0.8984468339307049,0.8620689655172413
100,8,108,58,0.806330554615645,0.8972520908004779,0.8620689655172413
100,8,109,58,0.8300163031775817,0.8817204301075269,0.8448275862068966
100,8,110,58,0.7512688793872466,0.8016726403823177,0.8275862068965517
100,8,111,58,0.7534836506813499,0.8351254480286738,0.8620689655172413
100,8,112,58,0.7766157064197609,0.8709677419354839,0.8793103448275862
100,8,113,58,0.7873819557660956,0.8709677419354839,0.8793103448275862
100,8,114,58,0.7891045556615092,0.8554360812425329,0.896551724137931
100,8,115,58,0.8053462118182658,0.8614097968936678,0.8620689655172413
100,8,116,58,0.6974376326555723,0.8136200716845877,0.7931034482758621
100,8,117,58,0.808176197360731,0.8566308243727598,0.8620689655172413
100,8,118,58,0.819619182380264,0.9151732377538829,0.9137931034482759
100,8,119,58,0.797040819465379,0.9008363201911589,0.8620689655172413
100,8,120,58,0.7771078778184503,0.8410991636798089,0.7931034482758621
100,8,121,58,0.7770463563936141,0.8817204301075269,0.9137931034482759
100,8,122,58,0.8179581039096867,0.8793309438470729,0.8793103448275862
100,8,123,58,0.7615429573348919,0.8375149342891278,0.8275862068965517
100,8,124,58,0.8239872035436342,0.8745519713261649,0.7931034482758621
100,8,125,58,0.8006705835307146,0.8649940262843488,0.8793103448275862
100,8,126,58,0.7980866836875943,0.8805256869772999,0.896551724137931
100,8,127,58,0.7827678489033807,0.8853046594982078,0.8620689655172413
100,8,128,58,0.761235350210711,0.8673835125448028,0.8793103448275862
100,8,129,58,0.7505921437140485,0.8661887694145759,0.8620689655172413
100,8,130,58,0.8260174105632287,0.903225806451613,0.8793103448275862
100,8,131,58,0.7624657787074349,0.8506571087216248,0.8103448275862069
100,8,132,58,0.7971638623150513,0.8745519713261649,0.8620689655172413
100,8,133,58,0.7761235350210712,0.8781362007168458,0.8275862068965517
100,8,134,58,0.8267556676612631,0.8733572281959379,0.7931034482758621
100,8,135,58,0.8188809252822297,0.9127837514934289,0.8793103448275862
100,8,136,58,0.7537297363806946,0.8649940262843488,0.7931034482758621
100,8,137,58,0.7825030377596273,0.8643966547192353,0.896551724137931
100,8,138,58,0.7171244886031561,0.8470728793309438,0.8275862068965517
100,8,139,58,0.7489310652434711,0.8530465949820789,0.8448275862068966
100,8,140,58,0.8276169676089699,0.8554360812425328,0.8448275862068966
100,8,141,58,0.8179581039096867,0.888888888888889,0.8620689655172413
100,8,142,58,0.7926112768771726,0.8781362007168458,0.8275862068965517
100,8,143,58,0.7515149650865914,0.8148148148148149,0.7586206896551724
100,8,144,58,0.830139346027254,0.9020310633213859,0.8620689655172413
100,8,145,58,0.7437632655572304,0.8458781362007168,0.8275862068965517
100,8,146,58,0.7553908148512721,0.8387096774193548,0.8275862068965517
100,8,147,58,0.7887969485373282,0.8387096774193549,0.8793103448275862
100,8,148,58,0.8433049309422007,0.9115890083632019,0.8448275862068966
100,8,149,58,0.7667107570211326,0.8434886499402627,0.8620689655172413
100,8,150,58,0.7849210987726476,0.8745519713261649,0.8620689655172413
100,8,151,58,0.8028853548248178,0.8626045400238949,0.8448275862068966
100,8,152,58,0.8346919314651328,0.899641577060932,0.896551724137931
100,8,153,58,0.7784613491648467,0.8590203106332138,0.8793103448275862
100,8,154,58,0.7872589129164232,0.8602150537634409,0.896551724137931
100,8,155,58,0.8221415607985482,0.8697729988052569,0.8620689655172413
100,8,156,58,0.7707711710603218,0.8446833930704898,0.8448275862068966
100,8,157,58,0.7814143775569843,0.8661887694145759,0.8275862068965517
100,8,158,58,0.7557599434002893,0.8745519713261649,0.8448275862068966
100,8,159,58,0.7789535205635364,0.8697729988052568,0.8793103448275862
100,8,160,58,0.808791411609093,0.8721624850657108,0.8793103448275862
100,8,161,58,0.7654188070995726,0.8482676224611708,0.8103448275862069
100,8,162,58,0.815620289765911,0.8841099163679809,0.8620689655172413
100,8,163,58,0.8106985757790152,0.8745519713261649,0.8275862068965517
100,8,164,58,0.7310283306161371,0.8494623655913978,0.8793103448275862
100,8,165,58,0.8177120182103419,0.8578255675029869,0.8448275862068966
100,8,166,58,0.7790150419883726,0.8829151732377538,0.8793103448275862
100,8,167,58,0.7898428127595436,0.8781362007168458,0.8275862068965517
100,8,168,58,0.8254021963148668,0.9080047789725209,0.896551724137931
100,8,169,58,0.8116829185763944,0.8709677419354839,0.8448275862068966
100,8,170,58,0.803254483373835,0.8829151732377538,0.8793103448275862
100,8,171,58,0.7425943584853426,0.8124253285543608,0.8448275862068966
100,8,172,58,0.8432434095173647,0.8793309438470729,0.9655172413793104
100,8,173,58,0.7491771509428159,0.854241338112306,0.8275862068965517
100,8,174,58,0.7294902949952321,0.8351254480286738,0.8448275862068966
100,8,175,58,0.8004244978313699,0.8637992831541219,0.8793103448275862
100,8,176,58,0.8569011658310007,0.9068100358422938,0.896551724137931
100,8,177,58,0.7527453935833154,0.8590203106332139,0.8448275862068966
100,8,178,58,0.7675720569688395,0.8458781362007168,0.9137931034482759
100,8,179,58,0.7315820234396629,0.8518518518518519,0.8448275862068966
100,8,180,58,0.7902119413085608,0.8422939068100358,0.8448275862068966
100,8,181,58,0.7590205789166078,0.8470728793309438,0.8275862068965517
100,8,182,58,0.8217109108246948,0.897252090800478,0.8448275862068966
100,8,183,58,0.7320126734135163,0.8219832735961768,0.8620689655172413
100,8,184,58,0.7374265587991019,0.8518518518518519,0.8793103448275862
100,8,185,58,0.7817219846811653,0.8434886499402628,0.8103448275862069
100,8,186,58,0.817465932510997,0.888888888888889,0.8620689655172413
100,8,187,58,0.8297086960534007,0.8900836320191159,0.8620689655172413
100,8,188,58,0.7836291488510875,0.8685782556750299,0.8275862068965517
100,8,189,58,0.8084222830600758,0.8757467144563919,0.8448275862068966
100,8,190,58,0.7862130486942078,0.8781362007168458,0.896551724137931
100,8,191,58,0.7547140791780739,0.7921146953405018,0.7931034482758621
100,8,192,58,0.7694176997139255,0.8482676224611708,0.8793103448275862
100,8,193,58,0.7715094281583562,0.8422939068100358,0.7931034482758621
100,8,194,58,0.7852902273216649,0.8518518518518519,0.8620689655172413
100,8,195,58,0.6976221969300809,0.8219832735961768,0.8275862068965517
100,8,196,58,0.7408102371650929,0.8219832735961767,0.7758620689655172
100,8,197,58,0.7669568427204775,0.8482676224611708,0.8103448275862069
100,8,198,58,0.7963025623673445,0.8829151732377539,0.8620689655172413
100,8,199,58,0.8105140115045065,0.8590203106332138,0.7931034482758621
20,9,0,58,0.5912516533882926,0.7670250896057348,0.7068965517241379
20,9,1,58,0.4680602354912647,0.6744324970131421,0.6724137931034483
20,9,2,58,0.5332759125167427,0.7592592592592592,0.6896551724137931
20,9,3,58,0.34576104359905535,0.5866188769414575,0.6551724137931034
20,9,4,58,0.5336758079287591,0.7234169653524493,0.8275862068965517
20,9,5,58,0.5368667138330925,0.8112305854241338,0.7586206896551724
20,9,6,58,0.5411507760149132,0.7592592592592593,0.7931034482758621
20,9,7,58,0.3957795006179223,0.7025089605734767,0.6896551724137931
20,9,8,58,0.536290508699636,0.7670250896057347,0.7758620689655172
20,9,9,58,0.5350479180698311,0.7825567502986857,0.7758620689655172
20,9,10,58,0.395865696710773,0.6726403823178017,0.6379310344827587
20,9,11,58,0.4011997235679298,0.6863799283154122,0.6379310344827587
20,9,12,58,0.4557102212034437,0.6780167264038232,0.7413793103448276
20,9,13,58,0.4738687748008244,0.7359617682198326,0.6896551724137931
20,9,14,58,0.6101267383223901,0.7927120669056154,0.7586206896551724
20,9,15,58,0.5195644151590788,0.7407407407407407,0.7586206896551724
20,9,16,58,0.6739060224047415,0.8160095579450418,0.7241379310344828
20,9,17,58,0.3545281163237645,0.6379928315412186,0.7758620689655172
20,9,18,58,0.5627845456089607,0.7311827956989247,0.6379310344827587
20,9,19,58,0.5253249255765632,0.7586618876941457,0.7586206896551724
20,9,20,58,0.4786206474517529,0.7497013142174432,0.6724137931034483
20,9,21,58,0.3899655471267994,0.6744324970131421,0.6551724137931034
20,9,22,58,0.4716595156458803,0.7192353643966547,0.7068965517241379
20,9,23,58,0.39777900843232966,0.6451612903225807,0.6724137931034483
20,9,24,58,0.49565498260165397,0.6947431302270013,0.8103448275862069
20,9,25,58,0.5504575872967747,0.7479091995221027,0.6551724137931034
20,9,26,58,0.4462253141504227,0.6875746714456392,0.8103448275862069
20,9,27,58,0.43447766724137526,0.6236559139784946,0.6896551724137931
20,9,28,58,0.5418441903791992,0.7389486260454002,0.8103448275862069
20,9,29,58,0.5171957674404732,0.6941457586618878,0.7068965517241379
20,9,30,58,0.6561255101963177,0.8154121863799284,0.7931034482758621
20,9,31,58,0.5669635320475851,0.7879330943847073,0.7586206896551724
20,9,32,58,0.5224252494166154,0.7646356033452807,0.7586206896551724
20,9,33,58,0.5774667390597438,0.7377538829151732,0.7931034482758621
20,9,34,58,0.29519341721805353,0.7096774193548386,0.7068965517241379
20,9,35,58,0.5373446538779625,0.7682198327359617,0.7586206896551724
20,9,36,58,0.3445921005690942,0.6660692951015531,0.6896551724137931
20,9,37,58,0.43167171667901755,0.6917562724014338,0.7241379310344828
20,9,38,58,0.58919974782797,0.7467144563918757,0.7931034482758621
20,9,39,58,0.2990079215672656,0.6105137395459976,0.6724137931034483
20,9,40,58,0.42998646507362953,0.7353643966547192,0.7241379310344828
20,9,41,58,0.6032854473534089,0.7497013142174432,0.8275862068965517
20,9,42,58,0.4718911025557463,0.7102747909199523,0.7241379310344828
20,9,43,58,0.48236615044849107,0.7443249701314217,0.7586206896551724
20,9,44,58,0.5779985860141349,0.7497013142174431,0.7413793103448276
20,9,45,58,0.5343917968642915,0.7258064516129032,0.7068965517241379
20,9,46,58,0.48425747955883697,0.7126642771804061,0.7068965517241379
20,9,47,58,0.5348365068134979,0.7275985663082438,0.7413793103448276
20,9,48,58,0.4207822569979535,0.6893667861409797,0.7586206896551724
20,9,49,58,0.6062600944699249,0.8626045400238949,0.7241379310344828
20,9,50,58,0.5132424866959919,0.7467144563918757,0.7413793103448276
20,9,51,58,0.2933739388615828,0.5973715651135005,0.6551724137931034
20,9,52,58,0.40129200996347525,0.7048984468339308,0.7931034482758621
20,9,53,58,0.541312907848094,0.7497013142174432,0.7068965517241379
20,9,54,58,0.5915159348190601,0.7658303464755079,0.8275862068965517
20,9,55,58,0.40217809526948606,0.6762246117084827,0.7931034482758621
20,9,56,58,0.5330605842179645,0.7395459976105138,0.6724137931034483
20,9,57,58,0.5506867435322292,0.8148148148148149,0.6896551724137931
20,9,58,58,0.5837294096908806,0.7813620071684588,0.8103448275862069
20,9,59,58,0.42991832910325306,0.7234169653524493,0.6896551724137931
20,9,60,58,0.5292932405850177,0.7712066905615292,0.6724137931034483
20,9,61,58,0.5967454167952024,0.7783751493428913,0.7413793103448276
20,9,62,58,0.3932757082654034,0.7144563918757467,0.7413793103448276
20,9,63,58,0.4437676881636986,0.7013142174432497,0.6896551724137931
20,9,64,58,0.5474205566087355,0.7765830346475507,0.7068965517241379
20,9,65,58,0.4154733527456264,0.6463560334528076,0.7758620689655172
20,9,66,58,0.41913404643559604,0.6511350059737155,0.6379310344827587
20,9,67,58,0.5938446868444691,0.7968936678614098,0.8275862068965517
20,9,68,58,0.5053220965346324,0.7694145758661888,0.7413793103448276
20,9,69,58,0.6430505164899197,0.8142174432497014,0.7068965517241379
20,9,70,58,0.5091977361828437,0.7461170848267622,0.6724137931034483
20,9,71,58,0.400227629271894,0.7168458781362007,0.7241379310344828
20,9,72,58,0.3575064983427309,0.6696535244922341,0.7068965517241379
20,9,73,58,0.5420345135193332,0.7407407407407407,0.7586206896551724
20,9,74,58,0.4260424197252472,0.7120669056152926,0.6724137931034483
20,9,75,58,0.4983081090089945,0.7108721624850657,0.7241379310344828
20,9,76,58,0.5430746756531386,0.7473118279569892,0.7931034482758621
20,9,77,58,0.4964006666067714,0.6965352449223416,0.7068965517241379
20,9,78,58,0.40047987454173234,0.6708482676224612,0.7068965517241379
20,9,79,58,0.5862647087684102,0.7586618876941458,0.6206896551724138
20,9,80,58,0.6925265700559199,0.8488649940262843,0.7931034482758621
20,9,81,58,0.6447951276583451,0.8405017921146953,0.8793103448275862
20,9,82,58,0.5811621397151557,0.8195937873357229,0.7068965517241379
20,9,83,58,0.3922973991881645,0.6696535244922341,0.6551724137931034
20,9,84,58,0.41331364606734056,0.6654719235364397,0.6724137931034483
20,9,85,58,0.46425495284670315,0.7204301075268816,0.6896551724137931
20,9,86,58,0.4042265218862469,0.6893667861409798,0.7068965517241379
20,9,87,58,0.5488802758841588,0.7801672640382318,0.8275862068965517
20,9,88,58,0.5215946846321693,0.7783751493428913,0.7758620689655172
20,9,89,58,0.5932967270249445,0.8064516129032259,0.7241379310344828
20,9,90,58,0.3473352307012342,0.6421744324970131,0.7241379310344828
20,9,91,58,0.4537959888944186,0.7102747909199522,0.7413793103448276
20,9,92,58,0.5322238297211426,0.7502986857825568,0.7068965517241379
20,9,93,58,0.4201184346547475,0.6720430107526881,0.603448275862069
20,9,94,58,0.5811274327497133,0.7473118279569891,0.7758620689655172
20,9,95,58,0.4957393801489055,0.7240143369175628,0.7758620689655172
20,9,96,58,0.5866555927471161,0.7640382317801673,0.7241379310344828
20,9,97,58,0.3388652199056551,0.6164874551971327,0.5689655172413793
20,9,98,58,0.6135814818498642,0.8225806451612903,0.8620689655172413
20,9,99,58,0.451604964908762,0.6714456391875747,0.7413793103448276
20,9,100,58,0.5761570051591249,0.8064516129032258,0.8275862068965517
20,9,101,58,0.41626036272361333,0.645758661887694,0.7068965517241379
20,9,102,58,0.4960470061992616,0.7455197132616488,0.7758620689655172
20,9,103,58,0.5529715764890231,0.7652329749103942,0.8448275862068966
20,9,104,58,0.5191257671684674,0.7401433691756273,0.7068965517241379
20,9,105,58,0.44889798058126584,0.7168458781362007,0.7068965517241379
20,9,106,58,0.44961240331350477,0.7425328554360812,0.7413793103448276
20,9,107,58,0.45733357964298543,0.7007168458781362,0.7931034482758621
20,9,108,58,0.48861818652378963,0.7437275985663082,0.7586206896551724
20,9,109,58,0.4336778641156123,0.6881720430107527,0.7241379310344828
20,9,110,58,0.41622319972930577,0.6654719235364397,0.6379310344827587
20,9,111,58,0.46963101963504317,0.7216248506571087,0.7586206896551724
20,9,112,58,0.465362372559298,0.7228195937873357,0.7241379310344828
20,9,113,58,0.4995385753563221,0.7353643966547192,0.7758620689655172
20,9,114,58,0.6192109519781368,0.7986857825567504,0.8275862068965517
20,9,115,58,0.43543127866055414,0.7335722819593787,0.7758620689655172
20,9,116,58,0.4890105665250726,0.7174432497013142,0.7586206896551724
20,9,117,58,0.6244193570128752,0.7873357228195937,0.7241379310344828
20,9,118,58,0.4430498528784222,0.6660692951015532,0.7586206896551724
20,9,119,58,0.5163036793386605,0.7467144563918757,0.7931034482758621
20,9,120,58,0.4654382141888265,0.6959378733572281,0.7241379310344828
20,9,121,58,0.5063446902260484,0.7825567502986859,0.8275862068965517
20,9,122,58,0.5166876864868191,0.7455197132616488,0.8275862068965517
20,9,123,58,0.5332000313297752,0.7353643966547192,0.7413793103448276
20,9,124,58,0.48342690199892785,0.6959378733572281,0.7413793103448276
20,9,125,58,0.5491709988003323,0.8088410991636799,0.6896551724137931
20,9,126,58,0.4941321238822003,0.7162485065710872,0.7413793103448276
20,9,127,58,0.45859480764899624,0.6923536439665471,0.7413793103448276
20,9,128,58,0.5783588408833499,0.7819593787335724,0.7241379310344828
20,9,129,58,0.4260182111034981,0.7054958183990442,0.6896551724137931
20,9,130,58,0.44275255342715336,0.7060931899641576,0.7931034482758621
20,9,131,58,0.4679227875472919,0.7437275985663083,0.8103448275862069
20,9,132,58,0.46217737805505155,0.7580645161290323,0.7068965517241379
20,9,133,58,0.5108051993440788,0.7186379928315412,0.7586206896551724
20,9,134,58,0.5752649307784727,0.8076463560334527,0.7586206896551724
20,9,135,58,0.5663703213106732,0.7419354838709677,0.7931034482758621
20,9,136,58,0.5838652624842284,0.7688172043010753,0.7931034482758621
20,9,137,58,0.503176388451596,0.7658303464755077,0.7931034482758621
20,9,138,58,0.3836404473991312,0.6385902031063321,0.7068965517241379
20,9,139,58,0.5799495511541807,0.7449223416965353,0.7931034482758621
20,9,140,58,0.340880426399629,0.5890083632019115,0.7068965517241379
20,9,141,58,0.5771502402140104,0.7514934289127838,0.7758620689655172
20,9,142,58,0.4661457541046456,0.7072879330943848,0.8103448275862069
20,9,143,58,0.5380095410679202,0.7508960573476703,0.7758620689655172
20,9,144,58,0.49840039398504404,0.7305854241338112,0.8448275862068966
20,9,145,58,0.49743148051308866,0.6941457586618877,0.7068965517241379
20,9,146,58,0.5247096829395935,0.7771804062126643,0.6896551724137931
20,9,147,58,0.41314712848749585,0.6666666666666667,0.6551724137931034
20,9,148,58,0.5470960996805337,0.7443249701314217,0.8275862068965517
20,9,149,58,0.5639140533143128,0.7353643966547192,0.6896551724137931
20,9,150,58,0.44559633394085607,0.7031063321385902,0.6896551724137931
20,9,151,58,0.575994340028915,0.7980884109916367,0.7241379310344828
20,9,152,58,0.6416992217539759,0.8446833930704899,0.7413793103448276
20,9,153,58,0.5868709243578984,0.8052568697729988,0.6724137931034483
20,9,154,58,0.3988864281449245,0.6905615292712067,0.8103448275862069
20,9,155,58,0.5402079639077162,0.7807646356033453,0.8275862068965517
20,9,156,58,0.449373222042656,0.7102747909199522,0.6379310344827587
20,9,157,58,0.5356384788800956,0.6983273596176821,0.7758620689655172
20,9,158,58,0.5061753080562413,0.7646356033452807,0.7068965517241379
20,9,159,58,0.45503345430277703,0.7198327359617682,0.6896551724137931
20,9,160,58,0.5819490589685881,0.7640382317801673,0.7758620689655172
20,9,161,58,0.5254949025738931,0.8183990442054958,0.7758620689655172
20,9,162,58,0.5119741603543211,0.7299880525686976,0.7758620689655172
20,9,163,58,0.40780103670018786,0.7174432497013141,0.7241379310344828
20,9,164,58,0.5746543016087298,0.7729988052568697,0.7413793103448276
20,9,165,58,0.5648542650018653,0.7299880525686977,0.7413793103448276
20,9,166,58,0.4586185152118202,0.7335722819593786,0.6896551724137931
20,9,167,58,0.571933925989726,0.7610513739545997,0.7758620689655172
20,9,168,58,0.5879475824118101,0.7771804062126643,0.7931034482758621
20,9,169,58,0.3781530701924544,0.6863799283154122,0.6896551724137931
20,9,170,58,0.5092514266102143,0.7007168458781362,0.7931034482758621
20,9,171,58,0.424811972303658,0.7819593787335722,0.7758620689655172
20,9,172,58,0.49392475929742535,0.6965352449223416,0.7586206896551724
20,9,173,58,0.5805955459865276,0.7813620071684588,0.8103448275862069
20,9,174,58,0.4044173062908177,0.6666666666666666,0.6551724137931034
20,9,175,58,0.5227555870621553,0.7670250896057347,0.8103448275862069
20,9,176,58,0.5227489473701737,0.7455197132616487,0.6206896551724138
20,9,177,58,0.502430171272542,0.6983273596176822,0.7241379310344828
20,9,178,58,0.4858039312190471,0.6953405017921146,0.7413793103448276
20,9,179,58,0.5494985564532816,0.7335722819593787,0.6896551724137931
20,9,180,58,0.493709048216555,0.8028673835125448,0.7413793103448276
20,9,181,58,0.5950934406089251,0.7580645161290323,0.7241379310344828
20,9,182,58,0.4207093864670451,0.6714456391875747,0.6896551724137931
20,9,183,58,0.43795373467257576,0.7491039426523297,0.7758620689655172
20,9,184,58,0.39836960743786926,0.6923536439665472,0.7068965517241379
20,9,185,58,0.5685457208236835,0.7347670250896057,0.7586206896551724
20,9,186,58,0.5966131935430447,0.7819593787335722,0.7758620689655172
20,9,187,58,0.4730074748531176,0.7037037037037037,0.7068965517241379
20,9,188,58,0.5211947830692879,0.7401433691756272,0.7586206896551724
20,9,189,58,0.565733008917802,0.7640382317801673,0.8103448275862069
20,9,190,58,0.5815541770906302,0.7849462365591399,0.7758620689655172
20,9,191,58,0.6287278712465219,0.8064516129032259,0.7586206896551724
20,9,192,58,0.5030839042501091,0.6839904420549582,0.7758620689655172
20,9,193,58,0.5322689801952362,0.7377538829151732,0.6551724137931034
20,9,194,58,0.48766457510461075,0.6893667861409797,0.7758620689655172
20,9,195,58,0.5478259532770345,0.7508960573476703,0.7413793103448276
20,9,196,58,0.5075825156110616,0.7168458781362007,0.8275862068965517
20,9,197,58,0.45845510284574237,0.7252090800477897,0.7241379310344828
20,9,198,58,0.4196505477560777,0.6553166069295101,0.7241379310344828
20,9,199,58,0.6264515435165819,0.7610513739545997,0.7241379310344828
50,9,0,58,0.6580023993355687,0.8195937873357229,0.7758620689655172
50,9,1,58,0.612722630656126,0.7753882915173238,0.8103448275862069
50,9,2,58,0.5339136854409549,0.7228195937873357,0.7758620689655172
50,9,3,58,0.5161339936632933,0.6989247311827956,0.7586206896551724
50,9,4,58,0.6478513642375958,0.8303464755077659,0.8275862068965517
50,9,5,58,0.5769171614014581,0.7813620071684588,0.7931034482758621
50,9,6,58,0.6474207142637424,0.8160095579450418,0.8103448275862069
50,9,7,58,0.7142329816358547,0.8387096774193549,0.7931034482758621
50,9,8,58,0.6713525485250239,0.7801672640382318,0.896551724137931
50,9,9,58,0.6092868019854131,0.7532855436081243,0.7758620689655172
50,9,10,58,0.7319511519886801,0.8578255675029869,0.8620689655172413
50,9,11,58,0.6883939832046512,0.8506571087216248,0.8275862068965517
50,9,12,58,0.6314866652311668,0.7956989247311828,0.7758620689655172
50,9,13,58,0.5689808975975884,0.7694145758661888,0.7758620689655172
50,9,14,58,0.5124198287208064,0.7520908004778971,0.8103448275862069
50,9,15,58,0.658740656433603,0.8219832735961768,0.8275862068965517
50,9,16,58,0.6620012919499216,0.8076463560334528,0.8793103448275862
50,9,17,58,0.639545971884709,0.8410991636798089,0.8103448275862069
50,9,18,58,0.6217662801070474,0.8112305854241337,0.8103448275862069
50,9,19,58,0.5806699683164663,0.7443249701314217,0.7068965517241379
50,9,20,58,0.5911286105386202,0.7789725209080048,0.7931034482758621
50,9,21,58,0.6042326740287306,0.7956989247311828,0.8448275862068966
50,9,22,58,0.6629856347473008,0.8207885304659498,0.896551724137931
50,9,23,58,0.7123873388907688,0.8315412186379929,0.8103448275862069
50,9,24,58,0.5807314897413025,0.7419354838709676,0.8275862068965517
50,9,25,58,0.7128179888646221,0.8315412186379928,0.7931034482758621
50,9,26,58,0.6708603771263344,0.8363201911589009,0.8275862068965517
50,9,27,58,0.6913268838198704,0.8154121863799284,0.8448275862068966
50,9,28,58,0.5919899104863269,0.7741935483870968,0.8275862068965517
50,9,29,58,0.6558491494663017,0.8052568697729987,0.8275862068965517
50,9,30,58,0.5384662708788336,0.7335722819593786,0.7586206896551724
50,9,31,58,0.6326555723030547,0.7646356033452808,0.7931034482758621
50,9,32,58,0.6245751111986584,0.7974910394265232,0.8620689655172413
50,9,33,58,0.6452059429696392,0.8172043010752688,0.8275862068965517
50,9,34,58,0.6545571995447416,0.8136200716845878,0.8103448275862069
50,9,35,58,0.6616936848257406,0.8243727598566308,0.8793103448275862
50,9,36,58,0.6671075702113262,0.8195937873357227,0.8448275862068966
50,9,37,58,0.6483435356362853,0.8124253285543608,0.7758620689655172
50,9,38,58,0.6749207911655235,0.8399044205495818,0.896551724137931
50,9,39,58,0.5864620023149342,0.8136200716845877,0.8275862068965517
50,9,40,58,0.6357316435448646,0.7670250896057348,0.8448275862068966
50,9,41,58,0.5665902764562692,0.7688172043010753,0.8793103448275862
50,9,42,58,0.6458826786428374,0.7909199522102748,0.7931034482758621
50,9,43,58,0.5312067427481622,0.7873357228195937,0.8103448275862069
50,9,44,58,0.6698145129041189,0.8291517323775388,0.7413793103448276
50,9,45,58,0.6875942046817805,0.8399044205495818,0.896551724137931
50,9,46,58,0.614260666277031,0.8064516129032259,0.8620689655172413
50,9,47,58,0.5482873710601304,0.7132616487455197,0.7413793103448276
50,9,48,58,0.6514911485459213,0.7945041816009558,0.7758620689655172
50,9,49,58,0.7318281091390076,0.8602150537634409,0.7931034482758621
50,9,50,58,0.6337629579501062,0.8016726403823178,0.8275862068965517
50,9,51,58,0.6428681288258636,0.8100358422939068,0.7758620689655172
50,9,52,58,0.6269956012181243,0.7694145758661888,0.8448275862068966
50,9,53,58,0.6011566027869206,0.7706093189964157,0.8103448275862069
50,9,54,58,0.6907317973484266,0.8518518518518519,0.7931034482758621
50,9,55,58,0.7141099387861823,0.8243727598566308,0.7931034482758621
50,9,56,58,0.6370235934664248,0.7909199522102748,0.8620689655172413
50,9,57,58,0.6244117013750039,0.8112305854241337,0.8793103448275862
50,9,58,58,0.6588021778584393,0.8112305854241337,0.7758620689655172
50,9,59,58,0.5607985480943739,0.7897252090800478,0.7758620689655172
50,9,60,58,0.7085730105509244,0.8207885304659498,0.8620689655172413
50,9,61,58,0.6984219754529516,0.8458781362007168,0.8620689655172413
50,9,62,58,0.6808268479497986,0.8100358422939068,0.8448275862068966
50,9,63,58,0.6557876280414655,0.7550776583034647,0.8103448275862069
50,9,64,58,0.7365037374265588,0.8303464755077657,0.8103448275862069
50,9,65,58,0.6770740410347904,0.7956989247311828,0.8620689655172413
50,9,66,58,0.6244117013750039,0.7335722819593787,0.7413793103448276
50,9,67,58,0.6681534344335416,0.8339307048984467,0.7758620689655172
50,9,68,58,0.6778122981328248,0.8124253285543608,0.8620689655172413
50,9,69,58,0.6826829906832065,0.7933094384707288,0.8103448275862069
50,9,70,58,0.6841490048909533,0.8518518518518519,0.896551724137931
50,9,71,58,0.6717831984988772,0.8482676224611708,0.8793103448275862
50,9,72,58,0.6505583069303885,0.8136200716845878,0.8275862068965517
50,9,73,58,0.6020179027346274,0.7741935483870968,0.8275862068965517
50,9,74,58,0.6183210803162202,0.7538829151732376,0.7931034482758621
50,9,75,58,0.5596296410224862,0.7741935483870969,0.6896551724137931
50,9,76,58,0.6368390291919162,0.8004778972520907,0.8103448275862069
50,9,77,58,0.5985727029438002,0.7718040621266428,0.7586206896551724
50,9,78,58,0.595127503152973,0.7670250896057347,0.8620689655172413
50,9,79,58,0.6583715278845859,0.8052568697729988,0.8620689655172413
50,9,80,58,0.5906364391399305,0.7574671445639187,0.7931034482758621
50,9,81,58,0.6449598572702944,0.8076463560334528,0.9137931034482759
50,9,82,58,0.6432987787997171,0.8112305854241338,0.7586206896551724
50,9,83,58,0.6107539450613676,0.8064516129032258,0.9137931034482759
50,9,84,58,0.5278845858070074,0.7192353643966547,0.8103448275862069
50,9,85,58,0.6246577870743487,0.8100358422939068,0.7586206896551724
50,9,86,58,0.537666492355963,0.7586618876941458,0.7413793103448276
50,9,87,58,0.616413916146298,0.7741935483870968,0.8275862068965517
50,9,88,58,0.5777169399243286,0.7765830346475507,0.8448275862068966
50,9,89,58,0.6205358516103233,0.7968936678614098,0.8620689655172413
50,9,90,58,0.6678868604385969,0.7915173237753883,0.8275862068965517
50,9,91,58,0.5537851056630472,0.7741935483870968,0.8448275862068966
50,9,92,58,0.6169060875449875,0.7813620071684587,0.7413793103448276
50,9,93,58,0.5357593281860408,0.7299880525686977,0.7758620689655172
50,9,94,58,0.6253345227475469,0.7479091995221027,0.896551724137931
50,9,95,58,0.5945122889046112,0.7634408602150538,0.7758620689655172
50,9,96,58,0.625396044172383,0.7885304659498208,0.7758620689655172
50,9,97,58,0.5257313359377404,0.7359617682198327,0.8448275862068966
50,9,98,58,0.6092159094404627,0.8243727598566308,0.7586206896551724
50,9,99,58,0.5994955243163432,0.7992831541218638,0.7931034482758621
50,9,100,58,0.5935894675320681,0.7706093189964157,0.8103448275862069
50,9,101,58,0.7013750038450891,0.8458781362007168,0.8620689655172413
50,9,102,58,0.5895905749177152,0.7084826762246117,0.7758620689655172
50,9,103,58,0.690239625949737,0.8470728793309439,0.8275862068965517
50,9,104,58,0.587068196499431,0.7586618876941458,0.8448275862068966
50,9,105,58,0.6198591159371252,0.8004778972520907,0.8620689655172413
50,9,106,58,0.620412808760651,0.7729988052568698,0.8103448275862069
50,9,107,58,0.6755975268387215,0.8076463560334527,0.8103448275862069
50,9,108,58,0.603125288381679,0.7921146953405017,0.8793103448275862
50,9,109,58,0.620412808760651,0.8172043010752689,0.7931034482758621
50,9,110,58,0.6322864437540374,0.8207885304659498,0.8448275862068966
50,9,111,58,0.7728013780799164,0.8518518518518519,0.7586206896551724
50,9,112,58,0.6609348325066181,0.7956989247311828,0.7586206896551724
50,9,113,58,0.6672921344858348,0.8375149342891277,0.8103448275862069
50,9,114,58,0.581223661139992,0.7909199522102748,0.7413793103448276
50,9,115,58,0.60343289550586,0.7311827956989247,0.7413793103448276
50,9,116,58,0.7460395582761697,0.8769414575866188,0.8103448275862069
50,9,117,58,0.7162631886554494,0.8649940262843488,0.8620689655172413
50,9,118,58,0.5996893120970176,0.7317801672640382,0.7586206896551724
50,9,119,58,0.6425605217016827,0.7885304659498207,0.7931034482758621
50,9,120,58,0.7365037374265588,0.8805256869772999,0.8448275862068966
50,9,121,58,0.5766095542772771,0.7132616487455198,0.7241379310344828
50,9,122,58,0.5403734350487558,0.7299880525686977,0.7586206896551724
50,9,123,58,0.5435110277154019,0.7598566308243728,0.8448275862068966
50,9,124,58,0.6198591159371252,0.8088410991636797,0.7931034482758621
50,9,125,58,0.7698909516883383,0.8691756272401434,0.8448275862068966
50,9,126,58,0.6907933187732628,0.8410991636798089,0.8448275862068966
50,9,127,58,0.705066289335261,0.8506571087216248,0.896551724137931
50,9,128,58,0.6286566796887016,0.8160095579450418,0.8448275862068966
50,9,129,58,0.7422867513611616,0.8410991636798089,0.8793103448275862
50,9,130,58,0.6908548401980991,0.8219832735961768,0.8793103448275862
50,9,131,58,0.6687686486819034,0.8243727598566308,0.7758620689655172
50,9,132,58,0.5673813405518473,0.7562724014336917,0.7931034482758621
50,9,133,58,0.6730136269956013,0.8327359617682197,0.8620689655172413
50,9,134,58,0.7046971607862439,0.8470728793309439,0.8103448275862069
50,9,135,58,0.6122304592574365,0.7801672640382318,0.8103448275862069
50,9,136,58,0.6429911716755361,0.7885304659498208,0.896551724137931
50,9,137,58,0.7289366021717063,0.8339307048984468,0.7586206896551724
50,9,138,58,0.48358915992494383,0.7371565113500597,0.7241379310344828
50,9,139,58,0.6757820911132303,0.8172043010752688,0.8620689655172413
50,9,140,58,0.7413639299886187,0.8554360812425328,0.8448275862068966
50,9,141,58,0.5547079270355902,0.7323775388291517,0.8275862068965517
50,9,142,58,0.5999969239524149,0.7795698924731183,0.8620689655172413
50,9,143,58,0.6271801654926329,0.7849462365591398,0.8103448275862069
50,9,144,58,0.6494509212833369,0.8112305854241338,0.7758620689655172
50,9,145,58,0.5000538321338353,0.7491039426523297,0.7931034482758621
50,9,146,58,0.681565105047833,0.8028673835125448,0.7758620689655172
50,9,147,58,0.6285433041332834,0.7885304659498208,0.7931034482758621
50,9,148,58,0.6031868098065152,0.7622461170848267,0.7931034482758621
50,9,149,58,0.6489587498846474,0.8207885304659497,0.8275862068965517
50,9,150,58,0.6025715955581532,0.7945041816009557,0.7931034482758621
50,9,151,58,0.5079516441600788,0.6905615292712066,0.7758620689655172
50,9,152,58,0.6911009258974439,0.8207885304659498,0.8275862068965517
50,9,153,58,0.6826829906832065,0.8195937873357229,0.7586206896551724
50,9,154,58,0.52622350733643,0.7156511350059737,0.7586206896551724
50,9,155,58,0.5795625826694147,0.7801672640382318,0.8103448275862069
50,9,156,58,0.6934387400412194,0.8076463560334528,0.8793103448275862
50,9,157,58,0.6567719708388448,0.7945041816009558,0.8448275862068966
50,9,158,58,0.5855301608785259,0.7658303464755077,0.8275862068965517
50,9,159,58,0.5832538681595867,0.8088410991636797,0.8448275862068966
50,9,160,58,0.6099541665384971,0.7622461170848267,0.8620689655172413
50,9,161,58,0.6084776523424283,0.7933094384707289,0.7758620689655172
50,9,162,58,0.6265745882587408,0.7885304659498208,0.8448275862068966
50,9,163,58,0.6620012919499216,0.8064516129032258,0.8275862068965517
50,9,164,58,0.6483435356362853,0.7956989247311828,0.8793103448275862
50,9,165,58,0.5931588175582148,0.7371565113500597,0.8275862068965517
50,9,166,58,0.5763019471530961,0.7670250896057347,0.8448275862068966
50,9,167,58,0.6114922021594021,0.7646356033452807,0.8103448275862069
50,9,168,58,0.5925436033098527,0.7586618876941457,0.7758620689655172
50,9,169,58,0.6114306807345659,0.7741935483870968,0.8275862068965517
50,9,170,58,0.6305023224337876,0.8183990442054958,0.7758620689655172
50,9,171,58,0.6277742744947903,0.7508960573476702,0.7931034482758621
50,9,172,58,0.6304408010089514,0.7789725209080048,0.8103448275862069
50,9,173,58,0.6366334959302322,0.7783751493428913,0.896551724137931
50,9,174,58,0.6255902303214695,0.7891278375149343,0.7931034482758621
50,9,175,58,0.661396250289714,0.8333333333333334,0.8448275862068966
50,9,176,58,0.6131532806299794,0.8291517323775388,0.8448275862068966
50,9,177,58,0.6381407940216789,0.7586618876941458,0.7068965517241379
50,9,178,58,0.5267772001599558,0.7228195937873357,0.8448275862068966
50,9,179,58,0.6020794241594636,0.7801672640382318,0.7931034482758621
50,9,180,58,0.6184441231658926,0.7873357228195937,0.9310344827586207
50,9,181,58,0.6469285428650529,0.8088410991636797,0.8275862068965517
50,9,182,58,0.6325325294533822,0.8016726403823178,0.8103448275862069
50,9,183,58,0.5968501030483867,0.7383512544802867,0.7241379310344828
50,9,184,58,0.6775046910086439,0.8339307048984468,0.8448275862068966
50,9,185,58,0.6557261066166292,0.7550776583034648,0.7241379310344828
50,9,186,58,0.5525546771663232,0.6869772998805257,0.7586206896551724
50,9,187,58,0.5414808206958074,0.7861409796893668,0.7758620689655172
50,9,188,58,0.62010520163647,0.8064516129032259,0.8793103448275862
50,9,189,58,0.5201328862776462,0.7216248506571087,0.7586206896551724
50,9,190,58,0.5903288320157495,0.7980884109916367,0.8103448275862069
50,9,191,58,0.609646559414316,0.8160095579450418,0.8448275862068966
50,9,192,58,0.6194284659632718,0.7980884109916369,0.8620689655172413
50,9,193,58,0.5887690912304139,0.7825567502986858,0.8275862068965517
50,9,194,58,0.6341936079239596,0.7980884109916369,0.8275862068965517
50,9,195,58,0.6520348211264573,0.8064516129032259,0.8103448275862069
50,9,196,58,0.5300378356762744,0.7180406212664276,0.8620689655172413
50,9,197,58,0.6311175366821495,0.8112305854241337,0.8793103448275862
50,9,198,58,0.5994340028915071,0.8004778972520907,0.896551724137931
50,9,199,58,0.6027561598326617,0.7586618876941458,0.8275862068965517
100,9,0,58,0.6904857116490818,0.8231780167264038,0.8620689655172413
100,9,1,58,0.6859331262112032,0.8136200716845878,0.9310344827586207
100,9,2,58,0.675351441139377,0.7789725209080048,0.8793103448275862
100,9,3,58,0.6544341566950692,0.7873357228195937,0.8793103448275862
100,9,4,58,0.7024208680673045,0.8339307048984468,0.9310344827586207
100,9,5,58,0.689009197453013,0.8494623655913978,0.8793103448275862
100,9,6,58,0.6525885139499831,0.8040621266427718,0.8793103448275862
100,9,7,58,0.7379187301977915,0.8363201911589008,0.896551724137931
100,9,8,58,0.6923313543941679,0.7980884109916367,0.9482758620689655
100,9,9,58,0.6652004060414038,0.8004778972520907,0.8620689655172413
100,9,10,58,0.6866098618844013,0.7945041816009558,0.8448275862068966
100,9,11,58,0.7156479744070874,0.8315412186379928,0.896551724137931
100,9,12,58,0.7420406656618167,0.8637992831541218,0.8448275862068966
100,9,13,58,0.6613245562767235,0.8016726403823178,0.8448275862068966
100,9,14,58,0.7010673967209081,0.8207885304659498,0.8793103448275862
100,9,15,58,0.688947676028177,0.8052568697729988,0.8275862068965517
100,9,16,58,0.7221692454397245,0.8530465949820788,0.896551724137931
100,9,17,58,0.694546125688271,0.8279569892473119,0.8448275862068966
100,9,18,58,0.7154634101325787,0.8136200716845878,0.8620689655172413
100,9,19,58,0.7349041803808177,0.8590203106332139,0.8793103448275862
100,9,20,58,0.6946691685379435,0.8410991636798089,0.8275862068965517
100,9,21,58,0.703159125165339,0.8267622461170848,0.9137931034482759
100,9,22,58,0.667661263034852,0.8148148148148148,0.8793103448275862
100,9,23,58,0.7054354178842782,0.8124253285543609,0.8275862068965517
100,9,24,58,0.6856870405118584,0.8148148148148149,0.8620689655172413
100,9,25,58,0.7080808391522349,0.8530465949820789,0.9137931034482759
100,9,26,58,0.6458826786428374,0.7718040621266428,0.8793103448275862
100,9,27,58,0.6460672429173461,0.7933094384707288,0.8275862068965517
100,9,28,58,0.6871020332830908,0.8291517323775388,0.8620689655172413
100,9,29,58,0.7676950998185118,0.8709677419354839,0.8448275862068966
100,9,30,58,0.7038973822633733,0.8004778972520907,0.8448275862068966
100,9,31,58,0.693315697191547,0.8267622461170848,0.9310344827586207
100,9,32,58,0.6532652496231813,0.8016726403823178,0.8448275862068966
100,9,33,58,0.6450213786951307,0.7945041816009558,0.896551724137931
100,9,34,58,0.6163523947214617,0.8076463560334528,0.896551724137931
100,9,35,58,0.6974991540804085,0.8327359617682198,0.9137931034482759
100,9,36,58,0.752253222184626,0.8649940262843488,0.9655172413793104
100,9,37,58,0.6255190870220555,0.7801672640382318,0.8103448275862069
100,9,38,58,0.6786120766556955,0.8183990442054958,0.9655172413793104
100,9,39,58,0.7515149650865914,0.8626045400238949,0.8448275862068966
100,9,40,58,0.7133101602633118,0.8291517323775388,0.896551724137931
100,9,41,58,0.7200159955704575,0.8602150537634408,0.8103448275862069
100,9,42,58,0.7014365252699253,0.8315412186379928,0.8275862068965517
100,9,43,58,0.6976837183549172,0.8148148148148149,0.8793103448275862
100,9,44,58,0.669568427204774,0.8052568697729988,0.8793103448275862
100,9,45,58,0.716447752929958,0.8494623655913978,0.8448275862068966
100,9,46,58,0.6373927220154418,0.8231780167264038,0.896551724137931
100,9,47,58,0.719831431295949,0.8506571087216248,0.8620689655172413
100,9,48,58,0.6818111907471778,0.8112305854241337,0.8793103448275862
100,9,49,58,0.7029745608908303,0.8183990442054958,0.8620689655172413
100,9,50,58,0.6780583838321697,0.8028673835125447,0.8448275862068966
100,9,51,58,0.6578793564858963,0.7813620071684588,0.8793103448275862
100,9,52,58,0.680027069426928,0.8172043010752689,0.9137931034482759
100,9,53,58,0.6174597803685135,0.7909199522102748,0.8793103448275862
100,9,54,58,0.7212464240671814,0.8219832735961767,0.8103448275862069
100,9,55,58,0.7047586822110801,0.8303464755077659,0.8275862068965517
100,9,56,58,0.6423144360023378,0.8303464755077659,0.9137931034482759
100,9,57,58,0.6394844504598727,0.7825567502986858,0.8793103448275862
100,9,58,58,0.7083884462764158,0.8542413381123058,0.896551724137931
100,9,59,58,0.6440985573225876,0.7765830346475507,0.8448275862068966
100,9,60,58,0.7190316527730783,0.8255675029868578,0.8620689655172413
100,9,61,58,0.6148758805253931,0.8052568697729987,0.8620689655172413
100,9,62,58,0.7289366021717063,0.8470728793309438,0.8275862068965517
100,9,63,58,0.770525085360977,0.8817204301075269,0.896551724137931
100,9,64,58,0.6931926543418746,0.8327359617682198,0.8793103448275862
100,9,65,58,0.6372696791657695,0.7897252090800478,0.896551724137931
100,9,66,58,0.7018056538189426,0.8064516129032258,0.9137931034482759
100,9,67,58,0.7886123842628195,0.8936678614097968,0.8793103448275862
100,9,68,58,0.7276446522501463,0.8399044205495818,0.8275862068965517
100,9,69,58,0.6507428712048973,0.8088410991636799,0.9482758620689655
100,9,70,58,0.7204466455443109,0.8518518518518519,0.8620689655172413
100,9,71,58,0.684025962041281,0.8183990442054957,0.9482758620689655
100,9,72,58,0.7274600879756375,0.8530465949820789,0.896551724137931
100,9,73,58,0.7269063951521118,0.8363201911589009,0.896551724137931
100,9,74,58,0.7269063951521118,0.8566308243727598,0.8793103448275862
100,9,75,58,0.6928235257928574,0.8375149342891278,0.8620689655172413
100,9,76,58,0.7098649604724847,0.8375149342891279,0.8620689655172413
100,9,77,58,0.6987295825771326,0.8291517323775389,0.9137931034482759
100,9,78,58,0.6469285428650529,0.8136200716845878,0.8275862068965517
100,9,79,58,0.7099264818973208,0.8554360812425329,0.8620689655172413
100,9,80,58,0.7337352733089298,0.8375149342891278,0.8620689655172413
100,9,81,58,0.7195853455966041,0.8745519713261648,0.896551724137931
100,9,82,58,0.6661847488387832,0.8100358422939068,0.8793103448275862
100,9,83,58,0.6879633332307977,0.8255675029868578,0.8448275862068966
100,9,84,58,0.6455135500938203,0.7873357228195937,0.8793103448275862
100,9,85,58,0.6335783936755975,0.7706093189964158,0.8793103448275862
100,9,86,58,0.6780583838321697,0.8136200716845878,0.8793103448275862
100,9,87,58,0.6962072041588484,0.8446833930704898,0.8448275862068966
100,9,88,58,0.6396690147343813,0.7992831541218638,0.9137931034482759
100,9,89,58,0.6936233043157279,0.8088410991636799,0.896551724137931
100,9,90,58,0.7337352733089298,0.8649940262843488,0.8448275862068966
100,9,91,58,0.6600941277799994,0.7753882915173238,0.7758620689655172
100,9,92,58,0.6608323848780339,0.8136200716845878,0.8275862068965517
100,9,93,58,0.6841490048909533,0.8004778972520907,0.8793103448275862
100,9,94,58,0.7233381525116123,0.8207885304659498,0.9137931034482759
100,9,95,58,0.671055262549189,0.7992831541218638,0.8275862068965517
100,9,96,58,0.7114029960933895,0.8506571087216248,0.8275862068965517
100,9,97,58,0.7005137038973822,0.8255675029868578,0.9482758620689655
100,9,98,58,0.7437632655572304,0.8434886499402628,0.896551724137931
100,9,99,58,0.7056199821587869,0.7956989247311829,0.8793103448275862
100,9,100,58,0.670429727152481,0.8255675029868578,0.8448275862068966
100,9,101,58,0.6755360054138854,0.8160095579450419,0.9137931034482759
100,9,102,58,0.6661847488387832,0.8267622461170848,0.896551724137931
100,9,103,58,0.6672306130609985,0.8291517323775387,0.9137931034482759
100,9,104,58,0.697929804054262,0.8327359617682198,0.8620689655172413
100,9,105,58,0.6692608200805931,0.8410991636798089,0.8793103448275862
100,9,106,58,0.7253068381063706,0.8351254480286737,0.896551724137931
100,9,107,58,0.6433603002245534,0.8088410991636799,0.8620689655172413
100,9,108,58,0.640530314682088,0.7801672640382317,0.8103448275862069
100,9,109,58,0.6047248454274201,0.7586618876941458,0.8448275862068966
100,9,110,58,0.6582484850349135,0.8112305854241338,0.8793103448275862
100,9,111,58,0.7449321726291182,0.8399044205495818,0.8448275862068966
100,9,112,58,0.6560337137408102,0.8231780167264038,0.8620689655172413
100,9,113,58,0.6323479651788736,0.8040621266427718,0.7931034482758621
100,9,114,58,0.6239810514011505,0.7694145758661888,0.8793103448275862
100,9,115,58,0.6728290627210927,0.8136200716845877,0.8793103448275862
100,9,116,58,0.7086960534005968,0.8363201911589009,0.896551724137931
100,9,117,58,0.6607708634531977,0.8136200716845878,0.8620689655172413
100,9,118,58,0.6529576424990003,0.8016726403823178,0.896551724137931
100,9,119,58,0.7753237564982005,0.8841099163679809,0.8448275862068966
100,9,120,58,0.6930696114922021,0.8351254480286738,0.8793103448275862
100,9,121,58,0.7018671752437787,0.8363201911589009,0.9482758620689655
100,9,122,58,0.6508043926297334,0.8088410991636799,0.896551724137931
100,9,123,58,0.7727398566550802,0.8888888888888888,0.8793103448275862
100,9,124,58,0.6178904303423668,0.7562724014336918,0.8103448275862069
100,9,125,58,0.6997139253745118,0.8291517323775388,0.8448275862068966
100,9,126,58,0.672029284198222,0.8112305854241338,0.8793103448275862
100,9,127,58,0.7094343104986313,0.8422939068100358,0.8793103448275862
100,9,128,58,0.6847026977144791,0.8243727598566308,0.8448275862068966
100,9,129,58,0.7317050662893353,0.8399044205495818,0.9137931034482759
100,9,130,58,0.6928850472176937,0.8255675029868578,0.7758620689655172
100,9,131,58,0.6766433910609371,0.8279569892473119,0.9137931034482759
100,9,132,58,0.7216155526161987,0.8387096774193549,0.8448275862068966
100,9,133,58,0.7259220523547326,0.8482676224611708,0.9137931034482759
100,9,134,58,0.6591713064074564,0.8052568697729988,0.9310344827586207
100,9,135,58,0.7358885231781969,0.8626045400238949,0.8275862068965517
100,9,136,58,0.7307822449167924,0.8578255675029868,0.896551724137931
100,9,137,58,0.7193392598972593,0.8446833930704898,0.9137931034482759
100,9,138,58,0.6984834968777878,0.8375149342891278,0.9310344827586207
100,9,139,58,0.645759635793165,0.7825567502986858,0.8793103448275862
100,9,140,58,0.6762127410870836,0.8315412186379928,0.8448275862068966
100,9,141,58,0.7207542526684919,0.8554360812425329,0.896551724137931
100,9,142,58,0.7221692454397245,0.8422939068100359,0.8793103448275862
100,9,143,58,0.6780583838321697,0.8267622461170848,0.8448275862068966
100,9,144,58,0.693008090067366,0.8112305854241337,0.8275862068965517
100,9,145,58,0.725737488080224,0.8494623655913979,0.8620689655172413
100,9,146,58,0.7550216863022549,0.8602150537634409,0.896551724137931
100,9,147,58,0.7082654034267434,0.8482676224611708,0.8620689655172413
100,9,148,58,0.7133716816881479,0.8363201911589008,0.8793103448275862
100,9,149,58,0.705989110707804,0.8279569892473119,0.8793103448275862
100,9,150,58,0.714909717309053,0.8363201911589008,0.9137931034482759
100,9,151,58,0.6565258851394999,0.8124253285543608,0.896551724137931
100,9,152,58,0.6853794333876774,0.8303464755077659,0.8448275862068966
100,9,153,58,0.5831923467347504,0.7622461170848267,0.8103448275862069
100,9,154,58,0.7174320957273371,0.8434886499402627,0.9310344827586207
100,9,155,58,0.656218278015319,0.8243727598566307,0.8275862068965517
100,9,156,58,0.7002060967732012,0.8291517323775388,0.9310344827586207
100,9,157,58,0.6786735980805316,0.8387096774193549,0.9137931034482759
100,9,158,58,0.6644621489433696,0.8339307048984468,0.8448275862068966
100,9,159,58,0.6677022933253586,0.8225806451612904,0.8793103448275862
100,9,160,58,0.7018671752437787,0.8160095579450418,0.8448275862068966
100,9,161,58,0.6608323848780339,0.8040621266427719,0.9310344827586207
100,9,162,58,0.7020517395182874,0.8183990442054958,0.9310344827586207
100,9,163,58,0.7575440647205389,0.8721624850657109,0.8448275862068966
100,9,164,58,0.6979913254790981,0.8291517323775388,0.8103448275862069
100,9,165,58,0.722353809714233,0.8219832735961767,0.9310344827586207
100,9,166,58,0.6404072718324157,0.8112305854241338,0.896551724137931
100,9,167,58,0.6981143683287706,0.8315412186379928,0.8793103448275862
100,9,168,58,0.7192162170475869,0.8709677419354838,0.8793103448275862
100,9,169,58,0.6447137715709497,0.7777777777777778,0.7931034482758621
100,9,170,58,0.6320403580546926,0.7765830346475507,0.8793103448275862
100,9,171,58,0.6560952351656465,0.8136200716845878,0.8620689655172413
100,9,172,58,0.6541880709957244,0.8291517323775388,0.896551724137931
100,9,173,58,0.6727675412962565,0.8052568697729988,0.8793103448275862
100,9,174,58,0.7072810606293642,0.8303464755077659,0.896551724137931
100,9,175,58,0.6453905072441478,0.7992831541218638,0.8620689655172413
100,9,176,58,0.6642775846688611,0.8112305854241337,0.8793103448275862
100,9,177,58,0.7125103817404411,0.8470728793309439,0.896551724137931
100,9,178,58,0.6792888123288935,0.8028673835125448,0.8448275862068966
100,9,179,58,0.6485280999107941,0.8052568697729988,0.8793103448275862
100,9,180,58,0.6558491494663017,0.7861409796893668,0.7931034482758621
100,9,181,58,0.7703405210864684,0.854241338112306,0.8793103448275862
100,9,182,58,0.7454858654526438,0.8853046594982079,0.896551724137931
100,9,183,58,0.6848257405641516,0.8004778972520908,0.896551724137931
100,9,184,58,0.6842105263157895,0.8040621266427718,0.8103448275862069
100,9,185,58,0.6219508443815559,0.7909199522102748,0.8793103448275862
100,9,186,58,0.6599095635054909,0.8267622461170848,0.9137931034482759
100,9,187,58,0.6189362945645822,0.8195937873357229,0.8448275862068966
100,9,188,58,0.7508382294133933,0.8781362007168458,0.9137931034482759
100,9,189,58,0.713064074563967,0.8064516129032258,0.896551724137931
100,9,190,58,0.662072996371588,0.8201911589008363,0.896551724137931
100,9,191,58,0.741794579962472,0.8578255675029869,0.9137931034482759
100,9,192,58,0.7214925097665262,0.8219832735961768,0.8448275862068966
100,9,193,58,0.7106032175705189,0.8399044205495818,0.896551724137931
100,9,194,58,0.6642160632440248,0.7718040621266427,0.8103448275862069
100,9,195,58,0.6675382201851795,0.8016726403823178,0.9137931034482759
100,9,196,58,0.6976837183549172,0.8327359617682198,0.8793103448275862
100,9,197,58,0.6717216770740412,0.7968936678614098,0.8793103448275862
100,9,198,58,0.7395798086683688,0.8685782556750299,0.9137931034482759
100,9,199,58,0.6757820911132303,0.8375149342891277,0.9482758620689655
